x,y
23.625,52.0
23.625,51.9375
23.625,51.875
23.625,51.8125
23.625,51.75
23.625,51.6875
23.625,51.625
23.625,51.5625
23.625,51.5
23.625,51.4375
23.625,51.375
23.625,51.3125
23.625,51.25
23.625,51.1875
23.625,51.125
23.625,51.0625
23.625,51.0
23.625,50.9375
23.625,50.875
23.625,50.8125
23.625,50.75
23.625,50.6875
23.625,50.625
23.625,50.5625
23.625,50.5
23.625,50.4375
23.625,50.375
23.625,50.3125
23.625,50.25
23.625,50.1875
23.625,50.125
23.625,50.0625
23.625,50.0
23.625,49.9375
23.625,49.875
23.625,49.8125
23.625,49.75
23.625,49.6875
23.625,49.625
23.625,49.5625
23.625,49.5
23.625,49.4375
23.625,49.375
23.625,49.3125
23.625,49.25
23.625,49.1875
23.625,49.125
23.625,49.0625
23.625,49.0
23.625,48.9375
23.625,48.875
23.625,48.8125
23.625,48.75
23.625,48.6875
23.625,48.625
23.625,48.5625
23.625,48.5
23.625,48.4375
23.625,48.375
23.625,48.3125
23.625,48.25
23.625,48.1875
23.625,48.125
23.625,48.0625
23.625,48.0
23.625,47.9375
23.625,47.875
23.625,47.8125
23.625,47.75
23.625,47.6875
23.625,47.625
23.625,47.5625
23.625,47.5
23.625,47.4375
23.625,47.375
23.625,47.3125
23.625,47.25
23.625,47.1875
23.625,47.125
23.625,47.0625
23.625,47.0
23.625,46.9375
23.625,46.875
23.625,46.8125
23.625,46.75
23.625,46.6875
23.625,46.625
23.625,46.5625
23.625,46.5
23.625,46.4375
23.625,46.375
23.625,46.3125
23.625,46.25
23.625,46.1875
23.625,46.125
23.625,46.0625
23.625,46.0
23.625,45.9375
23.625,45.875
23.625,45.8125
23.625,45.75
23.625,45.6875
23.625,45.625
23.625,45.5625
23.625,45.5
23.625,45.4375
23.625,45.375
23.625,45.3125
23.625,45.25
23.625,45.1875
23.625,45.125
23.625,45.0625
23.625,45.0
23.625,44.9375
23.625,44.875
23.625,44.8125
23.625,44.75
23.625,44.6875
23.625,44.625
23.625,44.5625
23.625,44.5
23.625,44.4375
23.625,44.375
23.625,44.3125
23.625,44.25
23.625,44.1875
23.625,44.125
23.625,44.0625
23.625,44.0
23.625,43.9375
23.625,43.875
23.6875,43.8125
23.75,43.8125
23.8125,43.8125
23.875,43.8125
23.9375,43.8125
24.0,43.8125
24.0625,43.8125
24.125,43.8125
24.1875,43.8125
24.25,43.8125
24.3125,43.8125
24.375,43.8125
24.4375,43.8125
24.5,43.8125
24.5625,43.8125
24.625,43.8125
24.6875,43.8125
24.75,43.8125
24.8125,43.8125
24.875,43.8125
24.9375,43.8125
25.0,43.8125
25.0625,43.8125
25.125,43.8125
25.1875,43.8125
25.25,43.8125
25.3125,43.8125
25.375,43.8125
25.4375,43.8125
25.5,43.8125
25.5625,43.8125
25.625,43.8125
25.6875,43.8125
25.75,43.8125
25.8125,43.8125
25.875,43.8125
25.9375,43.8125
26.0,43.8125
26.0625,43.8125
26.125,43.8125
26.1875,43.8125
26.25,43.8125
26.3125,43.8125
26.375,43.8125
26.4375,43.8125
26.5,43.8125
26.5625,43.8125
26.625,43.8125
26.6875,43.8125
26.75,43.8125
26.8125,43.8125
26.875,43.8125
26.9375,43.8125
27.0,43.8125
27.0625,43.8125
27.125,43.8125
27.1875,43.8125
27.25,43.8125
27.3125,43.8125
27.375,43.8125
27.4375,43.8125
27.5,43.8125
27.5625,43.8125
27.625,43.8125
27.6875,43.8125
27.75,43.8125
27.8125,43.8125
27.875,43.8125
27.9375,43.8125
28.0,43.8125
28.0625,43.8125
28.125,43.8125
28.1875,43.8125
28.25,43.8125
28.3125,43.8125
28.375,43.8125
28.4375,43.8125
28.5,43.8125
28.5625,43.8125
28.625,43.8125
28.6875,43.8125
28.75,43.8125
28.8125,43.8125
28.875,43.8125
28.9375,43.8125
29.0,43.8125
29.0625,43.8125
29.125,43.8125
29.1875,43.8125
29.25,43.8125
29.3125,43.8125
29.375,43.8125
29.4375,43.8125
29.5,43.8125
29.5625,43.8125
29.625,43.8125
29.6875,43.8125
29.75,43.8125
29.8125,43.8125
29.875,43.8125
29.9375,43.8125
30.0,43.8125
30.0625,43.8125
30.125,43.8125
30.1875,43.8125
30.25,43.8125
30.3125,43.8125
30.375,43.8125
30.4375,43.8125
30.5,43.8125
30.5625,43.8125
30.625,43.8125
30.6875,43.8125
30.75,43.8125
30.8125,43.8125
30.875,43.8125
30.9375,43.8125
31.0,43.8125
31.0625,43.8125
31.125,43.8125
31.1875,43.8125
31.25,43.8125
31.3125,43.8125
31.375,43.8125
31.4375,43.8125
31.5,43.8125
31.5625,43.8125
31.625,43.8125
31.6875,43.8125
31.75,43.8125
31.8125,43.8125
31.875,43.8125
31.9375,43.8125
32.0,43.8125
32.0625,43.8125
32.125,43.8125
32.1875,43.8125
32.25,43.8125
32.3125,43.8125
32.375,43.8125
32.4375,43.8125
32.5,43.8125
32.5625,43.8125
32.625,43.8125
32.6875,43.8125
32.75,43.8125
32.8125,43.8125
32.875,43.8125
32.9375,43.8125
33.0,43.8125
33.0625,43.8125
33.125,43.8125
33.1875,43.8125
33.25,43.8125
33.3125,43.8125
33.375,43.8125
33.4375,43.8125
33.5,43.8125
33.5625,43.8125
33.625,43.8125
33.6875,43.8125
33.75,43.8125
33.8125,43.8125
33.875,43.8125
33.9375,43.8125
34.0,43.8125
34.0625,43.8125
34.125,43.8125
34.1875,43.8125
34.25,43.8125
34.3125,43.8125
34.375,43.8125
34.4375,43.8125
34.5,43.8125
34.5625,43.8125
34.625,43.8125
34.6875,43.8125
34.75,43.8125
34.8125,43.8125
34.875,43.8125
34.9375,43.8125
35.0,43.8125
35.0625,43.8125
35.125,43.8125
35.1875,43.8125
35.25,43.8125
35.3125,43.8125
35.375,43.8125
35.4375,43.8125
35.5,43.8125
35.5625,43.8125
35.625,43.8125
35.6875,43.8125
35.75,43.8125
35.8125,43.8125
35.875,43.8125
35.9375,43.8125
36.0,43.8125
36.0625,43.8125
36.125,43.8125
36.1875,43.8125
36.25,43.8125
36.3125,43.8125
36.375,43.8125
36.4375,43.8125
36.5,43.8125
36.5625,43.8125
36.625,43.8125
36.6875,43.8125
36.75,43.8125
36.8125,43.8125
36.875,43.8125
36.9375,43.8125
37.0,43.8125
37.0625,43.8125
37.125,43.8125
37.1875,43.8125
37.25,43.8125
37.3125,43.8125
37.375,43.8125
37.4375,43.8125
37.5,43.8125
37.5625,43.8125
37.625,43.8125
37.6875,43.8125
37.75,43.8125
37.8125,43.8125
37.875,43.8125
37.9375,43.8125
38.0,43.8125
38.0625,43.8125
38.125,43.8125
38.1875,43.8125
38.25,43.8125
38.3125,43.8125
38.375,43.8125
38.4375,43.8125
38.5,43.8125
38.5625,43.8125
38.625,43.8125
38.6875,43.8125
38.75,43.8125
38.8125,43.8125
38.875,43.8125
38.9375,43.8125
39.0,43.8125
39.0625,43.8125
39.125,43.8125
39.1875,43.8125
39.25,43.8125
39.3125,43.8125
39.375,43.8125
39.4375,43.8125
39.5,43.8125
39.5625,43.8125
39.625,43.8125
39.6875,43.8125
39.75,43.8125
39.8125,43.8125
39.875,43.8125
39.9375,43.8125
40.0,43.8125
40.0625,43.8125
40.125,43.8125
40.1875,43.8125
40.25,43.8125
40.3125,43.8125
40.375,43.8125
40.4375,43.8125
40.5,43.8125
40.5625,43.8125
40.625,43.8125
40.6875,43.8125
40.75,43.8125
40.8125,43.8125
40.875,43.8125
40.9375,43.8125
41.0,43.8125
41.0625,43.8125
41.125,43.8125
41.1875,43.8125
41.25,43.8125
41.3125,43.8125
41.375,43.8125
41.4375,43.8125
41.5,43.8125
41.5625,43.8125
41.625,43.8125
41.6875,43.8125
41.75,43.8125
41.8125,43.8125
41.875,43.8125
41.9375,43.8125
42.0,43.8125
42.0625,43.8125
42.125,43.8125
42.1875,43.8125
42.25,43.8125
42.3125,43.8125
42.375,43.8125
42.4375,43.8125
42.5,43.8125
42.5625,43.8125
42.625,43.8125
42.6875,43.8125
42.75,43.8125
42.8125,43.8125
42.875,43.8125
42.9375,43.8125
43.0,43.8125
43.0625,43.8125
43.125,43.8125
43.1875,43.8125
43.25,43.8125
43.3125,43.8125
43.375,43.8125
43.4375,43.8125
43.5,43.8125
43.5625,43.8125
43.625,43.8125
43.6875,43.8125
43.75,43.8125
43.8125,43.8125
43.875,43.8125
43.9375,43.8125
44.0,43.8125
44.0625,43.8125
44.125,43.8125
44.1875,43.8125
44.25,43.8125
44.3125,43.8125
44.375,43.8125
44.4375,43.8125
44.5,43.8125
44.5625,43.8125
44.625,43.8125
44.6875,43.8125
44.75,43.8125
44.8125,43.8125
44.875,43.8125
44.9375,43.8125
45.0,43.8125
45.0625,43.8125
45.125,43.8125
45.1875,43.8125
45.25,43.8125
45.3125,43.8125
45.375,43.8125
45.4375,43.8125
45.5,43.8125
45.5625,43.8125
45.625,43.8125
45.6875,43.8125
45.75,43.8125
45.8125,43.8125
45.875,43.8125
45.9375,43.8125
46.0,43.8125
46.0625,43.8125
46.125,43.8125
46.1875,43.8125
46.25,43.8125
46.3125,43.8125
46.375,43.8125
46.4375,43.8125
46.5,43.8125
46.5625,43.8125
46.625,43.8125
46.6875,43.8125
46.75,43.8125
46.8125,43.8125
46.875,43.8125
46.9375,43.8125
47.0,43.8125
47.0625,43.8125
47.125,43.8125
47.1875,43.8125
47.25,43.8125
47.3125,43.8125
47.375,43.8125
47.4375,43.875
47.5,43.875
47.5625,43.875
47.625,43.875
47.6875,43.875
47.75,43.875
47.8125,43.875
47.8125,43.8125
47.75,43.75
47.6875,43.6875
47.625,43.625
47.5625,43.5625
47.5,43.5625
47.4375,43.5
47.375,43.5
47.3125,43.5
47.25,43.5
47.1875,43.5
47.125,43.5
47.0625,43.5
47.0,43.5
46.9375,43.5
46.875,43.5
46.8125,43.5
46.75,43.5
46.6875,43.5
46.625,43.5
46.5625,43.5
46.5,43.5
46.4375,43.5
46.375,43.5
46.3125,43.5
46.25,43.5
46.1875,43.5
46.125,43.5
46.0625,43.5
46.0,43.5
45.9375,43.5
45.875,43.5
45.8125,43.5
45.75,43.5
45.6875,43.5
45.625,43.5
45.5625,43.5
45.5,43.5
45.4375,43.5
45.375,43.5
45.3125,43.5
45.25,43.5
45.1875,43.5
45.125,43.5
45.0625,43.5
45.0,43.5
44.9375,43.5
44.875,43.5
44.8125,43.5
44.75,43.5
44.6875,43.5
44.625,43.5
44.5625,43.5
44.5,43.5
44.4375,43.5
44.375,43.5
44.3125,43.5
44.25,43.5
44.1875,43.5
44.125,43.5
44.0625,43.5
44.0,43.5
43.9375,43.5
43.875,43.5
43.8125,43.5
43.75,43.5
43.6875,43.5
43.625,43.5
43.5625,43.5
43.5,43.5
43.4375,43.5
43.375,43.5
43.3125,43.5
43.25,43.5
43.1875,43.5
43.125,43.5
43.0625,43.5
43.0,43.5
42.9375,43.5
42.875,43.5
42.8125,43.5
42.75,43.5
42.6875,43.5
42.625,43.5
42.5625,43.5
42.5,43.5
42.4375,43.5
42.375,43.5
42.3125,43.5
42.25,43.5
42.1875,43.5
42.125,43.5
42.0625,43.5
42.0,43.5
41.9375,43.5
41.875,43.5
41.8125,43.5
41.75,43.5
41.6875,43.5
41.625,43.5
41.5625,43.5
41.5,43.5
41.4375,43.5
41.375,43.5
41.3125,43.5
41.25,43.5
41.1875,43.5
41.125,43.5
41.0625,43.5
41.0,43.5
40.9375,43.5
40.875,43.5
40.8125,43.5
40.75,43.5
40.6875,43.5
40.625,43.5
40.5625,43.5
40.5,43.5
40.4375,43.5
40.375,43.5
40.3125,43.5
40.25,43.5
40.1875,43.5
40.125,43.5
40.0625,43.5
40.0,43.5
39.9375,43.5
39.875,43.5
39.8125,43.5
39.75,43.5
39.6875,43.5
39.625,43.5
39.5625,43.5
39.5,43.5
39.4375,43.5
39.375,43.5
39.3125,43.5
39.25,43.5
39.1875,43.5
39.125,43.5
39.0625,43.5
39.0,43.5
38.9375,43.5
38.875,43.5
38.8125,43.5
38.75,43.5
38.6875,43.5
38.625,43.5
38.5625,43.5
38.5,43.5
38.4375,43.5
38.375,43.5
38.3125,43.5
38.25,43.5
38.1875,43.5
38.125,43.5
38.0625,43.5
38.0,43.5
37.9375,43.5
37.875,43.5
37.8125,43.5
37.75,43.5
37.6875,43.5
37.625,43.5
37.5625,43.5
37.5,43.5
37.4375,43.5
37.375,43.5
37.3125,43.5
37.25,43.5
37.1875,43.5
37.125,43.5
37.0625,43.5
37.0,43.5
36.9375,43.5
36.875,43.5
36.8125,43.5
36.75,43.5
36.6875,43.5
36.625,43.5
36.5625,43.5
36.5,43.5
36.4375,43.5
36.375,43.5
36.3125,43.5
36.25,43.5
36.1875,43.5
36.125,43.5
36.0625,43.5
36.0,43.5
35.9375,43.5
35.875,43.5
35.8125,43.5
35.75,43.5
35.6875,43.5
35.625,43.5
35.5625,43.5
35.5,43.5
35.4375,43.5
35.375,43.5
35.3125,43.5
35.25,43.5
35.1875,43.5
35.125,43.5
35.0625,43.5
35.0,43.5
34.9375,43.5
34.875,43.5
34.8125,43.5
34.75,43.5
34.6875,43.5
34.625,43.5
34.5625,43.5
34.5,43.5
34.4375,43.5
34.375,43.5
34.3125,43.5
34.25,43.5
34.1875,43.5
34.125,43.5
34.0625,43.5
34.0,43.5
33.9375,43.5
33.875,43.5
33.8125,43.5
33.75,43.5
33.6875,43.5
33.625,43.5
33.5625,43.5
33.5,43.5
33.4375,43.5
33.375,43.5
33.3125,43.5
33.25,43.5
33.1875,43.5
33.125,43.5
33.0625,43.5
33.0,43.5
32.9375,43.5
32.875,43.5
32.8125,43.5
32.75,43.5
32.6875,43.5
32.625,43.5
32.5625,43.5
32.5,43.5
32.4375,43.5
32.375,43.5
32.3125,43.5
32.25,43.5
32.1875,43.5
32.125,43.5
32.0625,43.5
32.0,43.5
31.9375,43.5
31.875,43.5
31.8125,43.5
31.75,43.5
31.6875,43.5
31.625,43.5
31.5625,43.5
31.5,43.5
31.4375,43.5
31.375,43.5
31.3125,43.5
31.25,43.5
31.1875,43.5
31.125,43.5
31.0625,43.5
31.0,43.5
30.9375,43.5
30.875,43.5
30.8125,43.5
30.75,43.5
30.6875,43.5
30.625,43.5
30.5625,43.5
30.5,43.5
30.4375,43.5
30.375,43.5
30.3125,43.5
30.25,43.5
30.1875,43.5
30.125,43.5
30.0625,43.5
30.0,43.5
29.9375,43.5
29.875,43.5
29.8125,43.5
29.75,43.5
29.6875,43.5
29.625,43.5
29.5625,43.5
29.5,43.5
29.4375,43.5
29.375,43.5
29.3125,43.5
29.25,43.5
29.1875,43.5
29.125,43.5
29.0625,43.5
29.0,43.5
28.9375,43.5
28.875,43.5
28.8125,43.5
28.75,43.5
28.6875,43.5
28.625,43.5
28.5625,43.5
28.5,43.5
28.4375,43.5
28.375,43.5
28.3125,43.5
28.25,43.5
28.1875,43.5
28.125,43.5
28.0625,43.5
28.0,43.5
27.9375,43.5
27.875,43.5
27.8125,43.5
27.75,43.5
27.6875,43.5
27.625,43.5
27.5625,43.5
27.5,43.5
27.4375,43.5
27.375,43.5
27.3125,43.5
27.25,43.5
27.1875,43.5
27.125,43.5
27.0625,43.5
27.0,43.5
26.9375,43.5
26.875,43.5
26.8125,43.5
26.75,43.5
26.6875,43.5
26.625,43.5
26.5625,43.5
26.5,43.5
26.4375,43.5
26.375,43.5
26.3125,43.5
26.25,43.5
26.1875,43.5
26.125,43.5
26.0625,43.5
26.0,43.5
25.9375,43.5
25.875,43.5
25.8125,43.5
25.75,43.5
25.6875,43.5
25.625,43.5
25.5625,43.5
25.5,43.5
25.4375,43.5
25.375,43.5
25.3125,43.5
25.25,43.5
25.1875,43.5
25.125,43.5
25.0625,43.5
25.0,43.5
24.9375,43.5
24.875,43.5
24.8125,43.5
24.75,43.5
24.6875,43.5
24.625,43.5
24.5625,43.5
24.5,43.5
24.4375,43.5
24.375,43.5
24.3125,43.5
24.25,43.5
24.1875,43.5
24.125,43.5
24.0625,43.5
24.0,43.5
23.9375,43.5
23.875,43.5
23.8125,43.5
23.75,43.5
23.6875,43.5
23.6875,43.5625
23.6875,43.625
23.6875,43.6875
23.6875,43.75
23.6875,43.4375
23.6875,43.375
23.6875,43.3125
23.6875,43.25
23.6875,43.1875
23.6875,43.125
23.6875,43.0625
23.6875,43.0
23.6875,42.9375
23.6875,42.875
23.6875,42.8125
23.6875,42.75
23.6875,42.6875
23.6875,42.625
23.6875,42.5625
23.6875,42.5
23.6875,42.4375
23.6875,42.375
23.6875,42.3125
23.6875,42.25
23.6875,42.1875
23.6875,42.125
23.6875,42.0625
23.6875,42.0
23.6875,41.9375
23.6875,41.875
23.6875,41.8125
23.6875,41.75
23.6875,41.6875
23.6875,41.625
23.6875,41.5625
23.6875,41.5
23.6875,41.4375
23.6875,41.375
23.6875,41.3125
23.6875,41.25
23.6875,41.1875
23.6875,41.125
23.6875,41.0625
23.6875,41.0
23.6875,40.9375
23.6875,40.875
23.6875,40.8125
23.6875,40.75
23.6875,40.6875
23.6875,40.625
23.6875,40.5625
23.6875,40.5
23.6875,40.4375
23.6875,40.375
23.6875,40.3125
23.6875,40.25
23.6875,40.1875
23.6875,40.125
23.6875,40.0625
23.6875,40.0
23.6875,39.9375
23.6875,39.875
23.6875,39.8125
23.6875,39.75
23.6875,39.6875
23.6875,39.625
23.6875,39.5625
23.6875,39.5
23.6875,39.4375
23.6875,39.375
23.6875,39.3125
23.6875,39.25
23.6875,39.1875
23.6875,39.125
23.6875,39.0625
23.6875,39.0
23.6875,38.9375
23.6875,38.875
23.6875,38.8125
23.6875,38.75
23.6875,38.6875
23.6875,38.625
23.6875,38.5625
23.6875,38.5
23.6875,38.4375
23.6875,38.375
23.6875,38.3125
23.6875,38.25
23.6875,38.1875
23.6875,38.125
23.6875,38.0625
23.6875,38.0
23.6875,37.9375
23.6875,37.875
23.6875,37.8125
23.6875,37.75
23.6875,37.6875
23.6875,37.625
23.6875,37.5625
23.6875,37.5
23.6875,37.4375
23.6875,37.375
23.6875,37.3125
23.6875,37.25
23.6875,37.1875
23.6875,37.125
23.6875,37.0625
23.6875,37.0
23.6875,36.9375
23.6875,36.875
23.6875,36.8125
23.6875,36.75
23.6875,36.6875
23.6875,36.625
23.6875,36.5625
23.6875,36.5
23.6875,36.4375
23.6875,36.375
23.6875,36.3125
23.6875,36.25
23.6875,36.1875
23.6875,36.125
23.6875,36.0625
23.6875,36.0
23.6875,35.9375
23.6875,35.875
23.6875,35.8125
23.6875,35.75
23.6875,35.6875
23.6875,35.625
23.6875,35.5625
23.6875,35.5
23.6875,35.4375
23.6875,35.375
23.6875,35.3125
23.6875,35.25
23.6875,35.1875
23.6875,35.125
23.6875,35.0625
23.6875,35.0
23.6875,34.9375
23.6875,34.875
23.6875,34.8125
23.6875,34.75
23.6875,34.6875
23.6875,34.625
23.6875,34.5625
23.6875,34.5
23.6875,34.4375
23.6875,34.375
23.6875,34.3125
23.6875,34.25
23.6875,34.1875
23.6875,34.125
23.6875,34.0625
23.6875,34.0
23.6875,33.9375
23.6875,33.875
23.6875,33.8125
23.6875,33.75
23.6875,33.6875
23.6875,33.625
23.6875,33.5625
23.6875,33.5
23.6875,33.4375
23.6875,33.375
23.6875,33.3125
23.6875,33.25
23.6875,33.1875
23.6875,33.125
23.6875,33.0625
23.6875,33.0
23.6875,32.9375
23.6875,32.875
23.6875,32.8125
23.6875,32.75
23.6875,32.6875
23.6875,32.625
23.6875,32.5625
23.6875,32.5
23.6875,32.4375
23.6875,32.375
23.6875,32.3125
23.6875,32.25
23.6875,32.1875
23.6875,32.125
23.6875,32.0625
23.6875,32.0
23.6875,31.9375
23.6875,31.875
23.6875,31.8125
23.6875,31.75
23.6875,31.6875
23.6875,31.625
23.6875,31.5625
23.6875,31.5
23.6875,31.4375
23.6875,31.375
23.6875,31.3125
23.6875,31.25
23.6875,31.1875
23.6875,31.125
23.6875,31.0625
23.6875,31.0
23.75,30.9375
23.8125,30.9375
23.875,30.9375
23.9375,30.9375
24.0,30.9375
24.0625,30.9375
24.125,30.9375
24.1875,30.9375
24.25,30.9375
24.3125,30.9375
24.375,30.9375
24.4375,30.9375
24.5,30.9375
24.5625,30.9375
24.625,30.9375
24.6875,30.9375
24.75,30.9375
24.8125,30.9375
24.875,30.9375
24.9375,30.9375
25.0,30.9375
25.0625,30.9375
25.125,30.9375
25.1875,30.9375
25.25,30.9375
25.3125,30.9375
25.375,30.9375
25.4375,30.9375
25.5,30.9375
25.5625,30.9375
25.625,30.9375
25.6875,30.9375
25.75,30.9375
25.8125,30.9375
25.875,30.9375
25.9375,30.9375
26.0,30.9375
26.0625,30.9375
26.125,30.9375
26.1875,30.9375
26.25,30.9375
26.3125,30.9375
26.375,30.9375
26.4375,30.9375
26.5,30.9375
26.5625,30.9375
26.625,30.9375
26.6875,30.9375
26.75,30.9375
26.8125,30.9375
26.875,30.9375
26.9375,30.9375
27.0,30.9375
27.0625,30.9375
27.125,30.9375
27.1875,30.9375
27.25,30.9375
27.3125,30.9375
27.375,30.9375
27.4375,30.9375
27.5,30.9375
27.5625,30.9375
27.625,30.9375
27.6875,30.9375
27.75,30.9375
27.8125,30.9375
27.875,30.9375
27.9375,30.9375
28.0,30.9375
28.0625,30.9375
28.125,30.9375
28.1875,30.9375
28.25,30.9375
28.3125,30.9375
28.375,30.9375
28.4375,30.9375
28.5,30.9375
28.5625,30.9375
28.625,30.9375
28.6875,30.9375
28.75,30.9375
28.8125,30.9375
28.875,30.9375
28.9375,30.9375
29.0,30.9375
29.0625,30.9375
29.125,30.9375
29.1875,30.9375
29.25,30.9375
29.3125,30.9375
29.375,30.9375
29.4375,30.9375
29.5,30.9375
29.5625,30.9375
29.625,30.9375
29.6875,30.9375
29.75,30.9375
29.8125,30.9375
29.875,30.9375
29.9375,30.9375
30.0,30.9375
30.0625,30.9375
30.125,30.9375
30.1875,30.9375
30.25,30.9375
30.3125,30.9375
30.375,30.9375
30.4375,30.9375
30.5,30.9375
30.5625,30.9375
30.625,30.9375
30.6875,30.9375
30.75,30.9375
30.8125,30.9375
30.875,30.9375
30.9375,30.9375
31.0,30.9375
31.0625,30.9375
31.125,30.9375
31.1875,30.9375
31.25,30.9375
31.3125,30.9375
31.375,30.9375
31.4375,30.9375
31.5,30.9375
31.5625,30.9375
31.625,30.9375
31.6875,30.9375
31.75,30.9375
31.8125,30.9375
31.875,30.9375
31.9375,30.9375
32.0,30.9375
32.0625,30.9375
32.125,30.9375
32.1875,30.9375
32.25,30.9375
32.3125,30.9375
32.375,30.9375
32.4375,30.9375
32.5,30.9375
32.5625,30.9375
32.625,30.9375
32.6875,30.9375
32.75,30.9375
32.8125,30.9375
32.875,30.9375
32.9375,30.9375
33.0,30.9375
33.0625,30.9375
33.125,30.9375
33.1875,30.9375
33.25,30.9375
33.3125,30.9375
33.375,30.9375
33.4375,30.9375
33.5,30.9375
33.5625,30.9375
33.625,30.9375
33.6875,30.9375
33.75,30.9375
33.8125,30.9375
33.875,30.9375
33.9375,30.9375
34.0,30.9375
34.0625,30.9375
34.125,30.9375
34.1875,30.9375
34.25,30.9375
34.3125,30.9375
34.375,30.9375
34.4375,30.9375
34.5,30.9375
34.5625,30.9375
34.625,30.9375
34.6875,30.9375
34.75,30.9375
34.8125,30.9375
34.875,30.9375
34.9375,30.9375
35.0,30.9375
35.0625,30.9375
35.125,30.9375
35.1875,31.0
35.25,31.0
35.3125,31.0
35.375,31.0
35.4375,31.0625
35.5,31.0625
35.5625,31.0625
35.625,31.0625
35.6875,31.125
35.75,31.125
35.8125,31.1875
35.875,31.25
35.9375,31.25
36.0,31.25
36.0625,31.3125
36.125,31.3125
36.1875,31.375
36.25,31.375
36.3125,31.4375
36.375,31.4375
36.4375,31.4375
36.5,31.5
36.5625,31.5
36.625,31.5625
36.6875,31.5625
36.75,31.5625
36.8125,31.625
36.875,31.625
36.9375,31.6875
37.0,31.6875
37.0625,31.75
37.125,31.75
37.1875,31.8125
37.25,31.8125
37.3125,31.875
37.375,31.875
37.4375,31.9375
37.5,31.9375
37.5625,32.0
37.625,32.0
37.6875,32.0625
37.75,32.0625
37.8125,32.125
37.875,32.125
37.9375,32.1875
38.0,32.1875
38.0625,32.25
38.125,32.25
38.1875,32.3125
38.25,32.3125
38.3125,32.375
38.375,32.375
38.4375,32.4375
38.5,32.4375
38.5625,32.5
38.625,32.5
38.6875,32.5625
38.75,32.5625
38.8125,32.625
38.875,32.625
38.9375,32.6875
39.0,32.6875
39.0625,32.75
39.125,32.75
39.1875,32.8125
39.25,32.8125
39.3125,32.8125
39.375,32.875
39.4375,32.875
39.5,32.9375
39.5625,32.9375
39.625,33.0
39.6875,33.0
39.75,33.0625
39.8125,33.0625
39.875,33.0625
39.875,33.0
39.9375,32.9375
40.0,32.875
40.0625,32.8125
40.125,32.75
40.1875,32.6875
40.25,32.625
40.3125,32.5625
40.375,32.5
40.4375,32.4375
40.5,32.375
40.5625,32.3125
40.625,32.25
40.6875,32.1875
40.75,32.125
40.8125,32.0625
40.875,32.0
40.9375,31.9375
41.0,31.875
41.0625,31.8125
41.125,31.75
41.1875,31.6875
41.25,31.625
41.3125,31.5625
41.375,31.5
41.4375,31.4375
41.5,31.375
41.5625,31.3125
41.625,31.25
41.6875,31.1875
41.75,31.125
41.8125,31.0625
41.875,31.0
41.9375,30.9375
42.0,30.875
42.0625,30.8125
42.125,30.75
42.1875,30.6875
42.25,30.625
42.3125,30.5625
42.375,30.5
42.4375,30.4375
42.5,30.375
42.5625,30.3125
42.625,30.25
42.6875,30.1875
42.75,30.125
42.8125,30.0625
42.875,30.0
42.9375,29.9375
43.0,29.875
43.0625,29.8125
43.125,29.75
43.1875,29.6875
43.25,29.625
43.3125,29.5625
43.375,29.5
43.4375,29.4375
43.5,29.375
43.5625,29.3125
43.625,29.25
43.6875,29.1875
43.75,29.125
43.8125,29.0625
43.875,29.0
43.9375,28.9375
44.0,28.875
44.0625,28.8125
44.125,28.75
44.1875,28.6875
44.25,28.625
44.3125,28.5625
44.375,28.5
44.4375,28.4375
44.5,28.375
44.5625,28.3125
44.625,28.25
44.6875,28.1875
44.75,28.125
44.8125,28.0625
44.875,28.0625
44.9375,28.0625
45.0,28.0625
45.0625,28.0625
45.125,28.0625
45.1875,28.0625
45.25,28.0625
45.3125,28.0625
45.375,28.0625
45.4375,28.125
45.5,28.125
45.5625,28.125
45.625,28.125
45.6875,28.1875
45.75,28.25
45.8125,28.3125
45.875,28.375
45.9375,28.4375
46.0,28.5
46.0625,28.5625
46.125,28.625
46.1875,28.6875
46.25,28.75
46.3125,28.8125
46.375,28.875
46.4375,28.9375
46.5,29.0
46.5625,29.0625
46.625,29.125
46.6875,29.1875
46.75,29.25
46.8125,29.3125
46.875,29.375
46.9375,29.375
47.0,29.375
47.0625,29.4375
47.125,29.4375
47.1875,29.4375
47.25,29.4375
47.3125,29.4375
47.375,29.4375
47.4375,29.4375
47.5,29.4375
47.5625,29.4375
47.625,29.4375
47.625,29.375
47.6875,29.3125
47.75,29.25
47.8125,29.1875
47.875,29.125
47.9375,29.0625
48.0,29.0
48.0625,28.9375
48.125,28.875
48.1875,28.8125
48.25,28.75
48.3125,28.6875
48.375,28.625
48.4375,28.5625
48.5,28.5
48.5625,28.4375
48.625,28.375
48.6875,28.3125
48.75,28.25
48.8125,28.1875
48.875,28.125
48.9375,28.125
49.0,28.0625
49.0625,28.0
49.125,28.0
49.1875,27.9375
49.25,27.9375
49.3125,27.9375
49.375,27.875
49.4375,27.875
49.5,27.875
49.5625,27.875
49.625,27.875
49.6875,27.8125
49.75,27.8125
49.8125,27.8125
49.875,27.8125
49.9375,27.8125
50.0,27.875
50.0625,27.9375
50.125,27.9375
50.1875,28.0
50.25,28.0
50.3125,28.0625
50.375,28.0625
50.4375,28.0625
50.5,28.0625
50.5,28.125
50.5,28.1875
50.5625,28.25
50.625,28.3125
50.6875,28.375
50.75,28.4375
50.8125,28.5
50.875,28.5625
50.9375,28.625
51.0,28.6875
51.0625,28.75
51.125,28.8125
51.1875,28.875
51.25,28.9375
51.3125,29.0
51.3125,29.0625
51.3125,29.125
51.375,29.125
51.375,29.1875
51.4375,29.25
51.4375,29.3125
51.4375,29.375
51.375,29.375
51.3125,29.3125
51.25,29.25
51.25,29.1875
51.375,29.0625
51.4375,29.0625
51.5,29.125
51.5625,29.1875
51.5625,29.25
51.5,29.3125
51.5,29.375
51.5,29.4375
51.5,29.5
51.5625,29.5625
51.5625,29.625
51.625,29.6875
51.6875,29.75
51.75,29.8125
51.75,29.875
51.8125,29.9375
51.875,29.9375
51.9375,29.9375
52.0,29.9375
52.0625,29.9375
52.125,29.9375
52.1875,29.9375
52.25,29.9375
52.3125,29.9375
52.375,29.9375
52.4375,29.9375
52.5,29.9375
52.5625,29.9375
52.5625,30.0
52.5625,30.0625
52.5625,30.125
52.5625,30.1875
52.5625,30.25
52.5625,30.3125
52.5625,30.375
52.5,30.4375
52.5,30.5
52.5,30.5625
52.5,30.625
52.5,30.6875
52.4375,30.75
52.4375,30.8125
52.4375,30.875
52.4375,30.9375
52.4375,31.0
52.4375,31.0625
52.4375,31.125
52.5,31.1875
52.5625,31.1875
52.625,31.25
52.6875,31.3125
52.75,31.375
52.8125,31.4375
52.875,31.5
52.9375,31.5625
53.0,31.625
53.0625,31.6875
53.125,31.75
53.1875,31.8125
53.25,31.875
53.3125,31.9375
53.375,32.0
53.4375,32.0
53.4375,32.0625
53.4375,32.125
53.375,32.125
53.3125,32.1875
53.3125,32.25
53.3125,32.3125
53.3125,32.375
53.3125,32.4375
53.3125,32.5
53.3125,32.5625
53.25,32.625
53.25,32.6875
53.25,32.75
53.25,32.8125
53.25,32.875
53.25,32.9375
53.25,33.0
53.25,33.0625
53.1875,33.125
53.1875,33.1875
53.1875,33.25
53.1875,33.3125
53.1875,33.375
53.1875,33.4375
53.1875,33.5
53.125,33.5625
53.125,33.625
53.125,33.6875
53.125,33.75
53.125,33.8125
53.125,33.875
53.125,33.9375
53.125,34.0
53.125,34.0625
53.125,34.125
53.125,34.1875
53.125,34.25
53.125,34.3125
53.125,34.375
53.0625,34.4375
53.0625,34.5
53.0625,34.5625
53.0625,34.625
53.0625,34.6875
53.0625,34.75
53.0625,34.8125
53.0625,34.875
53.0625,34.9375
53.0625,35.0
53.0625,35.0625
53.0625,35.125
53.0625,35.1875
53.0625,35.25
53.0625,35.3125
53.0625,35.375
53.0625,35.4375
53.0625,35.5
53.0625,35.5625
53.0625,35.625
53.0625,35.6875
53.0625,35.75
53.0625,35.8125
53.0625,35.875
53.0625,35.9375
53.0625,36.0
53.0625,36.0625
53.0625,36.125
53.0625,36.1875
53.0625,36.25
53.0625,36.3125
53.0625,36.375
53.125,36.4375
53.125,36.5
53.125,36.5625
53.125,36.625
53.125,36.6875
53.125,36.75
53.125,36.8125
53.125,36.875
53.125,36.9375
53.125,37.0
53.125,37.0625
53.125,37.125
53.125,37.1875
53.1875,37.25
53.1875,37.3125
53.1875,37.375
53.25,37.4375
53.25,37.5
53.3125,37.5625
53.375,37.625
53.4375,37.6875
53.5,37.75
53.5625,37.8125
53.625,37.875
53.6875,37.9375
53.75,38.0
53.8125,38.0625
53.875,38.125
53.9375,38.1875
54.0,38.25
54.0625,38.3125
54.125,38.375
54.1875,38.375
54.25,38.4375
54.3125,38.5
54.375,38.5625
54.4375,38.625
54.5,38.6875
54.5625,38.75
54.625,38.75
54.6875,38.75
54.6875,38.8125
54.6875,38.875
54.75,38.9375
54.8125,39.0
54.875,39.0625
54.9375,39.125
55.0,39.1875
55.0625,39.25
55.125,39.25
55.125,39.3125
55.125,39.375
55.1875,39.4375
55.1875,39.5
55.1875,39.5625
55.1875,39.625
55.1875,39.6875
55.1875,39.75
55.1875,39.8125
55.1875,39.875
55.1875,39.9375
55.1875,40.0
55.25,40.0625
55.25,40.125
55.25,40.1875
55.25,40.25
55.25,40.3125
55.25,40.375
55.25,40.4375
55.25,40.5
55.25,40.5625
55.25,40.625
55.25,40.6875
55.25,40.75
55.25,40.8125
55.25,40.875
55.25,40.9375
55.25,41.0
55.25,41.0625
55.25,41.125
55.25,41.1875
55.25,41.25
55.25,41.3125
55.25,41.375
55.25,41.4375
55.25,41.5
55.3125,41.5625
55.3125,41.625
55.3125,41.6875
55.3125,41.75
55.3125,41.8125
55.3125,41.875
55.3125,41.9375
55.3125,42.0
55.3125,42.0625
55.3125,42.125
55.3125,42.1875
55.3125,42.25
55.3125,42.3125
55.3125,42.375
55.3125,42.4375
55.3125,42.5
55.25,42.5625
55.1875,42.625
55.125,42.6875
55.0625,42.75
55.0,42.8125
54.9375,42.875
54.875,42.9375
54.8125,43.0
54.75,43.0625
54.6875,43.125
54.625,43.1875
54.5625,43.25
54.5,43.3125
54.5,43.375
54.4375,43.4375
54.375,43.5
54.375,43.5625
54.375,43.625
54.375,43.6875
54.375,43.75
54.375,43.8125
54.375,43.875
54.375,43.9375
54.375,44.0
54.375,44.0625
54.375,44.125
54.375,44.1875
54.375,44.25
54.3125,44.25
54.25,44.3125
54.1875,44.375
54.125,44.4375
54.0625,44.5
54.0,44.5625
53.9375,44.625
53.875,44.6875
53.8125,44.75
53.75,44.75
53.6875,44.75
53.625,44.8125
53.5625,44.8125
53.5,44.875
53.4375,44.875
53.375,44.9375
53.3125,44.9375
53.25,45.0
53.1875,45.0
53.125,45.0625
53.0625,45.0625
53.0,45.0625
52.9375,45.0625
52.875,45.0625
52.8125,45.0625
52.75,45.0625
52.6875,45.0625
52.625,45.0625
52.5625,45.0625
52.5,45.0625
52.4375,45.0625
52.375,45.0625
52.3125,45.0625
52.25,45.0625
52.1875,45.0625
52.125,45.0625
52.0625,45.0625
52.0,45.0625
51.9375,45.0625
51.875,45.0625
51.8125,45.0625
51.75,45.0625
51.6875,45.0625
51.625,45.0625
51.5625,45.0625
51.5,45.0
51.4375,45.0
51.375,44.9375
51.3125,44.875
51.25,44.8125
51.1875,44.75
51.125,44.75
51.0625,44.75
51.0,44.75
50.9375,44.75
50.875,44.75
50.8125,44.75
50.75,44.75
50.6875,44.75
50.625,44.75
50.5625,44.75
50.5,44.75
50.4375,44.75
50.375,44.75
50.3125,44.75
50.25,44.75
50.1875,44.75
50.125,44.75
50.0625,44.75
50.0,44.75
49.9375,44.75
49.875,44.75
49.8125,44.75
49.75,44.75
49.6875,44.75
49.625,44.75
49.5625,44.75
49.5,44.75
49.4375,44.75
49.375,44.75
49.3125,44.75
49.25,44.75
49.1875,44.75
49.125,44.75
49.0625,44.8125
49.0,44.875
49.0,44.9375
49.0,45.0
49.0,45.0625
49.0,45.125
49.0,45.1875
49.0,45.25
49.0,45.3125
49.0,45.375
49.0,45.4375
49.0625,45.5
49.0625,45.5625
49.125,45.625
49.1875,45.6875
49.25,45.75
49.3125,45.8125
49.0625,46.5
49.0,46.5
48.9375,46.5
48.875,46.5
48.8125,46.5
48.75,46.5
48.6875,46.5
48.625,46.5
48.5625,46.5
48.5,46.5
48.4375,46.5
48.375,46.5
48.3125,46.5
48.25,46.4375
48.1875,46.4375
48.125,46.375
48.0625,46.3125
48.0625,46.25
48.0625,46.1875
48.0625,46.125
48.0625,46.0625
48.0625,46.0
48.0625,45.9375
48.0625,45.875
48.0,45.8125
48.0,45.75
48.0,45.6875
48.0,45.625
48.0,45.5625
48.0,45.5
48.0,45.4375
48.0,45.375
47.9375,45.3125
47.9375,45.25
47.9375,45.1875
47.9375,45.125
47.9375,45.0625
47.9375,45.0
47.9375,44.9375
47.9375,44.875
47.9375,44.8125
47.9375,44.75
47.9375,44.6875
47.9375,44.625
47.9375,44.5625
47.9375,44.5
47.9375,44.4375
47.9375,44.375
47.9375,44.3125
47.9375,44.25
47.9375,44.1875
47.9375,44.125
47.9375,44.0625
47.9375,44.0
47.9375,43.9375
47.875,43.9375
48.0,43.875
48.0,43.8125
48.0,43.75
48.0625,43.6875
48.125,43.6875
48.1875,43.6875
48.25,43.625
48.3125,43.625
48.375,43.625
48.4375,43.625
48.5,43.625
48.5625,43.5625
48.625,43.5625
48.6875,43.5625
48.75,43.5625
48.8125,43.5625
48.875,43.5625
48.9375,43.5625
49.0,43.5625
49.0625,43.5625
49.125,43.5625
49.1875,43.5625
49.25,43.5625
49.3125,43.5625
49.375,43.5625
49.4375,43.5625
49.5,43.5625
49.5625,43.5625
49.625,43.5625
49.6875,43.5625
49.75,43.5625
49.8125,43.5625
49.875,43.5625
49.9375,43.5625
50.0,43.5625
50.0625,43.5625
50.125,43.5625
50.1875,43.5625
50.25,43.5625
50.3125,43.5625
50.375,43.5625
50.4375,43.5625
50.5,43.5625
50.5625,43.5625
50.625,43.5625
50.6875,43.5625
50.75,43.5625
50.8125,43.5625
50.875,43.5625
50.9375,43.5625
51.0,43.5625
51.0625,43.5625
51.125,43.5625
51.1875,43.5625
51.25,43.5625
51.3125,43.5625
51.375,43.5625
51.4375,43.5625
51.5,43.5625
51.5625,43.5625
51.625,43.5625
51.6875,43.5
51.6875,43.4375
51.75,43.375
51.75,43.3125
51.75,43.25
51.75,43.1875
51.75,43.125
51.8125,43.0625
51.8125,43.0
51.8125,42.9375
51.8125,42.875
51.8125,42.8125
51.8125,42.75
51.8125,42.6875
51.8125,42.625
51.8125,42.5625
51.8125,42.5
51.8125,42.4375
51.8125,42.375
51.8125,42.3125
51.75,42.25
51.75,42.1875
51.75,42.125
51.75,42.0625
51.75,42.0
51.75,41.9375
51.75,41.875
51.75,41.8125
51.6875,41.75
51.6875,41.6875
51.6875,41.625
51.6875,41.5625
51.6875,41.5
51.6875,41.4375
51.6875,41.375
51.6875,41.3125
51.6875,41.25
51.6875,41.1875
51.6875,41.125
51.6875,41.0625
51.6875,41.0
51.6875,40.9375
51.6875,40.875
51.6875,40.8125
51.6875,40.75
51.625,40.6875
51.625,40.625
51.625,40.5625
51.625,40.5
51.625,40.4375
51.625,40.375
51.625,40.3125
51.625,40.25
51.625,40.1875
51.625,40.125
51.625,40.0625
51.625,40.0
51.625,39.9375
51.625,39.875
51.625,39.8125
51.5625,39.75
51.5625,39.6875
51.5625,39.625
51.5625,39.5625
51.5625,39.5
51.5625,39.4375
51.5625,39.375
51.5625,39.3125
51.5625,39.25
51.5625,39.1875
51.5625,39.125
51.5625,39.0625
51.5625,39.0
51.5625,38.9375
51.5625,38.875
51.5625,38.8125
51.5625,38.75
51.5625,38.6875
51.5625,38.625
51.5625,38.5625
51.5625,38.5
51.5625,38.4375
51.5625,38.375
51.5625,38.3125
51.5625,38.25
51.5625,38.1875
51.5625,38.125
51.5625,38.0625
51.5625,38.0
51.5625,37.9375
51.5625,37.875
51.5625,37.8125
51.5625,37.75
51.5625,37.6875
51.5625,37.625
51.5,37.5625
51.5,37.5
51.5,37.4375
51.5,37.375
51.5,37.3125
51.5,37.25
51.5,37.1875
51.5,37.125
51.5,37.0625
51.5,37.0
51.5,36.9375
51.5,36.875
51.5,36.8125
51.5,36.75
51.5,36.6875
51.5,36.625
51.5,36.5625
51.5,36.5
51.5,36.4375
51.5,36.375
51.5,36.3125
51.5,36.25
51.5,36.1875
51.5,36.125
51.5,36.0625
51.4375,36.0
51.4375,35.9375
51.4375,35.875
51.4375,35.8125
51.4375,35.75
51.4375,35.6875
51.4375,35.625
51.4375,35.5625
51.4375,35.5
51.4375,35.4375
51.4375,35.375
51.4375,35.3125
51.4375,35.25
51.4375,35.1875
51.4375,35.125
51.4375,35.0625
51.4375,35.0
51.4375,34.9375
51.4375,34.875
51.4375,34.8125
51.4375,34.75
51.4375,34.6875
51.4375,34.625
51.4375,34.5625
51.4375,34.5
51.4375,34.4375
51.4375,34.375
51.4375,34.3125
51.4375,34.25
51.4375,34.1875
51.4375,34.125
51.4375,34.0625
51.4375,34.0
51.4375,33.9375
51.4375,33.875
51.4375,33.8125
51.4375,33.75
51.4375,33.6875
51.4375,33.625
51.4375,33.5625
51.4375,33.5
51.4375,33.4375
51.4375,33.375
51.4375,33.3125
51.4375,33.25
51.4375,33.1875
51.4375,33.125
51.4375,33.0625
51.4375,33.0
51.4375,32.9375
51.4375,32.875
51.4375,32.8125
51.4375,32.75
51.4375,32.6875
51.4375,32.625
51.4375,32.5625
51.375,32.5
51.375,32.4375
51.375,32.375
51.375,32.3125
51.375,32.25
51.375,32.1875
51.375,32.125
51.375,32.0625
51.375,32.0
51.375,31.9375
51.375,31.875
51.375,31.8125
51.375,31.75
51.375,31.6875
51.375,31.625
51.375,31.5625
51.375,31.5
51.375,31.4375
51.375,31.375
51.375,31.3125
51.375,31.25
51.375,31.1875
51.375,31.125
51.375,31.0625
51.375,31.0
51.375,30.9375
51.375,30.875
51.375,30.8125
51.375,30.75
51.375,30.6875
51.375,30.625
51.375,30.5625
51.375,30.5
51.375,30.4375
51.3125,30.4375
51.25,30.375
51.1875,30.3125
51.125,30.3125
51.0625,30.3125
51.0,30.3125
50.9375,30.25
50.875,30.25
50.8125,30.1875
50.75,30.125
50.6875,30.125
50.625,30.0625
50.5625,30.0625
50.5,30.0625
50.4375,30.0625
50.375,30.0625
50.3125,30.0625
50.25,30.0625
50.1875,30.0625
50.125,30.0625
50.0625,30.0625
50.0,30.0625
49.9375,30.0625
49.875,30.0625
49.8125,30.0625
49.75,30.0625
49.6875,30.0625
49.625,30.0625
49.5625,30.0625
49.5,30.0625
49.4375,30.0625
49.375,30.0625
49.3125,30.0625
49.25,30.0625
49.1875,30.0625
49.125,30.0625
49.0625,30.0625
49.0,30.0625
48.9375,30.0625
48.875,30.0625
48.8125,30.0625
48.75,30.0625
48.6875,30.0625
48.625,30.0625
48.5625,30.0625
48.5,30.0625
48.4375,30.0625
48.375,30.0625
48.3125,30.0625
48.25,30.0625
48.25,30.125
48.3125,30.1875
48.375,30.25
48.4375,30.3125
48.5,30.375
48.5625,30.4375
48.625,30.5
48.6875,30.5625
48.75,30.625
48.8125,30.6875
48.875,30.75
48.9375,30.8125
49.0,30.875
49.0625,30.9375
49.125,31.0
49.1875,31.0625
49.25,31.125
49.3125,31.1875
49.375,31.25
49.4375,31.3125
49.5,31.375
49.5625,31.4375
49.625,31.5
49.6875,31.5625
49.75,31.625
49.8125,31.6875
49.875,31.75
49.9375,31.8125
50.0,31.875
50.0625,31.9375
50.125,32.0
50.1875,32.0625
50.25,32.125
50.3125,32.1875
50.375,32.25
50.375,32.3125
50.4375,32.375
50.4375,32.4375
50.4375,32.5
50.4375,32.5625
50.5,32.625
50.5,32.6875
50.5,32.75
50.5,32.8125
50.5,32.875
50.5,32.9375
50.5,33.0
50.4375,33.0625
50.4375,33.125
50.4375,33.1875
50.4375,33.25
50.4375,33.3125
50.375,33.375
50.3125,33.4375
50.25,33.5
50.1875,33.5625
50.125,33.625
50.0625,33.6875
50.0,33.75
49.9375,33.8125
49.875,33.875
49.8125,33.9375
49.75,34.0
49.6875,34.0625
49.625,34.125
49.5625,34.1875
49.5,34.25
49.4375,34.3125
49.375,34.375
49.3125,34.4375
49.25,34.5
49.1875,34.5625
49.125,34.625
49.0625,34.6875
49.0,34.75
48.9375,34.8125
48.875,34.875
48.8125,34.9375
48.75,35.0
48.6875,35.0625
48.625,35.125
48.5625,35.1875
48.5,35.25
48.4375,35.3125
48.375,35.375
48.3125,35.4375
48.25,35.5
48.25,35.5625
48.1875,35.5625
48.125,35.5625
48.0625,35.5625
48.0,35.5625
47.9375,35.5625
47.875,35.5625
47.8125,35.5625
47.75,35.5625
47.6875,35.5625
47.625,35.5625
47.5625,35.625
47.5,35.625
47.4375,35.6875
47.375,35.75
47.3125,35.8125
47.25,35.875
47.1875,35.9375
47.125,36.0
47.0625,36.0625
47.0,36.125
46.9375,36.1875
46.875,36.25
46.8125,36.3125
46.75,36.375
46.6875,36.4375
46.625,36.5
46.5625,36.5625
46.5,36.625
46.4375,36.6875
46.375,36.75
46.3125,36.8125
46.25,36.875
46.1875,36.9375
46.125,37.0
46.0625,37.0625
46.0,37.125
45.9375,37.1875
45.875,37.25
45.8125,37.3125
45.75,37.375
45.6875,37.4375
45.625,37.5
45.5625,37.5625
45.5,37.625
45.4375,37.6875
45.375,37.75
45.3125,37.8125
45.25,37.875
45.1875,37.9375
45.125,38.0
45.0625,38.0
45.0,38.0
44.9375,38.0
44.875,38.0
44.8125,38.0
44.75,37.9375
44.6875,37.875
44.625,37.8125
44.5625,37.75
44.5,37.6875
44.4375,37.625
44.375,37.5625
44.3125,37.5
44.25,37.4375
44.1875,37.375
44.125,37.3125
44.0625,37.25
44.0,37.1875
43.9375,37.125
43.875,37.0625
43.8125,37.0
43.75,36.9375
43.6875,36.875
43.625,36.8125
43.5625,36.75
43.5,36.6875
43.4375,36.625
43.375,36.5625
43.3125,36.5
43.25,36.4375
43.1875,36.375
43.125,36.3125
43.0625,36.25
43.0,36.1875
42.9375,36.125
42.875,36.0625
42.8125,36.0
42.75,35.9375
42.6875,35.875
42.625,35.8125
42.5625,35.75
42.5,35.6875
42.4375,35.625
42.375,35.5625
42.3125,35.5
42.25,35.4375
42.1875,35.375
42.125,35.3125
42.0625,35.25
42.0,35.1875
41.9375,35.125
41.875,35.0625
41.8125,35.0
41.75,34.9375
41.6875,34.875
41.625,34.8125
41.5625,34.75
41.5,34.6875
41.4375,34.625
41.375,34.5625
41.3125,34.5
41.25,34.4375
41.1875,34.375
41.125,34.3125
41.0625,34.25
41.0,34.1875
40.9375,34.125
40.875,34.0625
40.8125,34.0
40.75,33.9375
40.6875,33.875
40.625,33.8125
40.5625,33.75
40.5,33.6875
40.4375,33.625
40.375,33.5625
40.3125,33.5
40.25,33.4375
40.1875,33.375
40.125,33.3125
40.0625,33.25
40.0,33.1875
39.9375,33.125
45.1875,38.0625
45.25,38.125
45.3125,38.1875
45.375,38.25
45.4375,38.3125
45.5,38.375
45.5625,38.4375
45.625,38.5
45.6875,38.5625
45.75,38.625
45.8125,38.6875
45.875,38.75
45.9375,38.75
45.9375,38.8125
46.0,38.875
46.0625,38.9375
46.125,39.0
46.1875,39.0625
46.25,39.125
46.3125,39.1875
46.375,39.25
46.4375,39.3125
46.5,39.375
46.5625,39.4375
46.625,39.5
46.6875,39.5625
46.75,39.625
46.8125,39.6875
46.875,39.75
46.9375,39.8125
47.0,39.875
47.0625,39.9375
47.125,40.0
47.1875,40.0625
47.25,40.125
47.3125,40.1875
47.375,40.25
47.4375,40.3125
47.5,40.375
47.5625,40.4375
47.625,40.5
47.6875,40.5625
47.75,40.625
47.8125,40.6875
47.875,40.75
47.9375,40.8125
48.0,40.875
48.0625,40.9375
48.125,41.0
48.1875,41.0625
48.25,41.125
48.3125,41.1875
48.375,41.1875
48.4375,41.1875
48.5,41.1875
48.5625,41.1875
48.625,41.1875
48.6875,41.1875
48.75,41.1875
48.8125,41.1875
48.875,41.1875
48.9375,41.1875
49.0,41.1875
49.0625,41.1875
49.125,41.1875
49.1875,41.25
49.25,41.3125
49.3125,41.375
49.375,41.4375
49.4375,41.5
49.5,41.5625
49.5625,41.625
49.625,41.6875
49.6875,41.6875
49.75,41.75
49.8125,41.8125
49.875,41.875
49.9375,41.9375
50.0,42.0
50.0625,42.0625
50.125,42.0625
50.1875,42.125
50.25,42.1875
50.3125,42.25
50.375,42.25
50.4375,42.3125
50.5,42.375
50.5625,42.4375
50.625,42.5
50.6875,42.5625
50.75,42.5625
50.8125,42.625
50.875,42.6875
50.9375,42.75
51.0,42.8125
51.0625,42.875
51.125,42.875
49.25,41.0625
49.1875,41.125
49.3125,41.0
49.375,40.9375
49.4375,40.875
49.5,40.8125
49.5625,40.75
49.625,40.6875
49.6875,40.625
49.75,40.5625
49.8125,40.5
49.875,40.4375
49.9375,40.375
50.0,40.3125
50.0625,40.25
50.125,40.1875
50.1875,40.125
50.25,40.0625
50.3125,40.0
50.375,39.9375
50.4375,39.875
50.5,39.8125
50.5625,39.75
50.625,39.6875
50.6875,39.625
50.6875,39.5625
50.6875,39.5
50.6875,39.4375
50.6875,39.375
50.6875,39.3125
50.6875,39.25
50.6875,39.1875
50.6875,39.125
50.6875,39.0625
50.6875,39.0
50.6875,38.9375
50.6875,38.875
50.625,38.8125
50.625,38.75
50.5625,38.75
50.5,38.75
50.4375,38.75
50.375,38.75
50.3125,38.75
50.25,38.75
50.1875,38.75
50.125,38.75
50.0625,38.75
50.0,38.75
49.9375,38.75
49.875,38.75
49.8125,38.75
49.75,38.75
49.6875,38.75
49.625,38.75
49.5625,38.75
49.5,38.75
49.4375,38.75
49.375,38.75
49.3125,38.75
49.25,38.75
49.1875,38.75
49.125,38.75
49.0625,38.75
49.0,38.75
48.9375,38.75
48.875,38.75
48.8125,38.75
48.75,38.75
48.6875,38.75
48.625,38.75
48.5625,38.75
48.5,38.75
48.4375,38.75
48.375,38.75
48.3125,38.75
48.25,38.75
48.1875,38.75
48.125,38.75
48.0625,38.75
48.0,38.75
47.9375,38.75
47.875,38.75
47.8125,38.75
47.75,38.75
47.6875,38.75
47.625,38.75
47.5625,38.75
47.5,38.75
47.4375,38.75
47.375,38.75
47.3125,38.75
47.25,38.75
47.1875,38.75
47.125,38.75
47.0625,38.75
47.0,38.75
46.9375,38.75
46.875,38.75
46.8125,38.75
46.75,38.75
46.6875,38.75
46.625,38.75
46.5625,38.75
46.5,38.75
46.4375,38.75
46.375,38.75
46.3125,38.75
46.25,38.75
46.1875,38.75
46.125,38.75
46.0625,38.75
46.0,38.75
48.75,36.0625
48.8125,36.125
48.875,36.1875
48.9375,36.25
49.0,36.3125
49.0625,36.375
49.125,36.4375
49.1875,36.5
49.25,36.5625
49.3125,36.625
49.375,36.6875
49.4375,36.75
49.5,36.8125
49.5625,36.875
49.625,36.9375
49.6875,37.0
49.75,37.0625
49.8125,37.125
49.875,37.1875
49.9375,37.25
50.0,37.3125
50.0625,37.375
50.125,37.4375
50.1875,37.5
50.25,37.5625
50.3125,37.625
50.375,37.6875
50.4375,37.75
50.5,37.8125
50.5625,37.875
50.5625,37.9375
50.625,38.0
50.625,38.0625
50.625,38.125
50.625,38.1875
50.6875,38.25
50.6875,38.3125
50.6875,38.375
50.6875,38.4375
50.6875,38.5
50.6875,38.5625
50.6875,38.625
50.625,38.6875
48.6875,36.0
48.625,35.9375
48.5625,35.875
48.5,35.8125
48.4375,35.75
48.375,35.6875
48.3125,35.625
48.1875,30.0
48.125,29.9375
48.0625,29.875
48.0,29.8125
47.9375,29.75
47.875,29.6875
47.8125,29.625
47.75,29.5625
47.6875,29.5
45.9375,27.8125
45.875,27.875
45.8125,27.9375
45.75,28.0
45.6875,28.0625
46.0,27.75
46.0625,27.6875
46.125,27.625
46.1875,27.5625
46.25,27.5
46.3125,27.4375
46.375,27.375
46.4375,27.3125
46.5,27.25
46.5625,27.1875
46.625,27.125
46.6875,27.0625
46.75,27.0
46.8125,26.9375
46.875,26.875
46.9375,26.8125
47.0,26.75
47.0625,26.6875
47.125,26.625
47.1875,26.5625
47.25,26.5
47.3125,26.4375
47.375,26.375
47.4375,26.3125
47.5,26.25
47.5625,26.1875
47.625,26.125
47.6875,26.0625
47.75,26.0
47.8125,25.9375
47.875,25.875
47.9375,25.8125
48.0,25.75
48.0625,25.6875
48.125,25.625
48.1875,25.5625
48.25,25.5
48.3125,25.4375
48.375,25.375
48.4375,25.3125
48.5,25.25
48.5625,25.1875
48.625,25.125
48.6875,25.0625
48.75,25.0
48.8125,24.9375
48.875,24.9375
48.9375,24.9375
49.0,24.9375
49.0625,24.9375
49.125,24.9375
49.1875,24.9375
49.25,25.0
49.3125,25.0
49.375,25.0
49.4375,25.0625
49.5,25.0625
49.5625,25.125
49.625,25.125
49.6875,25.125
49.75,25.125
49.8125,25.1875
49.875,25.1875
49.9375,25.25
50.0,25.25
50.0625,25.3125
50.125,25.3125
50.1875,25.375
50.25,25.375
50.3125,25.4375
50.375,25.4375
50.4375,25.5
50.5,25.5
50.5625,25.5625
50.625,25.625
50.6875,25.625
50.75,25.6875
50.75,25.75
50.75,25.8125
50.8125,25.875
50.8125,25.9375
50.8125,26.0
50.875,26.0625
50.875,26.125
50.875,26.1875
50.875,26.25
50.875,26.3125
50.875,26.375
50.875,26.4375
50.875,26.5
50.9375,26.5625
50.9375,26.625
50.9375,26.6875
50.9375,26.75
50.9375,26.8125
50.875,26.875
50.8125,26.9375
50.75,27.0
50.6875,27.0625
50.625,27.125
50.5625,27.1875
50.5,27.25
50.4375,27.3125
50.375,27.375
50.3125,27.4375
50.25,27.5
50.1875,27.5625
50.125,27.625
50.0625,27.6875
50.0,27.75
50.5625,28.0625
50.625,28.0625
50.6875,28.0625
50.75,28.125
50.8125,28.125
50.875,28.1875
50.9375,28.1875
51.0,28.25
51.0625,28.25
51.125,28.3125
51.1875,28.3125
51.25,28.375
51.3125,28.375
51.375,28.4375
51.4375,28.4375
51.5,28.5
51.5625,28.5
51.625,28.5625
51.6875,28.5625
51.75,28.625
51.8125,28.625
51.875,28.6875
51.9375,28.6875
52.0,28.75
52.0625,28.75
52.125,28.8125
52.1875,28.8125
52.25,28.875
52.3125,28.875
52.375,28.9375
52.4375,29.0
52.5,29.0625
52.5625,29.125
52.625,29.1875
52.6875,29.25
52.625,29.3125
52.625,29.375
52.625,29.4375
52.625,29.5
52.625,29.5625
52.625,29.625
52.625,29.6875
52.625,29.75
52.625,29.8125
52.625,29.875
52.625,29.9375
52.625,30.0
52.6875,30.0
52.75,30.0
52.8125,30.0
52.875,29.9375
52.9375,29.9375
53.0,29.9375
53.0625,29.9375
53.125,29.9375
53.1875,29.875
53.25,29.875
53.3125,29.8125
53.3125,29.75
53.375,29.6875
53.375,29.625
53.375,29.5625
53.375,29.5
53.4375,29.4375
53.4375,29.375
53.4375,29.3125
53.4375,29.25
53.4375,29.1875
53.4375,29.125
53.4375,29.0625
53.4375,29.0
53.4375,28.9375
53.5,28.9375
53.5625,28.875
53.625,28.8125
53.6875,28.75
53.75,28.6875
53.8125,28.625
53.875,28.5625
53.9375,28.5
54.0,28.5
54.0625,28.5
54.125,28.4375
54.1875,28.4375
54.25,28.4375
54.3125,28.375
54.375,28.3125
54.4375,28.25
54.5,28.1875
54.5625,28.125
54.625,28.0625
54.6875,28.0
54.75,27.9375
54.8125,27.875
54.875,27.8125
54.9375,27.75
55.0,27.6875
55.0625,27.625
55.125,27.5625
55.1875,27.5
55.25,27.4375
55.3125,27.375
55.375,27.3125
55.4375,27.25
55.4375,27.1875
55.4375,27.125
55.4375,27.0625
55.375,27.0
55.3125,26.9375
55.3125,26.875
55.25,26.8125
55.25,26.75
55.25,26.6875
55.1875,26.625
55.1875,26.5625
55.125,26.5
55.125,26.4375
55.0625,26.375
55.0625,26.3125
55.0,26.25
55.0,26.1875
54.9375,26.125
54.875,26.0625
54.875,26.0
54.8125,25.9375
54.8125,25.875
54.75,25.8125
54.6875,25.75
54.6875,25.6875
54.625,25.625
54.625,25.5625
54.5625,25.5
54.5625,25.4375
54.5,25.375
54.5,25.3125
54.4375,25.25
54.375,25.1875
54.375,25.125
54.3125,25.0625
54.3125,25.0
54.25,24.9375
54.25,24.875
54.1875,24.8125
54.125,24.75
54.125,24.6875
54.0625,24.625
54.0,24.5625
54.0,24.5
53.9375,24.4375
53.9375,24.375
53.875,24.3125
53.8125,24.25
53.8125,24.1875
53.75,24.125
53.75,24.0625
53.6875,24.0
53.6875,23.9375
53.625,23.875
53.5625,23.8125
53.5625,23.75
53.5,23.6875
53.5,23.625
53.4375,23.5625
53.375,23.5
53.375,23.4375
53.3125,23.375
53.3125,23.3125
53.25,23.25
53.25,23.1875
53.1875,23.125
53.1875,23.0625
53.125,23.0
53.125,22.9375
53.0625,22.875
53.0,22.8125
53.0,22.75
52.9375,22.6875
52.9375,22.625
52.875,22.5625
52.8125,22.5
52.8125,22.4375
52.75,22.375
52.75,22.3125
52.6875,22.25
52.625,22.1875
52.625,22.125
52.5625,22.0625
52.5,22.0625
52.4375,22.0
52.375,22.0
52.3125,21.9375
52.25,21.9375
52.1875,21.875
52.125,21.875
52.0625,21.8125
52.0,21.8125
51.9375,21.75
51.875,21.75
51.8125,21.6875
51.75,21.6875
51.6875,21.625
51.625,21.625
51.5625,21.5625
51.5,21.5625
51.4375,21.5
51.375,21.5
51.3125,21.5
51.25,21.4375
51.1875,21.375
51.125,21.3125
51.0625,21.3125
51.0,21.25
50.9375,21.1875
50.875,21.1875
50.8125,21.125
50.75,21.0625
50.6875,21.0
50.625,20.9375
50.5625,20.875
50.5625,20.8125
50.5,20.75
50.5,20.6875
50.4375,20.625
50.375,20.5625
50.375,20.5
50.3125,20.4375
50.3125,20.375
50.25,20.3125
50.25,20.25
50.25,20.1875
50.1875,20.1875
50.125,20.1875
50.0625,20.125
50.0,20.125
49.9375,20.0625
49.875,20.0625
49.8125,20.0
49.75,19.9375
49.6875,19.8125
49.6875,19.75
49.625,19.6875
49.625,19.625
49.625,19.5625
49.625,19.5
49.625,19.4375
49.625,19.375
49.625,19.3125
49.625,19.25
49.6875,19.1875
49.6875,19.125
49.6875,19.0625
49.75,19.0625
49.8125,19.0625
49.875,19.125
49.9375,19.1875
50.0,19.1875
50.0625,19.25
50.125,19.3125
50.1875,19.375
50.25,19.4375
50.3125,19.5
50.3125,19.5625
50.3125,19.625
50.375,19.6875
50.375,19.75
50.3125,19.8125
50.3125,19.875
50.375,19.875
50.375,19.9375
50.375,20.0
50.3125,20.0625
50.3125,20.125
50.4375,19.875
50.5,19.8125
50.5625,19.8125
50.625,19.75
50.6875,19.6875
50.75,19.625
50.8125,19.5625
50.875,19.5
50.9375,19.4375
51.0,19.375
51.0625,19.375
51.125,19.4375
51.125,19.5
51.125,19.5625
51.1875,19.625
51.25,19.6875
51.3125,19.75
51.375,19.75
51.4375,19.8125
51.5,19.8125
51.5625,19.875
51.625,19.875
51.6875,19.875
51.6875,19.9375
51.6875,20.0
51.75,20.0625
51.75,20.125
51.8125,20.1875
51.875,20.25
51.9375,20.3125
52.0,20.375
52.0625,20.4375
52.125,20.5
52.125,20.5625
52.125,20.625
52.125,20.6875
52.1875,20.75
52.1875,20.8125
52.1875,20.875
52.25,20.9375
52.3125,21.0
52.375,21.0625
52.4375,21.125
52.5,21.1875
52.5625,21.25
52.625,21.3125
52.6875,21.375
52.75,21.4375
52.8125,21.4375
52.8125,21.5
52.8125,21.5625
52.8125,21.625
52.8125,21.6875
52.8125,21.75
52.8125,21.8125
52.8125,21.875
52.8125,21.9375
52.75,22.0
52.6875,22.0625
52.875,21.375
52.875,21.3125
52.875,21.25
52.875,21.1875
52.8125,21.1875
52.75,21.125
52.6875,21.0625
52.625,21.0
52.5625,20.9375
52.5,20.875
52.4375,20.8125
52.4375,20.75
52.375,20.6875
52.3125,20.6875
52.25,20.625
52.25,20.5625
52.1875,20.5625
52.3125,20.5625
52.375,20.625
53.0,20.625
53.0,20.6875
53.0,20.75
53.0,20.8125
53.0,20.875
52.9375,20.9375
52.9375,21.0
52.9375,21.0625
52.9375,21.125
53.0,20.5625
53.0,20.5
53.0,20.4375
53.0,20.375
53.0625,20.3125
52.8125,19.5625
52.75,19.5625
52.6875,19.5625
52.625,19.5625
52.5625,19.625
52.5,19.625
52.4375,19.625
52.375,19.6875
52.3125,19.6875
52.25,19.6875
52.1875,19.6875
52.125,19.75
52.0625,19.75
52.0,19.75
51.9375,19.75
51.875,19.8125
51.8125,19.8125
51.75,19.8125
51.8125,19.0
51.8125,18.9375
51.875,18.875
51.875,18.8125
51.9375,18.75
51.9375,18.6875
51.9375,18.625
51.9375,18.5625
52.0,18.5
52.0625,18.4375
52.0625,18.375
52.125,18.3125
52.1875,18.25
52.1875,18.1875
52.1875,18.125
52.25,18.0625
52.25,18.0
52.3125,17.9375
52.375,17.875
52.4375,17.8125
52.5,17.75
52.5625,17.6875
52.625,17.625
52.6875,17.5625
52.75,17.5
52.8125,17.4375
52.875,17.375
52.9375,17.3125
53.0,17.25
53.0625,17.1875
53.125,17.125
53.1875,17.0625
53.25,17.0
53.3125,16.9375
53.375,16.875
53.4375,16.8125
53.5,16.75
53.5625,16.6875
53.625,16.625
53.6875,16.5625
53.75,16.5
53.8125,16.4375
53.875,16.375
53.9375,16.3125
54.0,16.25
54.0625,16.1875
54.125,16.125
54.1875,16.0625
54.25,16.0
54.3125,15.9375
54.375,15.875
54.4375,15.8125
54.5,15.75
54.5625,15.6875
54.625,15.625
54.6875,15.5625
54.75,15.5
54.8125,15.4375
54.875,15.375
54.9375,15.3125
55.0,15.25
55.0625,15.1875
55.125,15.125
55.1875,15.0625
55.25,15.0
55.3125,14.9375
55.375,14.875
55.4375,14.8125
55.5,14.75
55.5625,14.6875
55.625,14.625
55.6875,14.5625
55.75,14.5
55.8125,14.4375
55.875,14.375
55.9375,14.3125
56.0,14.25
56.0625,14.1875
56.125,14.125
56.1875,14.0625
56.25,14.0
56.3125,13.9375
56.375,13.875
56.4375,13.8125
56.5,13.75
56.5625,13.6875
56.625,13.625
56.6875,13.5625
56.75,13.5
56.8125,13.4375
56.875,13.375
56.9375,13.3125
57.0,13.25
57.0625,13.1875
57.125,13.125
57.1875,13.0625
57.25,13.0
57.3125,12.9375
57.375,12.875
57.4375,12.8125
57.5,12.75
57.5625,12.6875
57.625,12.625
57.6875,12.5625
57.75,12.5
57.8125,12.4375
57.875,12.375
57.9375,12.3125
58.0,12.25
58.0625,12.1875
58.125,12.125
58.1875,12.0625
58.25,12.0
58.3125,11.9375
58.375,11.875
58.4375,11.8125
58.5,11.75
58.5625,11.6875
58.625,11.625
58.6875,11.5625
58.75,11.5
58.8125,11.4375
58.875,11.375
58.9375,11.3125
59.0,11.25
59.0625,11.1875
59.125,11.125
59.1875,11.0625
59.25,11.0
59.3125,10.9375
59.375,10.875
59.4375,10.8125
59.5,10.75
59.5625,10.6875
59.625,10.625
59.6875,10.5625
59.75,10.5
59.8125,10.4375
59.875,10.375
59.9375,10.3125
60.0,10.25
60.0625,10.1875
60.125,10.125
60.1875,10.0625
60.25,10.0
60.3125,9.9375
60.375,9.875
60.4375,9.8125
60.5,9.75
60.5625,9.6875
60.625,9.625
60.6875,9.5625
60.75,9.5
60.8125,9.4375
60.875,9.375
60.875,9.3125
60.9375,9.3125
61.0,9.3125
61.0625,9.3125
61.125,9.3125
61.1875,9.3125
61.25,9.3125
61.3125,9.3125
61.375,9.3125
61.4375,9.3125
61.5,9.3125
61.5625,9.3125
61.625,9.3125
61.6875,9.3125
61.75,9.3125
61.8125,9.3125
61.875,9.3125
61.9375,9.3125
62.0,9.3125
62.0625,9.3125
62.125,9.3125
62.1875,9.3125
62.25,9.3125
62.3125,9.3125
62.375,9.3125
62.4375,9.375
62.5,9.375
62.5625,9.375
62.625,9.375
62.6875,9.375
62.75,9.375
62.8125,9.375
62.875,9.375
62.9375,9.4375
63.0,9.4375
63.0625,9.4375
63.125,9.4375
63.1875,9.4375
63.25,9.4375
63.3125,9.4375
63.375,9.5
63.4375,9.5
63.5,9.5
63.5625,9.5
63.625,9.5625
63.6875,9.5625
63.75,9.625
63.8125,9.625
63.875,9.625
63.9375,9.6875
63.9375,9.75
63.875,9.8125
63.8125,9.875
63.75,9.9375
63.6875,10.0
63.625,10.0625
63.5625,10.125
63.5,10.1875
63.4375,10.25
63.375,10.3125
63.3125,10.375
63.25,10.4375
63.1875,10.5
63.125,10.5625
63.0625,10.625
63.0,10.6875
62.9375,10.75
62.875,10.8125
62.8125,10.875
62.75,10.9375
62.6875,11.0
62.625,11.0625
62.5625,11.125
62.5,11.1875
62.4375,11.25
62.375,11.3125
62.3125,11.375
62.25,11.4375
62.1875,11.5
62.125,11.5625
62.0625,11.625
62.0,11.6875
61.9375,11.75
61.875,11.8125
61.8125,11.875
61.75,11.9375
61.6875,12.0
61.625,12.0625
61.5625,12.125
61.5,12.1875
61.4375,12.25
61.375,12.3125
61.3125,12.375
61.25,12.4375
61.1875,12.5
61.125,12.5625
61.0625,12.625
61.0,12.6875
60.9375,12.75
60.875,12.8125
60.8125,12.875
60.75,12.9375
60.6875,13.0
60.625,13.0625
60.5625,13.125
60.5,13.1875
60.4375,13.25
60.375,13.3125
60.3125,13.375
60.25,13.4375
60.1875,13.5
60.125,13.5625
60.0625,13.625
60.0,13.6875
59.9375,13.75
59.875,13.8125
59.8125,13.875
59.75,13.9375
59.6875,14.0
59.625,14.0625
59.5625,14.125
59.5,14.1875
59.4375,14.25
59.375,14.3125
59.3125,14.375
59.25,14.4375
59.1875,14.5
59.125,14.5625
59.0625,14.625
59.0,14.6875
58.9375,14.75
58.875,14.8125
58.8125,14.875
58.75,14.9375
58.6875,15.0
58.625,15.0625
58.5625,15.125
58.5,15.1875
58.4375,15.25
58.375,15.3125
58.3125,15.375
58.25,15.4375
58.1875,15.5
58.125,15.5625
58.0625,15.625
58.0,15.6875
57.9375,15.75
57.875,15.8125
57.8125,15.875
57.75,15.9375
57.6875,16.0
57.625,16.0625
57.5625,16.125
57.5,16.1875
57.4375,16.25
57.375,16.3125
57.3125,16.375
57.25,16.4375
57.1875,16.5
57.125,16.5625
57.0625,16.625
57.0,16.6875
56.9375,16.75
56.875,16.8125
56.8125,16.875
56.75,16.9375
56.6875,17.0
56.625,17.0625
56.5625,17.125
56.5,17.1875
56.4375,17.25
56.375,17.3125
56.3125,17.375
56.25,17.4375
56.1875,17.5
56.125,17.5625
56.0625,17.625
56.0,17.6875
55.9375,17.75
55.875,17.8125
55.8125,17.875
55.75,17.9375
55.6875,18.0
55.625,18.0625
55.5625,18.125
55.5625,18.1875
55.5625,18.25
55.5,18.3125
55.5,18.375
55.5,18.4375
55.5,18.5
55.5,18.5625
55.5625,18.625
55.5625,18.6875
55.5625,18.75
55.625,18.8125
55.625,18.875
55.625,18.9375
55.625,19.0
55.6875,19.0625
55.6875,19.125
55.6875,19.1875
55.75,19.25
55.75,19.3125
55.75,19.375
55.75,19.4375
55.8125,19.5
55.8125,19.5625
55.8125,19.625
55.875,19.6875
55.875,19.75
55.875,19.8125
55.875,19.875
55.9375,19.9375
55.9375,20.0
55.9375,20.0625
55.9375,20.125
55.9375,20.1875
56.0,20.25
56.0,20.3125
56.0,20.375
56.0625,20.4375
56.125,20.5
56.1875,20.5
56.25,20.5625
56.3125,20.5625
56.375,20.625
56.4375,20.625
56.5,20.6875
56.5625,20.6875
56.625,20.75
56.6875,20.75
56.75,20.75
56.8125,20.8125
56.875,20.8125
56.9375,20.875
57.0,20.875
57.0625,20.9375
57.125,20.9375
57.1875,20.9375
57.25,21.0
57.3125,21.0
57.375,21.0625
57.4375,21.0625
57.5,21.125
57.5625,21.125
57.625,21.1875
57.6875,21.1875
57.75,21.1875
57.8125,21.25
57.875,21.25
57.9375,21.3125
58.0,21.3125
58.0625,21.375
58.125,21.375
58.1875,21.375
58.25,21.4375
58.3125,21.4375
58.375,21.5
58.4375,21.5
58.5,21.5625
58.5625,21.5625
58.625,21.5625
58.6875,21.5625
58.75,21.5625
58.8125,21.5625
58.875,21.5625
58.9375,21.5625
59.0,21.5625
59.0625,21.5625
59.125,21.5625
59.1875,21.5
59.25,21.4375
59.3125,21.375
59.375,21.3125
59.4375,21.25
59.5,21.1875
59.5625,21.125
59.625,21.0625
59.6875,21.0
59.75,20.9375
59.8125,20.875
59.875,20.8125
59.9375,20.75
60.0,20.6875
60.0625,20.625
60.125,20.5625
60.1875,20.5
60.25,20.4375
60.3125,20.375
60.375,20.3125
60.4375,20.25
60.5,20.1875
60.5625,20.125
60.625,20.0625
60.6875,20.0
60.75,19.9375
60.8125,19.875
60.875,19.8125
60.9375,19.75
61.0,19.6875
61.0625,19.625
61.125,19.5625
61.1875,19.5
61.25,19.4375
61.3125,19.375
61.375,19.3125
61.4375,19.25
61.5,19.1875
61.5625,19.125
61.625,19.0625
61.6875,19.0
61.75,18.9375
61.8125,18.875
61.875,18.8125
61.9375,18.75
62.0,18.6875
62.0625,18.625
62.125,18.5625
62.1875,18.5
62.25,18.4375
62.3125,18.375
62.375,18.3125
62.4375,18.25
62.5,18.1875
62.5625,18.125
62.625,18.0625
62.6875,18.0
62.75,17.9375
62.8125,17.875
62.875,17.8125
62.9375,17.75
63.0,17.6875
63.0625,17.625
63.125,17.5625
63.1875,17.5
63.25,17.4375
63.3125,17.375
63.375,17.3125
63.4375,17.25
63.5,17.1875
63.5625,17.125
63.625,17.0625
63.6875,17.0
63.75,16.9375
63.8125,16.875
63.875,16.8125
63.9375,16.75
64.0,16.6875
64.0625,16.625
64.125,16.5625
64.1875,16.5
64.25,16.4375
64.3125,16.375
64.375,16.3125
64.4375,16.25
64.5,16.1875
64.5625,16.125
64.625,16.0625
64.6875,16.0
64.75,15.9375
64.8125,15.875
64.875,15.8125
64.9375,15.75
65.0,15.6875
65.0625,15.625
65.125,15.5625
65.1875,15.5
65.25,15.4375
65.3125,15.375
65.375,15.3125
65.4375,15.25
65.5,15.1875
65.5625,15.125
65.625,15.0625
65.6875,15.0
65.75,14.9375
65.8125,14.875
65.875,14.8125
65.9375,14.75
66.0,14.6875
66.0625,14.625
66.125,14.5625
66.1875,14.5
66.25,14.4375
66.3125,14.375
66.375,14.3125
66.4375,14.25
66.5,14.1875
66.5625,14.125
66.625,14.0625
66.6875,14.0
66.75,13.9375
66.8125,13.875
66.875,13.8125
66.9375,13.75
67.0,13.6875
67.0625,13.625
67.125,13.5625
67.1875,13.5
67.25,13.4375
67.3125,13.375
67.375,13.3125
67.4375,13.25
67.5,13.1875
67.5625,13.125
67.625,13.0625
67.6875,13.0
67.75,12.9375
67.8125,12.875
67.875,12.8125
67.9375,12.75
68.0,12.6875
68.0625,12.625
68.125,12.5625
68.1875,12.5
68.25,12.4375
68.3125,12.375
68.375,12.3125
68.4375,12.25
68.5,12.1875
68.5625,12.125
68.625,12.0625
68.6875,12.0
68.75,11.9375
68.8125,11.875
68.875,11.8125
68.9375,11.8125
69.0,11.8125
69.0625,11.8125
69.125,11.875
69.1875,11.875
69.25,11.9375
69.3125,11.9375
69.375,12.0
69.4375,12.0
69.5,12.0625
69.5625,12.0625
69.625,12.0625
69.6875,12.125
69.75,12.125
69.8125,12.1875
69.875,12.1875
69.9375,12.25
70.0,12.25
70.0625,12.3125
70.125,12.3125
70.1875,12.3125
70.25,12.375
70.3125,12.375
70.375,12.4375
70.4375,12.4375
70.5,12.5
70.5625,12.5
70.625,12.5625
70.6875,12.5625
70.75,12.5625
70.8125,12.625
70.875,12.625
70.9375,12.6875
71.0,12.6875
71.0625,12.75
71.125,12.8125
71.1875,12.8125
71.25,12.8125
71.3125,12.8125
71.375,12.8125
71.4375,12.8125
71.5,12.8125
71.5625,12.8125
71.625,12.8125
71.6875,12.8125
71.75,12.8125
71.8125,12.8125
71.875,12.8125
71.9375,12.8125
72.0,12.8125
72.0625,12.8125
72.125,12.8125
72.1875,12.8125
72.25,12.8125
72.3125,12.8125
72.375,12.8125
72.4375,12.8125
72.5,12.8125
72.5625,12.8125
72.625,12.8125
72.6875,12.8125
72.75,12.8125
72.8125,12.8125
72.875,12.8125
72.9375,12.8125
73.0,12.8125
73.0625,12.8125
73.125,12.8125
73.1875,12.8125
73.25,12.8125
73.3125,12.8125
73.375,12.8125
73.4375,12.8125
73.5,12.8125
73.5625,12.8125
73.625,12.8125
73.6875,12.8125
73.75,12.8125
73.8125,12.8125
73.875,12.8125
73.9375,12.8125
74.0,12.8125
74.0625,12.8125
74.125,12.8125
74.1875,12.8125
74.25,12.8125
74.3125,12.8125
74.375,12.8125
74.4375,12.8125
74.5,12.8125
74.5625,12.8125
74.625,12.8125
74.6875,12.8125
74.75,12.8125
74.8125,12.8125
74.875,12.8125
74.9375,12.8125
75.0,12.8125
75.0625,12.8125
75.125,12.8125
75.1875,12.8125
75.25,12.8125
75.3125,12.8125
75.375,12.8125
75.4375,12.8125
75.5,12.8125
75.5625,12.8125
75.625,12.8125
75.6875,12.8125
75.75,12.8125
75.8125,12.8125
75.875,12.8125
75.9375,12.8125
76.0,12.8125
76.0625,12.8125
76.125,12.8125
76.1875,12.8125
76.25,12.8125
76.3125,12.8125
76.375,12.875
76.4375,12.875
76.5,12.9375
76.5625,13.0
76.625,13.0625
76.6875,13.125
76.75,13.1875
76.8125,13.25
76.875,13.3125
76.9375,13.375
77.0,13.4375
77.0625,13.5
77.125,13.5625
77.1875,13.625
77.25,13.6875
77.3125,13.75
77.375,13.8125
77.4375,13.875
77.5,13.9375
77.5625,14.0
77.625,14.0625
77.6875,14.125
77.75,14.1875
77.8125,14.25
77.875,14.3125
77.9375,14.375
78.0,14.4375
78.0625,14.5
78.125,14.5625
78.1875,14.625
78.25,14.6875
78.3125,14.75
78.375,14.8125
78.4375,14.875
78.5,14.9375
78.5625,15.0
78.625,15.0625
78.6875,15.125
78.75,15.1875
78.8125,15.25
78.875,15.3125
78.9375,15.375
79.0,15.4375
79.0625,15.5
79.125,15.5625
79.1875,15.625
79.25,15.6875
79.3125,15.75
79.375,15.8125
79.4375,15.875
79.5,15.9375
79.5625,16.0
79.625,16.0625
79.6875,16.125
79.75,16.125
79.8125,16.125
79.875,16.125
79.9375,16.125
80.0,16.125
80.0625,16.125
80.125,16.125
80.1875,16.125
80.25,16.125
80.3125,16.125
80.375,16.125
80.4375,16.125
80.5,16.125
80.5625,16.125
80.625,16.125
80.6875,16.125
80.75,16.125
80.8125,16.125
80.875,16.125
80.9375,16.125
81.0,16.125
81.0625,16.125
81.125,16.125
81.1875,16.125
81.25,16.125
81.3125,16.125
81.375,16.125
81.4375,16.125
81.5,16.1875
81.5625,16.25
81.625,16.3125
81.6875,16.375
81.75,16.4375
81.8125,16.5
81.875,16.5625
81.9375,16.625
82.0,16.6875
82.0625,16.75
82.125,16.8125
82.1875,16.875
82.25,16.9375
82.3125,17.0
82.375,17.0625
82.4375,17.125
82.5,17.1875
82.5625,17.25
82.625,17.3125
82.6875,17.375
82.75,17.4375
82.8125,17.5
82.875,17.5625
82.9375,17.625
83.0,17.6875
83.0625,17.75
83.125,17.8125
83.1875,17.875
83.25,17.9375
83.3125,18.0
83.375,18.0625
83.4375,18.125
83.4375,18.1875
83.5,18.25
83.5,18.3125
83.5,18.375
83.5,18.4375
83.5625,18.5
83.5625,18.5625
83.5625,18.625
83.5625,18.6875
83.5625,18.75
83.5625,18.8125
83.5,18.8125
83.4375,18.875
83.375,18.9375
83.3125,19.0
83.25,19.0625
83.1875,19.125
83.125,19.1875
83.0625,19.25
83.0,19.3125
82.9375,19.375
82.875,19.4375
82.8125,19.5
82.75,19.5625
82.6875,19.625
82.625,19.6875
82.5625,19.75
82.5,19.8125
82.4375,19.875
82.375,19.9375
82.3125,20.0
82.25,20.0625
82.1875,20.125
82.125,20.1875
82.0625,20.25
82.0,20.3125
81.9375,20.375
81.875,20.4375
81.8125,20.5
81.75,20.5625
81.6875,20.625
81.625,20.6875
81.5625,20.75
81.5,20.8125
81.4375,20.875
81.375,20.9375
81.3125,21.0
81.25,21.0625
81.1875,21.125
81.125,21.1875
81.0625,21.25
81.0,21.3125
80.9375,21.375
80.875,21.4375
80.8125,21.5
80.75,21.5625
80.6875,21.625
80.625,21.6875
80.5625,21.75
80.5,21.8125
80.4375,21.875
80.375,21.9375
80.3125,22.0
80.25,22.0625
80.1875,22.125
80.125,22.1875
80.0625,22.25
80.0,22.3125
79.9375,22.375
79.875,22.4375
79.8125,22.5
79.75,22.5625
79.6875,22.625
79.625,22.6875
79.5625,22.75
79.5,22.8125
79.4375,22.875
79.375,22.9375
79.3125,23.0
79.25,23.0625
79.1875,23.125
79.125,23.1875
79.0625,23.25
79.0,23.3125
78.9375,23.375
78.875,23.4375
78.8125,23.5
78.75,23.5625
78.6875,23.625
78.625,23.6875
78.5625,23.75
78.5,23.8125
78.4375,23.875
78.375,23.9375
78.3125,24.0
78.25,24.0625
78.1875,24.125
78.125,24.1875
78.0625,24.25
78.0,24.3125
77.9375,24.375
77.875,24.4375
77.8125,24.5
77.75,24.5625
77.6875,24.625
77.625,24.6875
77.5625,24.75
77.5,24.8125
77.4375,24.875
77.375,24.9375
77.3125,25.0
77.25,25.0625
77.1875,25.125
77.125,25.1875
77.0625,25.25
77.0,25.3125
76.9375,25.375
76.875,25.4375
76.8125,25.5
76.75,25.5625
76.6875,25.625
76.625,25.6875
76.5625,25.75
76.5,25.8125
76.4375,25.875
76.375,25.9375
76.3125,26.0
76.25,26.0625
76.1875,26.125
76.125,26.1875
76.0625,26.25
76.0,26.3125
75.9375,26.375
75.875,26.4375
75.8125,26.5
75.75,26.5625
75.6875,26.625
75.625,26.6875
75.5625,26.75
75.5,26.8125
75.4375,26.875
75.375,26.9375
75.3125,27.0
75.25,27.0625
75.1875,27.125
75.125,27.1875
75.0625,27.25
75.0,27.3125
74.9375,27.375
74.875,27.4375
74.8125,27.5
74.75,27.5625
74.6875,27.625
74.625,27.6875
74.5625,27.75
74.5,27.8125
74.4375,27.875
74.375,27.9375
74.3125,28.0
74.25,28.0625
74.1875,28.125
74.125,28.1875
74.0625,28.25
74.0,28.3125
73.9375,28.375
73.875,28.4375
73.8125,28.5
73.75,28.5625
73.6875,28.625
73.625,28.6875
73.5625,28.75
73.5,28.8125
73.4375,28.875
73.375,28.9375
73.3125,29.0
73.25,29.0625
73.1875,29.125
73.125,29.1875
73.0625,29.25
73.0,29.3125
72.9375,29.375
72.875,29.4375
72.8125,29.5
72.75,29.5625
72.6875,29.625
72.625,29.6875
72.5625,29.75
72.5,29.8125
72.4375,29.875
72.375,29.9375
72.3125,30.0
72.25,30.0625
72.1875,30.125
72.125,30.1875
72.0625,30.25
72.0,30.3125
71.9375,30.375
71.875,30.4375
71.8125,30.5
71.75,30.5625
71.6875,30.625
71.625,30.6875
71.5625,30.75
71.5,30.8125
71.4375,30.875
71.375,30.9375
71.3125,31.0
71.25,31.0625
71.1875,31.125
71.125,31.1875
71.0625,31.25
71.0,31.3125
70.9375,31.375
70.875,31.4375
70.8125,31.5
70.75,31.5625
70.6875,31.625
70.625,31.6875
70.5625,31.75
70.5,31.8125
70.4375,31.875
70.375,31.9375
70.3125,32.0
70.25,32.0625
70.1875,32.125
70.125,32.1875
70.0625,32.25
70.0,32.3125
69.9375,32.375
69.875,32.4375
69.8125,32.5
69.75,32.5625
69.75,32.625
69.6875,32.6875
69.625,32.75
69.625,32.8125
69.5625,32.875
69.5625,32.9375
69.5,33.0
69.4375,33.0625
69.375,33.125
69.3125,33.1875
69.25,33.25
69.1875,33.3125
69.125,33.375
69.0625,33.4375
69.0,33.5
68.9375,33.5625
68.875,33.625
68.8125,33.6875
68.75,33.75
68.6875,33.8125
68.625,33.875
68.5625,33.9375
68.5,34.0
68.4375,34.0625
68.375,34.125
68.3125,34.1875
68.25,34.25
68.25,34.3125
68.3125,34.375
68.3125,34.4375
68.375,34.5
68.375,34.5625
68.4375,34.625
68.5,34.6875
68.5625,34.6875
68.625,34.6875
68.6875,34.75
68.75,34.75
68.8125,34.75
68.875,34.8125
68.9375,34.8125
69.0,34.875
69.0625,34.875
69.125,34.875
69.1875,34.9375
69.25,34.9375
69.3125,35.0
69.375,35.0
69.4375,35.0
69.5,35.0625
69.5625,35.0625
69.625,35.0625
69.6875,35.125
69.75,35.125
69.8125,35.1875
69.875,35.1875
69.9375,35.1875
70.0,35.25
70.0625,35.25
70.125,35.25
70.1875,35.3125
70.25,35.3125
70.3125,35.375
70.375,35.375
70.4375,35.375
70.5,35.4375
70.5625,35.4375
70.625,35.4375
70.6875,35.5
70.75,35.5
70.8125,35.5
70.875,35.5625
70.9375,35.5625
71.0,35.625
71.0625,35.625
71.125,35.625
71.1875,35.6875
71.25,35.6875
71.3125,35.6875
71.375,35.75
71.4375,35.75
71.5,35.8125
71.5625,35.8125
71.625,35.8125
71.6875,35.875
71.75,35.875
71.8125,35.9375
71.875,35.9375
71.9375,35.9375
72.0,36.0
72.0625,36.0
72.125,36.0625
72.1875,36.0625
72.25,36.0625
72.3125,36.125
72.375,36.125
72.4375,36.1875
72.5,36.1875
72.5625,36.25
72.625,36.25
72.6875,36.3125
72.75,36.3125
72.8125,36.375
72.875,36.375
72.9375,36.4375
73.0,36.4375
73.0625,36.5
73.125,36.5625
73.1875,36.625
73.25,36.6875
73.3125,36.75
73.375,36.8125
73.4375,36.875
73.5,36.9375
73.5625,37.0
73.625,37.0625
73.6875,37.125
73.6875,37.1875
73.625,37.25
73.5625,37.3125
73.5,37.375
73.4375,37.4375
73.375,37.5
73.3125,37.5625
73.25,37.625
73.1875,37.6875
73.125,37.75
73.0625,37.8125
73.0,37.875
72.9375,37.9375
72.875,38.0
72.8125,38.0625
72.75,38.125
72.6875,38.1875
72.625,38.25
72.5625,38.3125
72.5,38.375
72.4375,38.4375
72.375,38.5
72.3125,38.5625
72.25,38.625
72.1875,38.6875
72.125,38.75
72.0625,38.8125
72.0,38.875
71.9375,38.9375
71.875,39.0
71.8125,39.0625
71.75,39.125
71.6875,39.1875
71.625,39.25
71.5625,39.3125
71.5,39.375
71.4375,39.4375
71.375,39.5
71.3125,39.5625
71.25,39.625
71.1875,39.6875
71.125,39.75
71.0625,39.8125
71.0,39.875
70.9375,39.9375
70.875,40.0
70.8125,40.0625
70.75,40.125
70.6875,40.1875
70.625,40.25
70.5625,40.3125
70.5,40.375
70.4375,40.4375
70.375,40.5
70.3125,40.5625
70.25,40.625
70.1875,40.6875
70.125,40.75
70.0625,40.8125
70.0,40.875
69.9375,40.875
69.875,40.875
69.8125,40.875
69.8125,40.9375
69.75,40.9375
69.75,41.0
69.6875,41.0625
69.6875,41.125
69.625,41.1875
69.625,41.25
69.5625,41.3125
69.5625,41.375
69.5625,41.4375
69.5,41.4375
69.4375,41.5
69.5,41.5625
69.5625,41.625
69.625,41.625
69.625,41.6875
69.625,41.75
69.6875,41.8125
69.75,41.875
69.8125,41.9375
69.8125,42.0
69.75,42.0625
69.6875,42.0625
69.625,42.0625
69.5625,42.125
69.5,42.125
69.4375,42.125
69.375,42.125
69.3125,42.125
69.25,42.1875
69.1875,42.1875
69.125,42.1875
69.0625,42.1875
69.0625,42.25
69.0625,42.3125
69.0625,42.375
69.0625,42.4375
69.0625,42.5
69.0625,42.5625
69.0,42.625
69.0,42.6875
69.0,42.75
69.0,42.8125
69.0,42.875
68.9375,42.9375
68.875,43.0
68.8125,43.0
68.8125,43.0625
68.8125,43.125
68.75,43.1875
68.6875,43.25
68.625,43.3125
68.5625,43.375
68.5,43.4375
68.4375,43.5
68.375,43.5625
68.3125,43.625
68.25,43.6875
68.1875,43.75
68.125,43.8125
68.0625,43.875
68.0,43.9375
67.9375,44.0
67.875,44.0625
67.8125,44.125
67.8125,44.1875
67.8125,44.25
67.8125,44.3125
67.8125,44.375
67.8125,44.4375
67.8125,44.5
67.8125,44.5625
67.875,44.625
67.875,44.6875
67.875,44.75
67.875,44.8125
67.875,44.875
67.9375,44.9375
67.9375,45.0
67.9375,45.0625
67.9375,45.125
68.0,45.1875
68.0625,45.25
68.0625,45.3125
68.125,45.375
68.1875,45.4375
68.25,45.5
68.3125,45.5625
68.375,45.625
68.4375,45.6875
68.5,45.75
68.5625,45.8125
68.625,45.875
68.6875,45.9375
68.75,46.0
68.8125,46.0625
68.875,46.125
68.9375,46.125
69.0,46.125
69.0625,46.125
69.125,46.125
69.1875,46.125
69.25,46.125
69.3125,46.125
69.375,46.125
69.4375,46.125
69.5,46.125
69.5625,46.125
69.625,46.125
69.6875,46.125
69.75,46.125
69.8125,46.0625
69.875,46.0625
69.9375,46.0
70.0,45.9375
70.0625,45.9375
70.125,45.875
70.125,45.8125
70.1875,45.75
70.25,45.6875
70.3125,45.625
70.375,45.5625
70.375,45.5
70.4375,45.5
70.5,45.5
70.5625,45.5
70.625,45.5625
70.6875,45.5625
70.75,45.5625
70.8125,45.5625
70.875,45.5625
70.9375,45.5625
71.0,45.5625
71.0625,45.625
71.125,45.625
71.1875,45.625
71.25,45.625
71.3125,45.625
71.375,45.625
71.4375,45.625
71.5,45.625
71.5625,45.625
71.625,45.625
71.6875,45.625
71.75,45.6875
71.8125,45.6875
71.875,45.6875
71.9375,45.6875
72.0,45.75
72.0625,45.75
72.125,45.75
72.1875,45.75
72.25,45.75
72.3125,45.8125
72.375,45.8125
72.4375,45.875
72.5,45.9375
72.5625,46.0
72.625,46.0625
72.625,46.125
72.5625,46.1875
72.5,46.25
72.5,46.3125
72.4375,46.375
72.4375,46.4375
72.4375,46.5
72.4375,46.5625
72.4375,46.625
72.4375,46.6875
72.4375,46.75
72.5,46.75
72.5625,46.6875
72.625,46.625
72.625,46.5625
72.625,46.5
72.625,46.4375
72.6875,46.375
72.6875,46.3125
72.75,46.3125
72.8125,46.3125
72.6875,46.25
72.6875,46.1875
72.375,46.8125
72.3125,46.875
72.25,46.875
72.1875,46.875
72.125,46.875
72.0625,46.875
72.0,46.875
71.9375,46.875
71.875,46.875
71.8125,46.875
71.75,46.875
71.6875,46.8125
71.625,46.8125
71.5625,46.8125
71.5,46.8125
71.4375,46.8125
71.375,46.8125
71.3125,46.8125
71.25,46.8125
71.1875,46.8125
71.125,46.8125
71.0625,46.8125
71.0,46.8125
70.9375,46.875
70.875,46.875
70.8125,46.875
70.75,46.875
70.6875,46.875
70.625,46.875
70.5625,46.875
70.5,46.9375
70.4375,46.9375
70.375,46.9375
70.3125,46.9375
70.25,46.9375
70.1875,46.9375
70.125,47.0
70.0625,47.0
70.0,47.0
69.9375,47.0
69.875,47.0
69.8125,47.0625
69.75,47.0625
69.6875,47.0625
69.625,47.0625
69.5625,47.0625
69.5,47.0625
69.4375,47.125
69.375,47.125
69.3125,47.125
69.25,47.125
69.1875,47.125
69.125,47.125
69.0625,47.125
69.0,47.1875
68.9375,47.1875
68.875,47.1875
68.8125,47.1875
68.75,47.25
68.6875,47.25
68.625,47.25
68.5625,47.25
68.5,47.25
68.4375,47.25
68.375,47.25
68.3125,47.25
68.25,47.25
68.1875,47.25
68.125,47.25
68.0625,47.25
68.0,47.25
67.9375,47.25
67.875,47.25
67.8125,47.25
67.75,47.25
67.6875,47.25
67.625,47.25
67.5625,47.25
67.5,47.25
67.4375,47.25
67.375,47.25
67.3125,47.25
67.25,47.25
67.1875,47.25
67.125,47.1875
67.0625,47.1875
67.0,47.1875
66.9375,47.125
66.875,47.125
66.8125,47.125
66.75,47.125
66.6875,47.125
66.625,47.0625
66.5625,47.0625
66.5,47.0
66.4375,47.0
66.375,46.9375
66.3125,46.9375
66.25,46.875
66.1875,46.8125
66.125,46.75
66.125,46.6875
66.0625,46.625
66.0,46.5625
66.0,46.5
65.9375,46.4375
65.875,46.375
65.875,46.3125
65.8125,46.25
65.8125,46.1875
65.8125,46.125
65.8125,46.0625
65.75,46.0
65.75,45.9375
65.75,45.875
65.6875,45.8125
65.6875,45.75
65.6875,45.6875
65.6875,45.625
65.6875,45.5625
65.625,45.5
65.625,45.4375
65.625,45.375
65.625,45.3125
65.625,45.25
65.5625,45.1875
65.5625,45.125
65.5625,45.0625
65.5625,45.0
65.5625,44.9375
65.5,44.875
65.5,44.8125
65.5,44.75
65.5,44.6875
65.5,44.625
65.5,44.5625
65.5,44.5
65.5,44.4375
65.5,44.375
65.5625,44.375
65.625,44.3125
65.6875,44.25
65.75,44.1875
65.8125,44.125
65.875,44.0625
65.9375,44.0
66.0,44.0
66.0625,44.0
66.125,44.0
66.1875,43.9375
66.25,43.9375
66.3125,43.9375
66.375,43.9375
66.4375,43.875
66.5,43.8125
66.5625,43.75
66.625,43.6875
66.6875,43.625
66.75,43.5625
66.8125,43.5
66.875,43.4375
66.9375,43.375
67.0,43.3125
67.0625,43.25
67.125,43.25
67.125,43.1875
67.125,43.125
67.0625,43.0625
67.0625,43.0
67.0625,42.9375
67.0625,42.875
67.0625,42.8125
67.0,42.75
67.0,42.6875
67.0,42.625
67.0,42.5625
67.0,42.5
67.0,42.4375
67.0,42.375
67.0,42.3125
66.9375,42.25
66.9375,42.1875
66.9375,42.125
66.9375,42.0625
66.875,42.0
66.875,41.9375
66.875,41.875
66.875,41.8125
66.875,41.75
66.8125,41.6875
66.8125,41.625
66.8125,41.5625
66.8125,41.5
66.75,41.4375
66.75,41.375
66.75,41.3125
66.6875,41.25
66.6875,41.1875
66.6875,41.125
66.625,41.0625
66.625,41.0
66.625,40.9375
66.5625,40.875
66.5625,40.8125
66.5625,40.75
66.5,40.6875
66.5,40.625
66.5,40.5625
66.4375,40.5
66.4375,40.4375
66.375,40.375
66.3125,40.375
66.25,40.3125
66.1875,40.25
66.125,40.1875
66.0625,40.125
66.0,40.0625
65.9375,40.0
65.875,39.9375
65.8125,39.875
65.75,39.875
65.6875,39.875
65.625,39.8125
65.5625,39.8125
65.5,39.8125
65.4375,39.8125
65.375,39.75
65.3125,39.75
65.25,39.75
65.1875,39.6875
65.125,39.6875
65.0625,39.6875
65.0,39.6875
64.9375,39.6875
64.875,39.75
64.8125,39.8125
64.75,39.875
64.6875,39.9375
64.625,40.0
64.5625,40.0625
64.5,40.0625
64.4375,40.0625
64.375,40.125
64.3125,40.125
64.25,40.125
64.1875,40.125
64.125,40.125
64.0625,40.125
64.0,40.125
63.9375,40.0625
63.875,40.0625
63.8125,40.0625
63.75,40.0625
63.6875,40.0
63.625,40.0
63.5625,40.0
63.5,39.9375
63.4375,39.9375
63.375,39.9375
63.3125,39.9375
63.25,39.875
63.1875,39.875
63.125,39.875
63.0625,39.8125
63.0,39.8125
62.9375,39.8125
62.875,39.75
62.8125,39.75
62.75,39.75
62.6875,39.75
62.625,39.6875
62.5625,39.6875
62.5,39.6875
62.4375,39.625
62.375,39.625
62.3125,39.625
62.25,39.5625
62.1875,39.5
62.125,39.4375
62.0625,39.375
62.0625,39.3125
62.0625,39.25
62.0625,39.1875
62.0625,39.125
62.0625,39.0625
62.0625,39.0
62.0625,38.9375
62.125,38.875
62.1875,38.8125
62.25,38.75
62.3125,38.6875
62.375,38.625
62.4375,38.5625
62.5,38.5
62.5625,38.4375
62.625,38.4375
62.625,38.5
62.6875,38.5625
62.75,38.625
62.8125,38.6875
62.875,38.75
62.875,38.8125
62.875,38.875
62.875,38.9375
62.875,39.0
62.875,39.0625
62.875,39.125
62.875,39.1875
62.875,39.25
62.875,39.3125
62.875,39.375
62.875,39.4375
62.875,39.5
62.875,39.5625
62.875,39.625
62.875,39.6875
62.9375,38.75
63.0,38.75
63.0625,38.75
63.125,38.75
63.1875,38.75
63.25,38.75
63.3125,38.75
63.375,38.75
63.4375,38.75
63.5,38.75
63.5625,38.75
63.625,38.75
63.6875,38.75
63.75,38.75
63.8125,38.75
63.875,38.75
63.9375,38.75
64.0,38.75
64.0625,38.75
64.125,38.75
64.125,38.8125
64.1875,38.875
64.1875,38.9375
64.25,39.0
64.3125,39.0625
64.375,39.125
64.4375,39.1875
64.5,39.25
64.5625,39.3125
64.625,39.375
64.6875,39.4375
64.75,39.5
64.8125,39.5625
64.875,39.625
65.9375,39.875
66.0,39.8125
66.0625,39.75
66.125,39.6875
66.1875,39.625
66.1875,39.5625
66.1875,39.5
66.25,39.4375
66.3125,39.375
66.375,39.3125
66.4375,39.25
66.4375,39.1875
66.4375,39.125
66.5,39.0625
66.5,39.0
66.5,38.9375
66.5,38.875
66.5,38.8125
66.5,38.75
66.5,38.6875
66.5,38.625
66.5,38.5625
66.5,38.5
66.5,38.4375
66.5,38.375
66.5,38.3125
66.5,38.25
66.5,38.1875
66.5,38.125
66.5,38.0625
66.5,38.0
66.5,37.9375
66.5,37.875
66.5,37.8125
66.5,37.75
66.4375,37.6875
66.4375,37.625
66.4375,37.5625
66.4375,37.5
65.75,37.125
65.75,37.0625
65.8125,37.0
65.875,36.9375
65.875,36.875
65.9375,36.8125
66.0,36.8125
66.0625,36.75
66.125,36.75
66.1875,36.6875
66.25,36.6875
66.3125,36.6875
66.375,36.625
66.4375,36.6875
66.5,36.6875
66.5625,36.6875
66.625,36.6875
66.6875,36.75
66.75,36.75
66.8125,36.8125
66.875,36.8125
66.9375,36.875
67.0,36.9375
67.0625,37.0
67.125,37.0625
67.1875,37.125
67.25,37.1875
67.3125,37.25
67.375,37.3125
67.4375,37.375
67.5,37.4375
67.5625,37.5
67.625,37.5625
67.6875,37.625
67.75,37.6875
67.75,37.75
67.8125,37.8125
67.875,37.875
67.9375,37.9375
68.0,38.0
68.0625,38.0625
68.125,38.125
68.1875,38.1875
68.25,38.25
68.25,38.3125
68.3125,38.375
68.375,38.4375
68.4375,38.5
68.5,38.5625
68.5625,38.625
68.5625,38.6875
68.625,38.75
68.6875,38.8125
68.75,38.875
68.8125,38.9375
68.875,39.0
68.875,39.0625
68.9375,39.125
69.0,39.1875
69.0625,39.25
69.0625,39.3125
69.125,39.375
69.1875,39.4375
69.1875,39.5
69.25,39.5625
69.25,39.625
69.25,39.6875
69.25,39.75
69.25,39.8125
69.25,39.875
69.3125,39.9375
69.3125,40.0
69.3125,40.0625
69.3125,40.125
69.25,40.1875
69.25,40.25
69.25,40.3125
69.25,40.375
69.25,40.4375
69.25,40.5
69.25,40.5625
69.25,40.625
69.25,40.6875
69.25,40.75
69.1875,40.8125
69.1875,40.875
69.125,40.875
69.0625,40.9375
69.0,40.9375
68.9375,41.0
68.9375,41.0625
68.875,41.125
68.875,41.1875
68.8125,41.25
68.8125,41.3125
68.8125,41.375
68.75,41.4375
68.75,41.5
68.75,41.5625
68.75,41.625
68.75,41.6875
68.6875,41.75
68.75,41.8125
68.75,41.875
68.75,41.9375
68.75,42.0
68.75,42.0625
68.8125,42.125
68.875,42.125
68.9375,42.125
69.0,42.1875
68.9375,42.75
68.875,42.8125
68.8125,42.875
68.8125,42.9375
69.0625,42.8125
69.125,42.875
69.1875,42.9375
69.1875,43.0
69.1875,43.0625
69.1875,43.125
69.1875,43.1875
69.1875,43.25
69.1875,43.3125
69.1875,43.375
69.1875,43.4375
69.1875,43.5
69.1875,43.5625
69.1875,43.625
69.1875,43.6875
69.1875,43.75
69.1875,43.8125
69.1875,43.875
69.1875,43.9375
69.1875,44.0
69.1875,44.0625
69.125,44.125
69.0625,44.125
69.0,44.125
68.9375,44.125
68.875,44.125
68.8125,44.125
68.75,44.125
68.6875,44.125
68.625,44.125
68.5625,44.125
68.5,44.125
68.4375,44.125
68.375,44.125
68.3125,44.125
68.25,44.125
68.1875,44.1875
68.125,44.1875
68.0625,44.1875
68.0,44.1875
67.9375,44.1875
67.875,44.1875
67.75,44.1875
67.6875,44.125
67.625,44.125
67.5625,44.0625
67.5,44.0
67.4375,43.9375
67.4375,43.875
67.375,43.8125
67.375,43.75
67.3125,43.6875
67.3125,43.625
67.25,43.5625
67.25,43.5
67.1875,43.4375
67.1875,43.375
67.1875,43.3125
65.375,43.875
65.375,43.9375
65.375,44.0
65.4375,44.0625
65.4375,44.125
65.4375,44.1875
65.4375,44.25
65.4375,44.3125
65.3125,43.8125
65.3125,43.75
65.25,43.6875
65.25,43.625
65.25,43.5625
65.1875,43.5
65.1875,43.4375
65.125,43.375
65.0625,43.3125
65.0625,43.25
65.0,43.1875
64.9375,43.125
64.875,43.0625
64.8125,43.0
64.75,42.9375
64.6875,42.875
64.625,42.8125
64.5625,42.75
64.5,42.6875
64.4375,42.625
64.375,42.5625
64.3125,42.5
64.25,42.4375
64.1875,42.375
64.125,42.3125
64.0625,42.25
64.0,42.25
63.9375,42.1875
63.875,42.125
63.8125,42.0625
63.75,42.0
63.6875,41.9375
63.625,41.9375
63.5625,41.875
63.5,41.8125
63.4375,41.75
63.375,41.6875
63.3125,41.6875
63.25,41.625
63.1875,41.5625
63.125,41.5
63.0625,41.5
63.0,41.4375
62.9375,41.375
62.875,41.3125
62.8125,41.3125
62.75,41.25
62.6875,41.1875
62.625,41.125
62.5625,41.0625
62.5,41.0
62.4375,41.0
62.375,40.9375
62.3125,40.875
62.25,40.8125
62.1875,40.75
62.125,40.6875
62.0625,40.625
62.0,40.625
61.9375,40.5625
61.875,40.5
61.8125,40.4375
61.75,40.375
61.6875,40.3125
61.625,40.25
61.5625,40.1875
61.5,40.125
61.4375,40.0625
61.4375,40.0
61.375,39.9375
61.3125,39.875
61.3125,39.8125
61.3125,39.75
61.3125,39.6875
61.25,39.625
61.25,39.5625
61.25,39.5
61.25,39.4375
61.25,39.375
61.25,39.3125
61.25,39.25
61.1875,39.1875
61.1875,39.125
61.1875,39.0625
61.25,39.0
61.25,38.9375
61.25,38.875
61.25,38.8125
61.25,38.75
61.25,38.6875
61.25,38.625
61.25,38.5625
61.3125,38.5
61.3125,38.4375
61.3125,38.375
61.3125,38.3125
61.3125,38.25
61.3125,38.1875
61.375,38.125
61.375,38.0625
61.3125,38.0625
61.25,38.0
61.1875,37.9375
61.125,37.875
61.0625,37.8125
61.0,37.8125
60.9375,37.8125
60.875,37.8125
60.8125,37.8125
60.75,37.75
60.6875,37.75
60.625,37.75
60.5625,37.6875
60.5,37.625
60.5,37.5625
60.5625,37.5625
60.625,37.5625
60.6875,37.5625
60.75,37.5625
60.8125,37.5625
60.875,37.625
60.9375,37.625
61.0,37.6875
61.0625,37.75
61.3125,37.5625
61.375,37.625
61.4375,37.6875
61.5,37.75
61.5625,37.75
61.5625,37.8125
61.625,37.8125
61.625,37.75
61.625,37.6875
61.625,37.625
61.625,37.5625
61.625,37.5
61.6875,37.4375
61.6875,37.375
61.6875,37.3125
61.6875,37.25
61.6875,37.1875
61.6875,37.125
61.75,37.0625
61.75,37.0
61.75,36.9375
61.75,36.875
61.75,36.8125
61.75,36.75
61.75,36.6875
61.75,36.625
61.6875,36.625
61.625,36.625
61.5625,36.625
61.5,36.625
61.4375,36.625
61.375,36.625
61.3125,36.625
61.25,36.625
61.1875,36.625
61.125,36.5625
61.0625,36.5625
61.0,36.5625
60.9375,36.5625
60.875,36.5625
60.8125,36.5
60.75,36.4375
60.6875,36.375
60.625,36.3125
60.5625,36.3125
60.5,36.3125
60.4375,36.375
60.375,36.4375
60.3125,36.4375
60.25,36.4375
60.25,36.5
60.25,36.5625
60.25,36.625
60.25,36.6875
60.25,36.75
60.3125,36.75
60.375,36.8125
60.4375,36.875
60.5,36.9375
60.5625,37.0
60.625,37.0625
60.6875,37.125
60.75,37.1875
60.8125,37.25
60.875,37.25
60.9375,37.25
61.0,37.3125
61.0625,37.3125
61.125,37.375
61.1875,37.4375
61.25,37.5
61.5,37.875
61.5,37.9375
61.5,38.0
61.4375,38.0625
61.6875,37.875
61.75,37.9375
61.8125,38.0
61.875,38.0625
61.875,38.125
61.9375,38.1875
62.0,38.25
62.0625,38.25
62.125,38.25
62.1875,38.3125
62.25,38.3125
62.3125,38.3125
62.375,38.3125
62.4375,38.3125
62.4375,38.25
62.375,38.1875
62.3125,38.125
62.25,38.125
62.1875,38.0625
62.125,38.0625
62.0625,38.0625
62.0,38.0625
61.9375,38.0625
62.5,38.375
62.5625,38.375
62.625,38.375
62.6875,38.3125
62.6875,38.25
62.6875,38.1875
62.6875,38.125
62.6875,38.0625
62.6875,38.0
62.75,37.9375
62.75,37.875
62.8125,37.8125
62.8125,37.75
62.875,37.6875
62.9375,37.625
63.0,37.5625
63.0625,37.5
63.125,37.5
63.1875,37.5
63.25,37.5625
63.3125,37.5625
63.375,37.625
63.4375,37.625
63.5,37.6875
63.5625,37.6875
63.625,37.75
63.6875,37.8125
63.75,37.8125
63.8125,37.875
63.8125,37.9375
63.875,38.0
63.9375,38.0625
63.9375,38.125
63.9375,38.1875
63.9375,38.25
64.0,38.3125
64.0,38.375
64.0,38.4375
64.0625,38.5
64.0625,38.5625
64.0625,38.625
64.125,38.6875
64.75,37.25
64.8125,37.25
64.875,37.25
64.9375,37.3125
65.0,37.3125
65.0625,37.3125
65.125,37.375
65.1875,37.375
65.25,37.375
65.3125,37.375
65.375,37.3125
65.4375,37.3125
65.5,37.25
65.5625,37.25
65.625,37.25
65.6875,37.1875
65.125,36.375
65.125,36.3125
65.125,36.25
65.125,36.1875
65.125,36.125
65.1875,36.0625
65.1875,36.0
65.1875,35.9375
65.1875,35.875
65.1875,35.8125
65.1875,35.75
65.1875,35.6875
65.1875,35.625
65.1875,35.5625
65.1875,35.5
65.1875,35.4375
65.25,35.375
65.25,35.3125
65.25,35.25
65.3125,35.1875
65.3125,35.125
65.375,35.0625
65.375,35.0
65.375,34.9375
65.4375,34.875
65.4375,34.8125
65.4375,34.75
65.5,34.6875
65.5,34.625
65.5625,34.5625
65.625,34.5
65.6875,34.4375
65.75,34.375
65.8125,34.3125
65.875,34.25
65.9375,34.1875
66.0,34.125
66.0625,34.0625
66.125,34.0
66.1875,33.9375
66.25,33.875
66.3125,33.8125
66.375,33.75
66.4375,33.6875
66.5,33.625
66.5625,33.5625
66.625,33.5
66.6875,33.4375
66.75,33.4375
66.8125,33.4375
66.875,33.5
66.9375,33.5625
67.0,33.625
67.0625,33.6875
67.125,33.75
67.1875,33.8125
67.25,33.875
67.3125,33.9375
67.375,34.0
67.4375,34.0625
67.5,34.125
67.5625,34.1875
67.625,34.1875
67.6875,34.1875
67.75,34.1875
67.8125,34.1875
67.875,34.1875
67.9375,34.1875
68.0,34.1875
68.0625,34.1875
68.125,34.25
68.1875,34.25
66.75,33.375
66.75,33.3125
66.6875,33.25
66.6875,33.1875
66.6875,33.125
66.6875,33.0625
66.625,33.0
66.625,32.9375
66.625,32.875
66.625,32.8125
66.5625,32.75
66.5625,32.6875
66.5625,32.625
66.5625,32.5625
66.5,32.5
66.5,32.4375
66.5,32.375
66.5,32.3125
66.5,32.25
66.4375,32.1875
66.4375,32.125
66.4375,32.0625
66.4375,32.0
66.375,31.9375
66.375,31.875
66.375,31.8125
66.375,31.75
66.3125,31.6875
66.3125,31.625
66.3125,31.5625
66.3125,31.5
66.25,31.4375
66.25,31.375
66.25,31.3125
66.25,31.25
66.25,31.1875
66.1875,31.125
66.1875,31.0625
66.1875,31.0
66.1875,30.9375
66.125,30.875
66.125,30.8125
66.125,30.75
66.125,30.6875
66.0625,30.625
66.0625,30.5625
66.0625,30.5
66.0625,30.4375
66.0625,30.375
66.0,30.3125
66.0,30.25
66.0,30.1875
66.0,30.125
65.9375,30.0625
65.9375,30.0
65.9375,29.9375
65.9375,29.875
65.875,29.8125
65.875,29.75
65.875,29.6875
65.875,29.625
65.875,29.5625
65.8125,29.5
65.8125,29.4375
65.8125,29.375
65.8125,29.3125
65.75,29.3125
65.6875,29.25
65.625,29.25
65.5625,29.25
65.5,29.1875
65.4375,29.1875
65.375,29.125
65.3125,29.125
65.25,29.0625
65.1875,29.0625
65.125,29.0
65.0625,29.0
65.0,28.9375
64.9375,28.9375
64.875,28.9375
64.8125,28.875
64.75,28.875
64.6875,28.8125
64.625,28.8125
64.5625,28.75
64.5,28.75
64.4375,28.6875
64.375,28.6875
64.3125,28.625
64.25,28.625
64.1875,28.625
64.125,28.5625
64.0625,28.5625
64.0,28.5
63.9375,28.5
63.875,28.4375
63.8125,28.4375
63.75,28.375
63.6875,28.375
63.625,28.3125
63.5625,28.3125
63.5,28.3125
63.4375,28.25
63.375,28.25
63.3125,28.1875
63.25,28.1875
63.1875,28.125
63.125,28.125
63.0625,28.0625
63.0,28.0625
62.9375,28.0
62.875,28.0
62.8125,27.9375
62.75,27.9375
62.6875,27.9375
62.625,27.875
62.5625,27.875
62.5,27.8125
62.4375,27.8125
62.375,27.75
62.3125,27.75
62.25,27.6875
62.1875,27.6875
62.125,27.625
62.0625,27.625
62.0,27.625
61.9375,27.5625
61.875,27.5625
61.8125,27.5
61.75,27.4375
61.6875,27.375
61.6875,27.3125
61.6875,27.25
61.625,27.1875
61.625,27.125
61.625,27.0625
61.625,27.0
61.5625,26.9375
61.5625,26.875
61.5625,26.8125
61.5625,26.75
61.5625,26.6875
61.5,26.625
61.5,26.5625
61.5,26.5
61.5,26.4375
61.4375,26.375
61.4375,26.3125
61.4375,26.25
61.4375,26.1875
61.4375,26.125
61.375,26.0625
61.375,26.0
61.375,25.9375
61.375,25.875
61.3125,25.8125
61.3125,25.75
61.3125,25.6875
61.3125,25.625
61.25,25.5625
61.25,25.5
61.25,25.4375
61.25,25.375
61.25,25.3125
61.1875,25.25
61.1875,25.1875
61.1875,25.125
61.1875,25.0625
61.125,25.0
61.125,24.9375
61.125,24.875
61.125,24.8125
61.0625,24.75
61.0625,24.6875
61.0625,24.625
61.0625,24.5625
61.0,24.5
61.0,24.4375
61.0,24.375
61.0,24.3125
61.0,24.25
60.9375,24.1875
60.9375,24.125
60.9375,24.0625
60.9375,24.0
60.875,23.9375
60.875,23.875
60.875,23.8125
60.875,23.75
60.8125,23.6875
60.8125,23.625
60.8125,23.5625
60.8125,23.5
60.8125,23.4375
60.8125,23.375
60.8125,23.3125
60.8125,23.25
60.875,23.1875
60.875,23.125
60.875,23.0625
60.9375,23.0
61.0,22.9375
61.0625,22.875
61.125,22.8125
61.1875,22.75
61.25,22.6875
61.3125,22.625
61.375,22.5625
61.4375,22.5
61.5,22.4375
61.5625,22.375
61.625,22.3125
61.6875,22.25
61.75,22.1875
61.8125,22.125
61.875,22.0625
61.9375,22.0
62.0,21.9375
62.0625,21.875
62.125,21.8125
62.1875,21.75
62.25,21.6875
62.3125,21.625
62.375,21.5625
62.4375,21.5
62.5,21.4375
62.5625,21.375
62.625,21.3125
62.6875,21.25
62.75,21.1875
62.8125,21.125
62.875,21.0625
62.9375,21.0
63.0,20.9375
63.0625,20.875
63.125,20.8125
63.1875,20.75
63.25,20.6875
63.3125,20.625
63.375,20.5625
63.4375,20.5
63.5,20.4375
63.5625,20.375
63.625,20.3125
63.6875,20.25
63.75,20.1875
63.8125,20.125
63.875,20.0625
63.9375,20.0
64.0,19.9375
64.0625,19.875
64.125,19.8125
64.1875,19.75
64.25,19.6875
64.3125,19.625
64.375,19.5625
64.4375,19.5
64.5,19.4375
64.5625,19.375
64.625,19.3125
64.6875,19.25
64.75,19.1875
64.8125,19.125
64.875,19.0625
64.9375,19.0
65.0,18.9375
65.0625,18.875
65.125,18.8125
65.1875,18.75
65.25,18.6875
65.3125,18.625
65.375,18.5625
65.4375,18.5
65.5,18.4375
65.5625,18.375
65.625,18.3125
65.6875,18.25
65.75,18.1875
65.8125,18.125
65.875,18.0625
65.9375,18.0
66.0,17.9375
66.0625,17.875
66.125,17.8125
66.1875,17.75
66.25,17.6875
66.3125,17.625
66.375,17.5625
66.4375,17.5
66.5,17.4375
66.5625,17.375
66.625,17.3125
66.6875,17.25
66.75,17.1875
66.8125,17.125
66.875,17.0625
66.9375,17.0
67.0,16.9375
67.0625,16.875
67.125,16.8125
67.1875,16.75
67.25,16.6875
67.3125,16.625
67.375,16.5625
67.4375,16.5
67.5,16.4375
67.5625,16.375
67.625,16.3125
67.6875,16.25
67.75,16.1875
67.8125,16.125
67.875,16.0625
67.9375,16.0
68.0,15.9375
68.0625,15.875
68.125,15.8125
68.1875,15.75
68.25,15.6875
68.3125,15.625
68.375,15.5625
68.4375,15.5
68.5,15.4375
68.5625,15.375
68.625,15.3125
68.6875,15.25
68.75,15.1875
68.8125,15.125
68.875,15.0625
68.9375,15.0
69.0,14.9375
69.0625,14.875
69.125,14.8125
69.1875,14.75
69.25,14.6875
69.3125,14.625
69.375,14.5625
69.4375,14.5
69.5,14.4375
69.5625,14.375
69.625,14.3125
69.6875,14.25
69.75,14.1875
69.8125,14.125
69.875,14.0625
69.9375,14.0
70.0,13.9375
70.0625,13.875
70.125,13.8125
70.1875,13.75
70.25,13.6875
70.3125,13.625
70.375,13.5625
70.4375,13.5
70.5,13.4375
70.5625,13.375
70.625,13.3125
70.6875,13.25
70.75,13.1875
70.8125,13.125
70.875,13.0625
70.9375,13.0
71.0,12.9375
71.0625,12.875
68.8125,11.75
68.75,11.6875
68.6875,11.625
68.625,11.5625
68.5625,11.5
68.5,11.4375
68.4375,11.375
68.375,11.3125
68.3125,11.25
68.25,11.1875
68.1875,11.125
68.125,11.0625
68.0625,11.0
68.0,10.9375
67.9375,10.875
67.875,10.8125
67.8125,10.75
67.75,10.6875
67.6875,10.625
67.625,10.5625
67.5625,10.5
67.5,10.4375
67.4375,10.375
67.375,10.3125
67.3125,10.25
67.25,10.1875
67.1875,10.125
67.125,10.0625
67.0625,10.0
67.0,9.9375
66.9375,9.875
66.875,9.8125
66.8125,9.8125
66.75,9.75
66.6875,9.75
66.625,9.75
66.5625,9.75
66.5,9.6875
66.4375,9.6875
66.375,9.6875
66.3125,9.6875
66.25,9.6875
66.1875,9.6875
66.125,9.6875
66.0625,9.6875
66.0,9.6875
65.9375,9.6875
65.875,9.6875
65.8125,9.6875
65.75,9.6875
65.6875,9.6875
65.625,9.6875
65.5625,9.6875
65.5,9.6875
65.4375,9.6875
65.375,9.6875
65.3125,9.6875
65.25,9.6875
65.1875,9.6875
65.125,9.6875
65.0625,9.6875
65.0,9.6875
64.9375,9.6875
64.875,9.6875
64.8125,9.6875
64.75,9.6875
64.6875,9.6875
64.625,9.6875
64.5625,9.6875
64.5,9.6875
64.4375,9.6875
64.375,9.6875
64.3125,9.6875
64.25,9.6875
64.1875,9.6875
64.125,9.6875
64.0625,9.6875
64.0,9.6875
60.8125,9.25
60.75,9.1875
60.6875,9.1875
60.625,9.125
60.5625,9.0625
60.5,9.0625
60.4375,9.0
60.375,9.0
60.3125,9.0
60.25,8.9375
60.1875,8.9375
60.125,8.875
60.0625,8.875
60.0,8.875
59.9375,8.875
59.875,8.875
59.8125,8.875
59.8125,8.9375
59.75,9.0
59.6875,9.0625
59.625,9.125
59.5625,9.1875
59.5,9.25
59.4375,9.3125
59.375,9.375
59.3125,9.4375
59.25,9.5
59.1875,9.5625
59.125,9.625
59.0625,9.6875
59.0,9.75
58.9375,9.8125
58.875,9.875
58.8125,9.9375
58.75,10.0
58.6875,10.0625
58.625,10.125
58.5625,10.1875
58.5,10.25
58.4375,10.3125
58.375,10.375
58.3125,10.4375
58.25,10.5
58.1875,10.5625
58.125,10.625
58.0625,10.6875
58.0,10.75
57.9375,10.8125
57.875,10.875
57.8125,10.9375
57.75,11.0
57.6875,11.0625
57.625,11.125
57.5625,11.1875
57.5,11.25
57.4375,11.3125
57.375,11.375
57.3125,11.4375
57.25,11.5
57.1875,11.5625
57.125,11.625
57.0625,11.6875
57.0,11.75
56.9375,11.8125
56.875,11.875
56.8125,11.9375
56.75,12.0
56.6875,12.0625
56.625,12.125
56.5625,12.1875
56.5,12.25
56.4375,12.3125
56.375,12.375
56.3125,12.4375
56.25,12.5
56.1875,12.5625
56.125,12.625
56.0625,12.6875
56.0,12.75
55.9375,12.8125
55.875,12.875
55.8125,12.9375
55.75,13.0
55.6875,13.0625
55.625,13.125
55.5625,13.1875
55.5,13.25
55.4375,13.3125
55.375,13.375
55.3125,13.4375
55.25,13.5
55.1875,13.5625
55.125,13.625
55.0625,13.6875
55.0,13.75
54.9375,13.8125
54.875,13.875
54.8125,13.9375
54.75,14.0
54.6875,14.0625
54.625,14.125
54.5625,14.1875
54.5,14.25
54.4375,14.3125
54.375,14.375
54.3125,14.4375
54.25,14.5
54.1875,14.5625
54.125,14.625
54.0625,14.6875
54.0,14.75
53.9375,14.8125
53.875,14.875
53.8125,14.9375
53.75,15.0
53.6875,15.0625
53.625,15.125
53.5625,15.1875
53.5,15.25
53.4375,15.3125
53.375,15.375
53.3125,15.4375
53.25,15.5
53.1875,15.5625
53.125,15.625
53.0625,15.6875
53.0,15.75
52.9375,15.8125
52.875,15.875
52.8125,15.9375
52.75,16.0
52.6875,16.0625
52.625,16.125
52.5625,16.1875
52.5,16.25
52.4375,16.3125
52.375,16.375
52.3125,16.4375
52.25,16.5
52.1875,16.5625
52.125,16.625
52.0625,16.6875
52.0,16.75
51.9375,16.8125
51.875,16.875
51.8125,16.9375
51.75,17.0
51.6875,17.0625
51.625,17.125
51.5625,17.1875
51.5,17.25
51.4375,17.3125
51.375,17.375
51.3125,17.4375
51.25,17.5
51.1875,17.5625
51.1875,17.625
51.125,17.6875
51.0625,17.6875
51.0625,17.625
51.0,17.625
51.0,17.5625
51.0625,17.5
51.125,17.5625
51.25,17.6875
51.1875,17.75
51.0,17.75
50.9375,17.8125
50.875,17.875
50.8125,17.9375
50.75,18.0
50.6875,18.0625
50.6875,18.125
50.6875,18.1875
50.6875,18.25
50.6875,18.3125
50.75,18.375
50.75,18.4375
50.8125,18.5
50.8125,18.5625
50.875,18.625
50.875,18.6875
50.875,18.75
50.9375,18.8125
50.9375,18.875
50.9375,18.9375
50.9375,19.0
51.0,19.0625
51.0,19.125
51.0,19.1875
51.0,19.25
51.0,19.3125
50.625,18.0625
50.5625,18.0625
50.5,18.0
50.4375,18.0
50.375,17.9375
50.3125,17.9375
50.25,17.875
50.1875,17.875
50.125,17.875
50.0625,17.875
50.0,17.875
49.9375,17.8125
49.875,17.8125
49.8125,17.8125
49.75,17.8125
49.6875,17.8125
49.625,17.8125
49.5625,17.8125
49.5,17.75
49.4375,17.75
49.375,17.75
49.3125,17.75
49.25,17.75
49.1875,17.75
49.125,17.8125
49.0625,17.8125
49.0,17.8125
48.9375,17.8125
48.875,17.8125
48.8125,17.8125
48.75,17.8125
48.6875,17.875
48.625,17.875
48.5625,17.875
48.5,17.9375
48.5,18.0
48.4375,18.0625
48.4375,18.125
48.4375,18.1875
48.375,18.25
48.375,18.3125
48.375,18.375
48.375,18.4375
48.375,18.5
48.375,18.5625
48.4375,18.625
48.4375,18.6875
48.4375,18.75
48.4375,18.8125
48.4375,18.875
48.4375,18.9375
48.5,19.0
48.5,19.0625
48.5,19.125
48.5625,19.1875
48.5625,19.25
48.5625,19.3125
48.625,19.375
48.625,19.4375
48.625,19.5
48.6875,19.5625
48.6875,19.625
48.75,19.6875
48.75,19.75
48.8125,19.8125
48.8125,19.875
48.875,19.9375
48.875,20.0
48.9375,20.0625
48.9375,20.125
49.0,20.1875
49.0,20.25
49.0625,20.3125
49.0625,20.375
49.125,20.4375
49.125,20.5
49.1875,20.5625
49.25,20.625
49.25,20.6875
49.25,20.75
49.3125,20.8125
49.3125,20.875
49.375,20.9375
49.375,21.0
49.4375,21.0625
49.4375,21.125
49.5,21.1875
49.5,21.25
49.5625,21.3125
49.5625,21.375
49.625,21.4375
49.625,21.5
49.6875,21.5625
49.6875,21.625
49.75,21.6875
49.75,21.75
49.8125,21.8125
49.8125,21.875
49.875,21.9375
49.875,22.0
49.9375,22.0625
49.9375,22.125
50.0,22.1875
50.0625,22.25
50.0625,22.3125
50.125,22.375
50.125,22.4375
50.1875,22.5
50.1875,22.5625
50.25,22.625
50.25,22.6875
50.3125,22.75
50.3125,22.8125
50.375,22.875
50.375,22.9375
50.4375,23.0
50.4375,23.0625
50.5,23.125
50.5625,23.1875
50.5625,23.25
50.625,23.3125
50.625,23.375
50.6875,23.4375
50.6875,23.5
50.75,23.5625
50.75,23.625
50.8125,23.6875
50.8125,23.75
50.875,23.8125
50.875,23.875
50.9375,23.9375
51.0,24.0
51.0,24.0625
51.0625,24.125
51.0625,24.1875
51.125,24.25
51.125,24.3125
51.1875,24.375
51.1875,24.4375
51.25,24.5
51.25,24.5625
51.3125,24.625
51.3125,24.6875
51.375,24.75
51.375,24.8125
51.4375,24.875
51.5,24.9375
51.5,25.0
51.5625,25.0625
51.5625,25.125
51.625,25.1875
51.625,25.25
51.6875,25.3125
51.6875,25.375
51.75,25.4375
51.75,25.5
51.8125,25.5625
51.8125,25.625
51.875,25.6875
51.9375,25.75
51.9375,25.8125
52.0,25.875
52.0,25.9375
52.0625,26.0
52.0625,26.0625
52.125,26.125
52.125,26.1875
52.1875,26.25
52.1875,26.3125
52.25,26.375
52.25,26.4375
52.3125,26.5
52.3125,26.5625
52.375,26.625
52.375,26.6875
52.4375,26.75
52.4375,26.8125
52.5,26.875
52.5,26.9375
52.5625,27.0
52.5625,27.0625
52.625,27.125
52.6875,27.1875
52.6875,27.25
52.75,27.3125
52.75,27.375
52.8125,27.4375
52.8125,27.5
52.875,27.5625
52.875,27.625
52.9375,27.6875
52.9375,27.75
53.0,27.8125
53.0,27.875
53.0625,27.9375
53.0625,28.0
53.125,28.0625
53.125,28.125
53.125,28.1875
53.1875,28.25
53.1875,28.3125
53.25,28.375
53.25,28.4375
53.3125,28.5
53.3125,28.5625
53.3125,28.625
53.375,28.6875
53.375,28.75
53.375,28.8125
53.375,28.875
55.0,29.25
55.0,29.3125
55.0,29.375
55.0,29.4375
55.0,29.5
55.0,29.5625
55.0,29.625
55.0,29.6875
54.9375,29.6875
54.875,29.75
54.875,29.8125
54.875,29.875
54.875,29.9375
54.8125,30.0
54.8125,30.0625
54.8125,30.125
54.8125,30.1875
54.8125,30.25
54.75,30.3125
54.75,30.375
54.6875,30.4375
54.6875,30.5
54.625,30.5625
54.625,30.625
54.5625,30.6875
54.5625,30.75
54.5,30.8125
54.4375,30.875
54.4375,30.9375
54.375,31.0
54.375,31.0625
54.375,31.125
54.3125,31.1875
54.25,31.25
54.1875,31.3125
54.125,31.375
54.125,31.4375
54.0625,31.5
54.0,31.5625
53.9375,31.625
53.875,31.625
53.8125,31.6875
53.75,31.75
53.6875,31.75
53.625,31.8125
53.5625,31.875
53.5,31.9375
53.5,32.125
53.5625,32.1875
53.625,32.25
53.6875,32.3125
53.75,32.375
53.8125,32.4375
53.875,32.5
53.9375,32.5625
54.0,32.625
54.0625,32.6875
54.125,32.75
54.1875,32.8125
54.25,32.875
54.25,32.9375
54.3125,33.0
54.375,33.0625
54.4375,33.0625
54.5,33.0625
54.5625,33.0625
54.625,33.125
54.6875,33.125
54.75,33.125
54.8125,33.125
54.875,33.125
54.9375,33.125
54.9375,33.0625
54.875,33.0
54.8125,32.9375
54.75,32.9375
54.6875,32.9375
54.625,32.875
54.5625,32.875
54.5,32.875
54.4375,32.875
54.375,32.875
54.3125,32.875
55.0,33.1875
55.0625,33.25
55.125,33.3125
55.1875,33.3125
55.1875,33.375
55.1875,33.4375
55.1875,33.5
55.1875,33.5625
55.125,33.625
55.125,33.6875
55.125,33.75
55.125,33.8125
55.125,33.875
55.0625,33.9375
55.0625,34.0
55.0625,34.0625
55.0625,34.125
55.0,34.1875
55.0,34.25
55.0,34.3125
55.0,34.375
55.0,34.4375
55.0,34.5
55.0,34.5625
55.0,34.625
55.0,34.6875
54.9375,34.75
54.9375,34.8125
54.9375,34.875
54.9375,34.9375
54.9375,35.0
54.9375,35.0625
54.9375,35.125
54.9375,35.1875
54.875,35.25
54.875,35.3125
54.875,35.375
54.875,35.4375
54.875,35.5
54.875,35.5625
54.875,35.625
54.875,35.6875
54.875,35.75
54.875,35.8125
54.875,35.875
54.8125,35.9375
54.75,36.0
54.75,36.0625
54.75,36.125
54.75,36.1875
54.75,36.25
54.75,36.3125
54.75,36.375
54.75,36.4375
54.75,36.5
54.6875,36.5625
54.6875,36.625
54.6875,36.6875
54.6875,36.75
54.6875,36.8125
54.6875,36.875
54.6875,36.9375
54.6875,37.0
54.6875,37.0625
54.6875,37.125
54.6875,37.1875
54.6875,37.25
54.6875,37.3125
54.6875,37.375
54.6875,37.4375
54.6875,37.5
54.6875,37.5625
54.6875,37.625
54.6875,37.6875
54.6875,37.75
54.6875,37.8125
54.6875,37.875
54.6875,37.9375
54.6875,38.0
54.6875,38.0625
54.6875,38.125
54.6875,38.1875
54.6875,38.25
54.6875,38.3125
54.6875,38.375
54.6875,38.4375
54.6875,38.5
54.6875,38.5625
54.6875,38.625
54.6875,38.6875
55.1875,39.25
55.25,39.1875
55.3125,39.125
55.375,39.0625
55.4375,39.0
55.5,38.9375
55.5625,38.875
55.625,38.8125
55.6875,38.75
55.75,38.6875
55.8125,38.625
55.875,38.5625
55.9375,38.5
56.0,38.4375
56.0625,38.375
56.125,38.3125
56.1875,38.25
56.25,38.1875
56.3125,38.125
56.375,38.0625
56.4375,38.0
56.5,37.9375
56.5625,37.875
56.5625,37.8125
56.5625,37.75
56.5,37.75
56.4375,37.6875
56.375,37.625
56.3125,37.5625
56.25,37.5
56.1875,37.4375
56.125,37.375
56.0625,37.3125
56.0,37.25
55.9375,37.1875
55.875,37.125
55.8125,37.0625
55.75,37.0
55.6875,36.9375
55.625,36.875
55.5625,36.8125
55.5,36.75
55.5,36.6875
55.5,36.625
55.4375,36.625
55.375,36.5625
55.3125,36.5
55.3125,36.4375
55.3125,36.375
55.375,36.375
55.4375,36.4375
55.5,36.5
55.5,36.5625
55.3125,36.3125
55.25,36.25
55.1875,36.1875
55.125,36.125
55.0625,36.0625
55.0,36.0
54.9375,35.9375
54.9375,35.5625
55.0,35.5625
55.0625,35.5625
55.125,35.5
55.1875,35.5
55.25,35.5
55.3125,35.5
55.375,35.5
55.4375,35.4375
55.5,35.4375
55.5625,35.4375
55.625,35.4375
55.6875,35.4375
55.75,35.375
55.8125,35.375
55.875,35.375
55.9375,35.375
56.0,35.375
56.0625,35.3125
56.125,35.3125
56.1875,35.3125
56.25,35.3125
56.3125,35.25
56.375,35.25
56.4375,35.25
56.5,35.1875
56.5625,35.1875
56.625,35.125
56.6875,35.125
56.75,35.0625
56.8125,35.0625
56.875,35.0625
56.9375,35.0
57.0,35.0
57.0625,35.0
57.125,35.0
57.1875,34.9375
57.25,34.9375
57.3125,34.9375
57.375,34.9375
57.4375,34.9375
57.5,34.9375
57.5625,34.9375
57.625,34.875
57.6875,34.875
57.75,34.875
57.8125,34.875
57.875,34.9375
57.9375,34.9375
58.0,35.0
58.0625,35.0
58.125,35.0
58.1875,35.0625
58.25,35.125
58.25,35.1875
58.25,35.25
58.3125,35.3125
58.3125,35.375
58.375,35.4375
58.375,35.5
58.4375,35.5625
58.4375,35.625
58.4375,35.6875
58.5,35.75
58.5,35.8125
58.5,35.875
58.5,35.9375
58.5625,36.0
58.5625,36.0625
58.5625,36.125
58.5625,36.1875
58.5625,36.25
58.5625,36.3125
58.625,36.375
58.625,36.4375
58.625,36.5
58.625,36.5625
58.625,36.625
58.625,36.6875
58.625,36.75
58.625,36.8125
58.6875,36.875
58.6875,36.9375
58.6875,37.0
58.6875,37.0625
58.6875,37.125
58.6875,37.1875
58.6875,37.25
58.6875,37.3125
58.6875,37.375
58.6875,37.4375
58.6875,37.5
58.6875,37.5625
58.6875,37.625
58.6875,37.6875
58.6875,37.75
58.75,37.8125
58.75,37.875
58.75,37.9375
58.75,38.0
58.75,38.0625
58.75,38.125
58.75,38.1875
58.75,38.25
58.75,38.3125
58.75,38.375
58.75,38.4375
58.75,38.5
58.8125,38.5625
58.8125,38.625
58.8125,38.6875
58.8125,38.75
58.8125,38.8125
58.8125,38.875
58.8125,38.9375
58.8125,39.0
58.8125,39.0625
58.8125,39.125
58.8125,39.1875
58.8125,39.25
58.875,39.3125
58.875,39.375
58.875,39.4375
58.875,39.5
58.875,39.5625
58.875,39.625
58.875,39.6875
58.875,39.75
58.875,39.8125
58.875,39.875
58.875,39.9375
58.875,40.0
58.875,40.0625
58.875,40.125
58.875,40.1875
58.875,40.25
58.875,40.3125
58.9375,40.375
58.9375,40.4375
58.9375,40.5
58.9375,40.5625
58.9375,40.625
58.9375,40.6875
58.9375,40.75
58.9375,40.8125
58.9375,40.875
58.9375,40.9375
58.9375,41.0
58.9375,41.0625
58.9375,41.125
58.9375,41.1875
58.9375,41.25
58.9375,41.3125
58.9375,41.375
58.9375,41.4375
58.9375,41.5
58.9375,41.5625
59.0,41.625
59.0,41.6875
59.0,41.75
59.0,41.8125
59.0,41.875
59.0,41.9375
59.0,42.0
59.0,42.0625
59.0,42.125
59.0,42.1875
59.0,42.25
59.0,42.3125
59.0,42.375
59.0,42.4375
59.0,42.5
59.0,42.5625
59.0,42.625
59.0,42.6875
59.0,42.75
59.0,42.8125
59.0,42.875
59.0625,42.9375
59.0625,43.0
59.0625,43.0625
59.0625,43.125
59.0625,43.1875
59.0625,43.25
59.0625,43.3125
59.0625,43.375
59.0625,43.4375
59.0625,43.5
59.0625,43.5625
59.0625,43.625
59.0625,43.6875
59.0625,43.75
59.0625,43.8125
59.0625,43.875
59.0625,43.9375
59.0625,44.0
59.0625,44.0625
59.0625,44.125
59.0625,44.1875
59.0625,44.25
59.0625,44.3125
59.0625,44.375
59.125,44.4375
59.125,44.5
59.125,44.5625
59.125,44.625
59.125,44.6875
59.125,44.75
59.125,44.8125
59.125,44.875
59.125,44.9375
59.125,45.0
59.125,45.0625
59.125,45.125
59.125,45.1875
59.125,45.25
59.125,45.3125
59.125,45.375
59.125,45.4375
59.125,45.5
59.125,45.5625
59.125,45.625
59.125,45.6875
59.125,45.75
59.125,45.8125
59.125,45.875
59.125,45.9375
59.125,46.0
59.125,46.0625
59.125,46.125
59.125,46.1875
59.125,46.25
59.125,46.3125
59.125,46.375
59.125,46.4375
59.125,46.5
59.0625,46.5625
59.0625,46.625
59.0625,46.6875
59.0625,46.75
59.0,46.8125
59.0,46.875
59.0,46.9375
59.0,47.0
58.9375,47.0625
58.875,47.0625
58.8125,47.0625
58.75,47.0625
58.6875,47.125
58.625,47.125
58.5625,47.125
58.5,47.125
58.4375,47.125
58.375,47.125
58.3125,47.125
58.25,47.125
58.1875,47.125
58.125,47.125
58.0625,47.125
58.0,47.125
57.9375,47.125
57.875,47.125
57.8125,47.125
57.75,47.125
57.6875,47.125
57.625,47.125
57.5625,47.0625
57.5,47.0625
57.4375,47.0625
57.375,47.0625
57.3125,47.0625
57.25,47.0625
57.1875,47.0625
57.125,47.0625
57.0625,47.0625
57.0,47.0
56.9375,47.0
56.875,47.0
56.8125,47.0
56.75,47.0
56.6875,47.0
56.625,47.0
56.5625,47.0
56.5,46.9375
56.4375,46.9375
56.375,46.9375
56.3125,46.9375
56.25,46.9375
56.1875,46.9375
56.125,46.9375
56.0625,46.9375
56.0,46.9375
55.9375,46.9375
55.875,46.9375
55.8125,46.9375
55.75,46.9375
55.6875,46.875
55.625,46.875
55.5625,46.875
55.5,46.875
55.4375,46.875
55.375,46.875
55.3125,46.875
55.25,46.875
55.1875,46.875
55.125,46.875
55.0625,46.875
55.0,46.875
54.9375,46.875
54.875,46.875
54.8125,46.875
54.75,46.875
54.6875,46.8125
54.625,46.8125
54.5625,46.8125
54.5,46.8125
54.4375,46.8125
54.375,46.8125
54.3125,46.8125
54.25,46.8125
54.1875,46.8125
54.125,46.8125
54.0625,46.8125
54.0,46.8125
53.9375,46.8125
53.875,46.8125
53.8125,46.8125
53.75,46.8125
53.6875,46.8125
53.625,46.8125
53.5625,46.8125
53.5,46.8125
53.4375,46.8125
53.375,46.75
53.3125,46.75
53.25,46.75
53.1875,46.75
53.125,46.75
53.0625,46.75
53.0,46.75
52.9375,46.75
52.875,46.75
52.8125,46.75
52.75,46.75
52.6875,46.75
52.625,46.75
52.5625,46.6875
52.5,46.6875
52.4375,46.6875
52.375,46.6875
52.3125,46.6875
52.25,46.6875
52.1875,46.6875
52.125,46.6875
52.0625,46.6875
52.0,46.6875
51.9375,46.6875
51.875,46.6875
51.8125,46.6875
51.75,46.625
51.6875,46.625
51.625,46.625
51.5625,46.625
51.5,46.625
51.4375,46.625
51.375,46.625
51.3125,46.625
51.25,46.625
51.1875,46.625
51.125,46.625
51.0625,46.625
51.0,46.625
50.9375,46.625
50.875,46.625
50.8125,46.625
50.75,46.625
50.6875,46.625
50.625,46.625
50.5625,46.625
50.5,46.625
50.4375,46.625
50.375,46.625
50.3125,46.5625
50.25,46.5625
50.1875,46.5625
50.125,46.5625
50.0625,46.5625
50.0,46.5625
49.9375,46.5625
49.875,46.5625
49.8125,46.5625
49.75,46.5625
49.6875,46.5625
49.625,46.5625
49.5625,46.5625
49.5,46.5625
49.4375,46.5625
49.375,46.5625
49.3125,46.5625
49.25,46.5625
49.1875,46.5625
49.125,46.5625
54.4375,44.3125
54.5,44.375
54.5625,44.4375
54.625,44.5
54.6875,44.5625
54.75,44.625
54.8125,44.6875
54.875,44.75
54.9375,44.8125
55.0,44.875
55.0625,44.9375
55.125,45.0
55.1875,45.0625
55.1875,45.125
55.25,45.1875
55.3125,45.25
55.375,45.3125
55.4375,45.375
55.5,45.4375
55.5625,45.5
55.625,45.5625
55.6875,45.625
55.75,45.6875
55.8125,45.75
55.875,45.8125
55.9375,45.875
56.0,45.9375
56.0625,46.0
56.125,46.0
56.1875,46.0625
56.25,46.0625
56.3125,46.0625
56.375,46.0625
56.4375,46.0625
56.5,46.0625
56.5625,46.0625
56.625,46.0625
56.6875,46.0625
56.75,46.0625
56.8125,46.0625
56.875,46.0625
56.9375,46.0625
57.0,46.0
57.0625,45.9375
57.125,45.9375
57.1875,45.875
57.25,45.8125
57.3125,45.75
57.375,45.6875
57.4375,45.625
57.5,45.5625
57.5625,45.5
57.5625,45.4375
57.5625,45.375
57.5625,45.3125
57.5625,45.25
57.5625,45.1875
57.5625,45.125
57.5625,45.0625
57.5625,45.0
57.5625,44.9375
57.5625,44.875
57.5625,44.8125
57.5625,44.75
57.5625,44.6875
57.5625,44.625
57.5,44.5625
57.5,44.5
57.4375,44.4375
57.375,44.375
57.3125,44.3125
57.25,44.25
57.1875,44.1875
57.125,44.125
57.0625,44.0625
57.0,44.0
56.9375,43.9375
56.875,43.875
56.8125,43.8125
56.75,43.8125
56.6875,43.75
56.625,43.6875
56.5625,43.625
56.5,43.5625
56.4375,43.5
56.375,43.4375
56.3125,43.375
56.25,43.3125
56.1875,43.25
56.125,43.1875
56.0625,43.1875
56.0,43.125
55.9375,43.0625
55.875,43.0
55.8125,42.9375
55.75,42.875
55.6875,42.8125
55.625,42.75
55.5625,42.6875
55.5,42.625
55.4375,42.5625
55.375,42.5625
57.625,45.5625
57.6875,45.625
57.75,45.6875
57.75,45.75
57.8125,45.8125
57.875,45.875
57.9375,45.9375
58.0,46.0
58.0625,46.0625
61.4375,46.0625
61.4375,46.125
61.4375,46.1875
61.4375,46.25
61.4375,46.3125
61.4375,46.375
61.4375,46.4375
61.4375,46.5
61.4375,46.5625
61.4375,46.625
61.4375,46.6875
61.4375,46.75
61.4375,46.8125
61.4375,46.875
61.4375,46.9375
61.4375,47.0
61.4375,47.0625
61.4375,47.125
61.4375,47.1875
61.4375,47.25
61.4375,47.3125
61.4375,47.375
61.5,47.4375
61.5,47.5
61.5,47.5625
61.5625,47.625
61.625,47.6875
61.6875,47.75
61.75,47.8125
61.8125,47.875
61.875,47.9375
61.9375,48.0
62.0,48.0625
62.0625,48.125
62.125,48.1875
62.1875,48.25
62.25,48.3125
62.3125,48.375
62.375,48.375
62.375,48.4375
62.375,48.5
62.375,48.5625
62.4375,48.625
62.4375,48.6875
62.4375,48.75
62.4375,48.8125
62.4375,48.875
62.4375,48.9375
62.5,49.0
62.5,49.0625
62.5,49.125
62.5,49.1875
62.5,49.25
62.5625,49.3125
62.5625,49.375
62.5625,49.4375
62.5625,49.5
62.5625,49.5625
62.625,49.625
62.625,49.6875
62.625,49.75
62.6875,49.8125
62.6875,49.875
62.6875,49.9375
62.6875,50.0
62.6875,50.0625
62.6875,50.125
62.6875,50.1875
62.6875,50.25
62.6875,50.3125
62.6875,50.375
62.6875,50.4375
62.6875,50.5
62.6875,50.5625
62.6875,50.625
62.6875,50.6875
62.75,50.75
62.75,50.8125
62.75,50.875
62.8125,50.9375
62.8125,51.0
62.8125,51.0625
62.8125,51.125
62.8125,51.1875
62.8125,51.25
62.8125,51.3125
62.8125,51.375
62.8125,51.4375
62.8125,51.5
62.8125,51.5625
62.8125,51.625
62.8125,51.6875
62.8125,51.75
62.8125,51.8125
62.8125,51.875
62.8125,51.9375
62.8125,52.0
62.8125,52.0625
62.8125,52.125
62.8125,52.1875
62.8125,52.25
62.8125,52.3125
62.8125,52.375
62.8125,52.4375
62.8125,52.5
62.8125,52.5625
62.8125,52.625
62.8125,52.6875
62.8125,52.75
62.8125,52.8125
62.8125,52.875
62.8125,52.9375
62.8125,53.0
62.8125,53.0625
62.8125,53.125
62.8125,53.1875
62.8125,53.25
62.8125,53.3125
62.8125,53.375
62.8125,53.4375
62.8125,53.5
62.8125,53.5625
62.8125,53.625
62.8125,53.6875
62.8125,53.75
62.8125,53.8125
62.8125,53.875
62.8125,53.9375
62.8125,54.0
62.8125,54.0625
62.8125,54.125
62.8125,54.1875
62.8125,54.25
62.8125,54.3125
62.8125,54.375
62.8125,54.4375
62.8125,54.5
62.8125,54.5625
62.8125,54.625
62.8125,54.6875
62.8125,54.75
62.8125,54.8125
62.8125,54.875
62.8125,54.9375
62.8125,55.0
62.8125,55.0625
62.8125,55.125
62.8125,55.1875
62.8125,55.25
62.8125,55.3125
62.8125,55.375
62.8125,55.4375
62.8125,55.5
62.8125,55.5625
62.8125,55.625
62.8125,55.6875
62.8125,55.75
62.8125,55.8125
62.8125,55.875
62.8125,55.9375
62.8125,56.0
62.8125,56.0625
62.8125,56.125
62.8125,56.1875
62.8125,56.25
62.8125,56.3125
62.8125,56.375
62.8125,56.4375
62.8125,56.5
62.8125,56.5625
62.8125,56.625
62.8125,56.6875
62.8125,56.75
62.8125,56.8125
62.8125,56.875
62.8125,56.9375
62.8125,57.0
62.8125,57.0625
62.8125,57.125
62.8125,57.1875
62.8125,57.25
62.8125,57.3125
62.8125,57.375
62.8125,57.4375
62.8125,57.5
62.8125,57.5625
62.8125,57.625
62.8125,57.6875
62.8125,57.75
62.8125,57.8125
62.8125,57.875
62.8125,57.9375
62.8125,58.0
62.8125,58.0625
62.8125,58.125
62.8125,58.1875
62.8125,58.25
62.8125,58.3125
62.8125,58.375
62.8125,58.4375
62.8125,58.5
62.75,58.5625
62.6875,58.625
62.625,58.6875
62.5625,58.75
62.5,58.8125
62.4375,58.875
62.375,58.9375
62.3125,59.0
62.25,59.0625
62.1875,59.125
62.125,59.1875
62.0625,59.25
62.0,59.3125
61.9375,59.375
61.875,59.4375
61.8125,59.5
61.75,59.5625
61.6875,59.625
61.625,59.6875
61.5625,59.75
61.5,59.8125
61.4375,59.875
61.375,59.9375
61.3125,60.0
61.25,60.0625
61.1875,60.125
61.125,60.1875
61.0625,60.25
61.0,60.3125
60.9375,60.375
60.875,60.4375
60.8125,60.5
60.75,60.5625
60.6875,60.625
60.625,60.6875
60.5625,60.75
60.5,60.8125
60.4375,60.875
60.375,60.9375
60.3125,61.0
60.25,61.0625
60.1875,61.125
60.125,61.1875
60.0625,61.25
60.0,61.3125
59.9375,61.375
59.875,61.4375
59.8125,61.5
59.75,61.5625
59.6875,61.625
59.625,61.6875
59.5625,61.75
59.5,61.8125
59.5,61.875
59.4375,61.875
59.375,61.875
59.3125,61.875
59.25,61.875
59.1875,61.875
59.125,61.875
59.0625,61.875
59.0,61.875
58.9375,61.875
58.875,61.875
58.8125,61.875
58.75,61.875
58.6875,61.875
58.625,61.875
58.5625,61.875
58.5,61.875
58.4375,61.875
58.375,61.875
58.3125,61.875
58.25,61.875
58.1875,61.875
58.125,61.875
58.0625,61.875
58.0,61.875
57.9375,61.875
57.875,61.875
57.8125,61.875
57.75,61.875
57.6875,61.875
57.625,61.875
57.5625,61.875
57.5,61.875
57.4375,61.875
57.375,61.875
57.3125,61.875
57.25,61.875
57.1875,61.875
57.125,61.875
57.0625,61.875
57.0,61.875
56.9375,61.875
56.875,61.875
56.8125,61.875
56.75,61.875
56.6875,61.875
56.625,61.875
56.5625,61.875
56.5,61.875
56.4375,61.875
56.375,61.875
56.3125,61.875
56.25,61.875
56.1875,61.875
56.125,61.875
56.0625,61.875
56.0,61.875
55.9375,61.875
55.875,61.875
55.8125,61.875
55.75,61.875
55.6875,61.875
55.625,61.875
55.5625,61.875
55.5,61.875
55.4375,61.875
55.375,61.875
55.3125,61.875
55.25,61.875
55.1875,61.875
55.125,61.875
55.0625,61.875
55.0,61.875
54.9375,61.875
54.875,61.875
54.8125,61.875
54.75,61.875
54.6875,61.875
54.625,61.875
54.5625,61.875
54.5,61.875
54.4375,61.875
54.375,61.875
54.3125,61.875
54.25,61.875
54.1875,61.875
54.125,61.875
54.0625,61.875
54.0,61.875
53.9375,61.875
53.875,61.875
53.8125,61.875
53.75,61.875
53.6875,61.875
53.625,61.875
53.5625,61.875
53.5,61.875
53.4375,61.875
53.375,61.875
53.3125,61.875
53.25,61.875
53.1875,61.875
53.125,61.875
53.0625,61.875
53.0,61.875
52.9375,61.875
52.875,61.875
52.8125,61.875
52.75,61.875
52.6875,61.875
52.625,61.875
52.5625,61.875
52.5,61.875
52.4375,61.875
52.375,61.875
52.3125,61.875
52.25,61.875
52.1875,61.875
52.125,61.875
52.0625,61.875
52.0,61.875
51.9375,61.875
51.875,61.875
51.8125,61.875
51.75,61.875
51.6875,61.875
51.625,61.875
51.5625,61.875
51.5,61.875
51.4375,61.875
51.375,61.875
51.3125,61.875
51.25,61.875
51.1875,61.875
51.125,61.875
51.0625,61.875
51.0,61.875
50.9375,61.875
50.875,61.875
50.8125,61.875
50.75,61.875
50.6875,61.875
50.625,61.875
50.5625,61.875
50.5,61.875
50.4375,61.875
50.375,61.875
50.3125,61.875
50.25,61.875
50.1875,61.875
50.125,61.875
50.0625,61.875
50.0,61.875
49.9375,61.875
49.875,61.875
49.8125,61.875
49.75,61.875
49.6875,61.875
49.625,61.875
49.5625,61.875
49.5,61.875
49.4375,61.875
49.375,61.875
49.3125,61.875
49.25,61.875
49.1875,61.875
49.125,61.875
49.0625,61.875
49.0,61.875
48.9375,61.875
48.875,61.875
48.8125,61.875
48.75,61.875
48.6875,61.875
48.625,61.875
48.5625,61.875
48.5,61.875
48.4375,61.875
48.375,61.875
48.3125,61.875
48.25,61.875
48.1875,61.875
48.125,61.875
48.0625,61.875
48.0,61.875
47.9375,61.875
47.875,61.875
47.8125,61.875
47.75,61.875
47.6875,61.875
47.625,61.875
47.5625,61.875
47.5,61.875
47.4375,61.875
47.375,61.875
47.3125,61.875
47.25,61.875
47.1875,61.875
47.125,61.875
47.0625,61.875
47.0,61.875
46.9375,61.875
46.875,61.875
46.8125,61.875
46.75,61.875
46.6875,61.875
46.625,61.875
46.5625,61.875
46.5,61.875
46.4375,61.875
46.375,61.875
46.3125,61.875
46.25,61.875
46.1875,61.875
46.125,61.875
46.0625,61.875
46.0,61.875
45.9375,61.875
45.875,61.875
45.8125,61.875
45.75,61.875
45.6875,61.875
45.625,61.875
45.5625,61.875
45.5,61.875
45.4375,61.875
45.375,61.875
45.3125,61.875
45.25,61.875
45.1875,61.875
45.125,61.875
45.0625,61.875
45.0,61.875
44.9375,61.875
44.875,61.875
44.8125,61.875
44.75,61.875
44.6875,61.875
44.625,61.875
44.5625,61.875
44.5,61.875
44.4375,61.875
44.375,61.875
44.3125,61.875
44.25,61.875
44.1875,61.8125
44.125,61.8125
44.0625,61.8125
44.0,61.8125
43.9375,61.8125
43.875,61.8125
43.8125,61.8125
43.75,61.8125
43.6875,61.8125
43.625,61.8125
43.5625,61.8125
43.5,61.8125
43.4375,61.8125
43.375,61.8125
43.3125,61.8125
43.25,61.8125
43.1875,61.8125
43.125,61.8125
43.0625,61.8125
43.0,61.75
42.9375,61.75
42.875,61.75
42.8125,61.75
42.75,61.75
42.6875,61.75
42.625,61.75
42.5625,61.75
42.5,61.75
42.4375,61.75
42.375,61.75
42.3125,61.75
42.25,61.75
42.1875,61.75
42.125,61.75
42.0625,61.75
42.0,61.75
41.9375,61.6875
41.875,61.6875
41.8125,61.6875
41.75,61.6875
41.6875,61.6875
41.625,61.6875
41.5625,61.6875
41.5,61.6875
41.4375,61.6875
41.375,61.6875
41.3125,61.6875
41.25,61.6875
41.1875,61.6875
41.125,61.6875
41.0625,61.6875
41.0,61.6875
40.9375,61.6875
40.875,61.6875
40.8125,61.6875
40.75,61.625
40.6875,61.625
40.625,61.625
40.5625,61.625
40.5,61.625
40.4375,61.625
40.375,61.625
40.3125,61.625
40.25,61.625
40.1875,61.625
40.125,61.625
40.0625,61.625
40.0,61.625
39.9375,61.625
39.875,61.625
39.8125,61.625
39.75,61.625
39.6875,61.625
39.625,61.625
39.5625,61.625
39.5,61.625
39.4375,61.625
39.375,61.625
39.3125,61.625
39.25,61.625
39.1875,61.625
39.125,61.625
39.0625,61.625
39.0,61.625
38.9375,61.625
38.875,61.625
38.8125,61.625
38.75,61.625
38.6875,61.625
38.625,61.5625
38.5625,61.5625
38.5,61.5625
38.4375,61.5625
38.375,61.5625
38.3125,61.5625
38.25,61.5625
38.1875,61.5625
38.125,61.5625
38.0625,61.5625
38.0,61.5625
37.9375,61.5625
37.875,61.5625
37.8125,61.5625
37.75,61.5625
37.6875,61.5625
37.625,61.5625
37.5625,61.5625
37.5,61.5625
37.4375,61.5625
37.375,61.5625
37.3125,61.5625
37.25,61.5625
37.1875,61.5625
37.125,61.5625
37.0625,61.5625
37.0,61.5
36.9375,61.5
36.875,61.5
36.8125,61.5
36.75,61.5
36.6875,61.5
36.625,61.5
36.5625,61.5
36.5,61.5
36.4375,61.5
36.375,61.5
36.3125,61.5
36.25,61.5
36.1875,61.5
36.125,61.5
36.0625,61.5
36.0,61.5
35.9375,61.5
35.875,61.5
35.8125,61.5
35.75,61.5
35.6875,61.5
35.625,61.5
35.5625,61.5
35.5,61.5
35.4375,61.5
35.375,61.5
35.3125,61.5
35.25,61.5
35.1875,61.4375
35.125,61.4375
35.0625,61.4375
35.0,61.4375
34.9375,61.4375
34.875,61.4375
34.8125,61.4375
34.75,61.4375
34.6875,61.4375
34.625,61.4375
34.5625,61.4375
34.5,61.4375
34.4375,61.4375
34.375,61.4375
34.3125,61.4375
34.25,61.4375
34.1875,61.4375
34.125,61.4375
34.0625,61.4375
34.0,61.4375
33.9375,61.4375
33.875,61.4375
33.8125,61.4375
33.75,61.4375
33.6875,61.4375
33.625,61.4375
33.5625,61.4375
33.5,61.375
33.4375,61.375
33.375,61.375
33.3125,61.375
33.25,61.375
33.1875,61.3125
33.125,61.3125
33.0625,61.25
33.0,61.25
32.9375,61.1875
32.875,61.125
32.8125,61.0625
32.75,61.0
32.6875,61.0
32.625,60.9375
32.5625,60.875
32.5,60.8125
32.4375,60.75
32.375,60.6875
32.3125,60.6875
32.25,60.625
32.1875,60.5625
32.125,60.5
32.0625,60.4375
32.0,60.375
31.9375,60.3125
31.875,60.25
31.8125,60.1875
31.75,60.125
31.6875,60.0625
31.625,60.0
31.5625,59.9375
31.5,59.875
31.4375,59.8125
31.375,59.75
31.3125,59.6875
31.25,59.625
31.1875,59.5625
31.125,59.5
31.0625,59.4375
31.0,59.375
30.9375,59.3125
30.875,59.25
30.8125,59.1875
30.75,59.125
30.6875,59.0625
30.625,59.0
30.5625,58.9375
30.5,58.875
30.4375,58.8125
30.375,58.75
30.3125,58.6875
30.25,58.625
30.1875,58.5625
30.125,58.5
30.0625,58.4375
30.0,58.375
29.9375,58.3125
29.875,58.25
29.8125,58.1875
29.75,58.125
29.6875,58.0625
29.625,58.0
29.5625,57.9375
29.5,57.875
29.4375,57.8125
29.375,57.75
29.3125,57.6875
29.25,57.625
29.1875,57.5625
29.125,57.5
29.0625,57.4375
29.0,57.375
28.9375,57.3125
28.875,57.25
28.8125,57.1875
28.75,57.125
28.6875,57.0625
28.625,57.0
28.5625,56.9375
28.5,56.875
28.4375,56.8125
28.375,56.75
28.3125,56.6875
28.25,56.625
28.1875,56.5625
28.125,56.5
28.0625,56.4375
28.0,56.375
27.9375,56.3125
27.875,56.25
27.8125,56.1875
27.75,56.125
27.6875,56.0625
27.625,56.0
27.5625,55.9375
27.5,55.875
27.4375,55.8125
27.375,55.75
27.3125,55.6875
27.25,55.625
27.1875,55.5625
27.125,55.5
27.0625,55.4375
27.0,55.375
26.9375,55.3125
26.875,55.25
26.8125,55.1875
26.75,55.125
26.6875,55.0625
26.625,55.0
26.5625,54.9375
26.5,54.875
26.4375,54.8125
26.375,54.75
26.3125,54.6875
26.25,54.625
26.1875,54.5625
26.125,54.5
26.0625,54.4375
26.0,54.375
25.9375,54.3125
25.875,54.25
25.8125,54.1875
25.75,54.125
25.6875,54.0625
25.625,54.0
25.5625,53.9375
25.5,53.875
25.4375,53.8125
25.375,53.75
25.3125,53.6875
25.25,53.625
25.1875,53.5625
25.125,53.5
25.0625,53.4375
25.0,53.375
24.9375,53.3125
24.875,53.25
24.8125,53.1875
24.75,53.125
24.6875,53.0625
24.625,53.0
24.5625,52.9375
24.5,52.875
24.4375,52.8125
24.375,52.75
24.3125,52.6875
24.25,52.625
24.1875,52.5625
24.125,52.5
24.0625,52.4375
24.0,52.375
23.9375,52.3125
23.875,52.25
23.8125,52.1875
23.75,52.125
23.6875,52.0625
23.75,30.875
23.75,30.8125
23.75,30.75
23.75,30.6875
23.75,30.625
23.75,30.5625
23.75,30.5
23.75,30.4375
23.75,30.375
23.75,30.3125
23.75,30.25
23.75,30.1875
23.75,30.125
23.75,30.0625
23.75,30.0
23.75,29.9375
23.75,29.875
23.75,29.8125
23.75,29.75
23.75,29.6875
23.75,29.625
23.75,29.5625
23.75,29.5
23.75,29.4375
23.75,29.375
23.75,29.3125
23.75,29.25
23.75,29.1875
23.75,29.125
23.75,29.0625
23.75,29.0
23.75,28.9375
23.75,28.875
23.75,28.8125
23.75,28.75
23.75,28.6875
23.75,28.625
23.75,28.5625
23.75,28.5
23.75,28.4375
23.75,28.375
23.75,28.3125
23.75,28.25
23.75,28.1875
23.75,28.125
23.75,28.0625
23.75,28.0
23.75,27.9375
23.75,27.875
23.75,27.8125
23.75,27.75
23.75,27.6875
23.75,27.625
23.75,27.5625
23.75,27.5
23.75,27.4375
23.75,27.375
23.75,27.3125
23.75,27.25
23.75,27.1875
23.75,27.125
23.75,27.0625
23.75,27.0
23.75,26.9375
23.75,26.875
23.75,26.8125
23.75,26.75
23.75,26.6875
23.75,26.625
23.75,26.5625
23.75,26.5
23.75,26.4375
23.75,26.375
23.75,26.3125
23.75,26.25
23.75,26.1875
23.75,26.125
23.75,26.0625
23.75,26.0
23.75,25.9375
23.75,25.875
23.75,25.8125
23.75,25.75
23.75,25.6875
23.75,25.625
23.75,25.5625
23.75,25.5
23.75,25.4375
23.75,25.375
23.75,25.3125
23.75,25.25
23.75,25.1875
23.75,25.125
23.75,25.0625
23.75,25.0
23.75,24.9375
23.75,24.875
23.75,24.8125
23.75,24.75
23.75,24.6875
23.75,24.625
23.75,24.5625
23.75,24.5
23.75,24.4375
23.75,24.375
23.75,24.3125
23.75,24.25
23.75,24.1875
23.75,24.125
23.75,24.0625
23.75,24.0
23.75,23.9375
23.75,23.875
23.75,23.8125
23.8125,23.75
23.875,23.6875
23.9375,23.625
24.0,23.5625
24.0625,23.5
24.125,23.4375
24.1875,23.375
24.25,23.3125
24.3125,23.25
24.375,23.1875
24.4375,23.125
24.5,23.0625
24.5625,23.0
24.625,22.9375
24.6875,22.875
24.75,22.8125
24.8125,22.75
24.875,22.6875
24.9375,22.625
25.0,22.5625
25.0625,22.5
25.125,22.4375
25.1875,22.375
25.25,22.3125
25.3125,22.25
25.375,22.1875
25.4375,22.125
25.5,22.0625
25.5625,22.0
25.625,21.9375
25.6875,21.875
25.75,21.8125
25.8125,21.75
25.875,21.6875
25.9375,21.625
26.0,21.5625
26.0625,21.5
26.125,21.4375
26.1875,21.375
26.25,21.3125
26.3125,21.25
26.375,21.1875
26.4375,21.125
26.5,21.0625
26.5625,21.0
26.625,20.9375
26.6875,20.875
26.75,20.8125
26.8125,20.75
26.875,20.6875
26.9375,20.625
27.0,20.5625
27.0625,20.5
27.125,20.4375
27.1875,20.375
27.25,20.3125
27.3125,20.25
27.375,20.1875
27.4375,20.125
27.5,20.0625
27.5625,20.0
27.625,19.9375
27.6875,19.875
27.75,19.8125
27.8125,19.75
27.875,19.6875
27.9375,19.625
28.0,19.5625
28.0625,19.5
28.125,19.4375
28.1875,19.375
28.25,19.3125
28.3125,19.25
28.375,19.1875
28.4375,19.125
28.5,19.0625
28.5625,19.0
28.625,18.9375
28.6875,18.875
28.75,18.8125
28.8125,18.75
28.875,18.6875
28.9375,18.625
29.0,18.5625
29.0625,18.5
29.125,18.4375
29.1875,18.375
29.25,18.3125
29.3125,18.25
29.375,18.1875
29.4375,18.125
29.5,18.0625
29.5625,18.0
29.625,17.9375
29.6875,17.875
29.75,17.8125
29.8125,17.75
29.875,17.6875
29.9375,17.625
30.0,17.5625
30.0625,17.5
30.125,17.4375
30.1875,17.375
30.25,17.3125
30.3125,17.25
30.375,17.1875
30.4375,17.125
30.5,17.0625
30.5625,17.0
30.625,16.9375
30.6875,16.875
30.75,16.8125
30.8125,16.75
30.875,16.6875
30.9375,16.625
31.0,16.5625
31.0625,16.5
31.125,16.4375
31.1875,16.375
31.25,16.3125
31.3125,16.25
31.375,16.1875
31.4375,16.125
31.5,16.0625
31.5625,16.0
31.625,15.9375
31.6875,15.875
31.75,15.8125
31.8125,15.75
31.875,15.6875
31.9375,15.625
32.0,15.5625
32.0625,15.5
32.125,15.4375
32.1875,15.375
32.25,15.3125
32.3125,15.25
32.375,15.1875
32.4375,15.125
32.5,15.0625
32.5625,15.0
32.625,14.9375
32.6875,14.875
32.75,14.8125
32.8125,14.75
32.875,14.6875
32.9375,14.625
33.0,14.5625
33.0625,14.5
33.125,14.4375
33.1875,14.375
33.25,14.3125
33.3125,14.25
33.375,14.1875
33.4375,14.125
33.5,14.0625
33.5625,14.0
33.625,13.9375
33.6875,13.875
33.75,13.8125
33.8125,13.75
33.875,13.6875
33.9375,13.625
34.0,13.5625
34.0625,13.5
34.125,13.4375
34.1875,13.375
34.25,13.3125
34.3125,13.25
34.375,13.1875
34.4375,13.125
34.5,13.0625
34.5625,13.0
34.625,12.9375
34.6875,12.875
34.75,12.8125
34.8125,12.75
34.875,12.6875
34.9375,12.625
35.0,12.5625
35.0625,12.5
35.125,12.4375
35.1875,12.375
35.25,12.3125
35.3125,12.25
35.375,12.1875
35.4375,12.125
35.5,12.0625
35.5625,12.0
35.625,11.9375
35.6875,11.875
35.75,11.8125
35.8125,11.75
35.875,11.6875
35.9375,11.625
36.0,11.5625
36.0625,11.5
36.125,11.4375
36.1875,11.375
36.25,11.3125
36.3125,11.25
36.375,11.1875
36.4375,11.125
36.5,11.0625
36.5625,11.0
36.625,10.9375
36.6875,10.875
36.75,10.8125
36.8125,10.75
36.875,10.6875
36.9375,10.625
37.0,10.5625
37.0625,10.5
37.125,10.4375
37.1875,10.375
37.25,10.3125
37.3125,10.25
37.375,10.1875
37.4375,10.125
37.5,10.0625
37.5625,10.0
37.625,9.9375
37.6875,9.875
37.75,9.8125
37.8125,9.75
37.875,9.6875
37.9375,9.625
38.0,9.5625
38.0625,9.5
38.125,9.4375
38.1875,9.375
38.25,9.3125
38.3125,9.25
38.375,9.1875
38.4375,9.125
38.5,9.0625
38.5625,9.0
38.625,9.0
38.6875,8.9375
38.75,8.875
38.8125,8.875
38.875,8.8125
38.9375,8.8125
39.0,8.75
39.0625,8.75
39.125,8.75
39.1875,8.6875
39.25,8.6875
39.3125,8.6875
39.375,8.625
39.4375,8.625
39.5,8.625
39.5625,8.5625
39.625,8.5625
39.6875,8.5625
39.75,8.5625
39.8125,8.5625
39.875,8.5625
39.9375,8.5625
40.0,8.5
40.0625,8.5
40.125,8.5
40.1875,8.5
40.25,8.5
40.3125,8.5
40.375,8.5
40.4375,8.5
40.5,8.5
40.5625,8.5
40.625,8.5
40.6875,8.5
40.75,8.5
40.8125,8.5
40.875,8.5
40.9375,8.5
41.0,8.5
41.0625,8.5
41.125,8.5
41.1875,8.5
41.25,8.5
41.3125,8.5
41.375,8.5
41.4375,8.5
41.5,8.5
41.5625,8.5
41.625,8.5
41.6875,8.5
41.75,8.5
41.8125,8.5
41.875,8.5
41.9375,8.5
42.0,8.5
42.0625,8.5
42.125,8.5
42.1875,8.5
42.25,8.5
42.3125,8.5
42.375,8.5
42.4375,8.5
42.5,8.5
42.5625,8.5
42.625,8.5
42.6875,8.5
42.75,8.5
42.8125,8.5
42.875,8.5
42.9375,8.5
43.0,8.5
43.0625,8.5
43.125,8.5
43.1875,8.5
43.25,8.5
43.3125,8.5
43.375,8.5
43.4375,8.5
43.5,8.5
43.5625,8.5
43.625,8.5
43.6875,8.5
43.75,8.5
43.8125,8.5
43.875,8.5
43.9375,8.5
44.0,8.5
44.0625,8.5
44.125,8.5
44.1875,8.5
44.25,8.5
44.3125,8.5
44.375,8.5
44.4375,8.5
44.5,8.5
44.5625,8.5
44.625,8.5
44.6875,8.5
44.75,8.5
44.8125,8.5
44.875,8.5
44.9375,8.5
45.0,8.5
45.0625,8.5
45.125,8.5
45.1875,8.5
45.25,8.5
45.3125,8.5
45.375,8.5
45.4375,8.5
45.5,8.5
45.5625,8.5
45.625,8.5
45.6875,8.5
45.75,8.5
45.8125,8.5
45.875,8.5
45.9375,8.5
46.0,8.5
46.0625,8.5
46.125,8.5
46.1875,8.5
46.25,8.5
46.3125,8.5
46.375,8.5
46.4375,8.5
46.5,8.5
46.5625,8.5
46.625,8.5
46.6875,8.5
46.75,8.5
46.8125,8.5
46.875,8.5
46.9375,8.5
47.0,8.5
47.0625,8.5
47.125,8.5
47.1875,8.5
47.25,8.5
47.3125,8.5
47.375,8.5
47.4375,8.5
47.5,8.5
47.5625,8.5
47.625,8.5
47.6875,8.5
47.75,8.5
47.8125,8.5
47.875,8.5
47.9375,8.5
48.0,8.5
48.0625,8.5
48.125,8.5
48.1875,8.5
48.25,8.5
48.3125,8.5
48.375,8.5
48.4375,8.5
48.5,8.5
48.5625,8.5
48.625,8.5
48.6875,8.5
48.75,8.5
48.8125,8.5
48.875,8.5
48.9375,8.5
49.0,8.5
49.0625,8.5
49.125,8.5
49.1875,8.5
49.25,8.5
49.3125,8.5
49.375,8.5
49.4375,8.5
49.5,8.5
49.5625,8.5
49.625,8.5
49.6875,8.5
49.75,8.5
49.8125,8.5
49.875,8.5
49.9375,8.5
50.0,8.5
50.0625,8.5
50.125,8.5
50.1875,8.5
50.25,8.5
50.3125,8.5
50.375,8.5
50.4375,8.5
50.5,8.5
50.5625,8.5
50.625,8.5
50.6875,8.5
50.75,8.5
50.8125,8.5
50.875,8.5
50.9375,8.5
51.0,8.5
51.0625,8.5
51.125,8.5
51.1875,8.5
51.25,8.5
51.3125,8.5
51.375,8.5
51.4375,8.5
51.5,8.5
51.5625,8.5
51.625,8.5
51.6875,8.5
51.75,8.5
51.8125,8.5
51.875,8.5
51.9375,8.5
52.0,8.5
52.0625,8.5
52.125,8.5
52.1875,8.5
52.25,8.5
52.3125,8.5
52.375,8.5
52.4375,8.5
52.5,8.5
52.5625,8.5
52.625,8.5
52.6875,8.5
52.75,8.5
52.8125,8.5
52.875,8.5
52.9375,8.5
53.0,8.5
53.0625,8.5
53.125,8.5
53.1875,8.5
53.25,8.5
53.3125,8.5
53.375,8.5
53.4375,8.5
53.5,8.5
53.5625,8.5
53.625,8.5
53.6875,8.5
53.75,8.5
53.8125,8.5
53.875,8.5
53.9375,8.5
54.0,8.5
54.0625,8.5
54.125,8.5
54.1875,8.5
54.25,8.5
54.3125,8.5
54.375,8.5
54.4375,8.5
54.5,8.5
54.5625,8.5
54.625,8.5
54.6875,8.5
54.75,8.5
54.8125,8.5
54.875,8.5
54.9375,8.5
55.0,8.5
55.0625,8.5
55.125,8.5
55.1875,8.5
55.25,8.5
55.3125,8.5
55.375,8.5
55.4375,8.5
55.5,8.5
55.5625,8.5
55.625,8.5
55.6875,8.5
55.75,8.5
55.8125,8.5
55.875,8.5
55.9375,8.5
56.0,8.5
56.0625,8.5
56.125,8.5
56.1875,8.5
56.25,8.5
56.3125,8.5
56.375,8.5
56.4375,8.5
56.5,8.5
56.5625,8.5
56.625,8.5
56.6875,8.5
56.75,8.5
56.8125,8.5
56.875,8.5
56.9375,8.5
57.0,8.5
57.0625,8.5
57.125,8.5
57.1875,8.5
57.25,8.5
57.3125,8.5
57.375,8.5
57.4375,8.5
57.5,8.5
57.5625,8.5
57.625,8.5
57.6875,8.5
57.75,8.5
57.8125,8.5
57.875,8.5
57.9375,8.5
58.0,8.5
58.0625,8.5
58.125,8.5
58.1875,8.5
58.25,8.5
58.3125,8.5
58.375,8.5
58.4375,8.5
58.5,8.5
58.5625,8.5
58.625,8.5
58.6875,8.5625
58.75,8.5625
58.8125,8.5625
58.875,8.5625
58.9375,8.5625
59.0,8.5625
59.0625,8.5625
59.125,8.625
59.1875,8.625
59.25,8.625
59.3125,8.625
59.375,8.6875
59.4375,8.6875
59.5,8.6875
59.5625,8.6875
59.625,8.75
59.6875,8.75
59.75,8.8125
53.5,19.5625
53.4375,19.5625
53.375,19.5625
53.3125,19.5625
53.25,19.5
53.1875,19.5
53.125,19.5
53.0625,19.5
53.0,19.5
52.9375,19.5
52.875,19.5
53.5625,19.625
53.625,19.6875
53.6875,19.75
53.75,19.8125
53.8125,19.875
53.875,19.9375
53.9375,20.0
53.9375,20.0625
54.0,20.125
54.0625,20.1875
54.125,20.25
54.1875,20.3125
54.1875,20.375
54.25,20.4375
54.3125,20.5
54.375,20.5625
54.4375,20.625
54.5,20.6875
54.5,20.75
54.5625,20.8125
54.625,20.875
54.625,20.9375
54.6875,21.0
54.6875,21.0625
54.75,21.125
54.8125,21.1875
54.8125,21.25
54.875,21.3125
54.9375,21.375
54.9375,21.4375
55.0,21.5
55.0,21.5625
55.0625,21.625
55.125,21.6875
55.125,21.75
55.1875,21.8125
55.25,21.875
55.25,21.9375
55.3125,22.0
55.3125,22.0625
55.375,22.125
55.4375,22.1875
55.4375,22.25
55.5,22.3125
55.5625,22.375
55.5625,22.4375
55.625,22.5
55.6875,22.5625
55.6875,22.625
55.75,22.6875
55.75,22.75
55.8125,22.8125
55.875,22.875
55.875,22.9375
55.9375,23.0
56.0,23.0625
56.0,23.125
56.0625,23.1875
56.125,23.25
56.1875,23.3125
56.1875,23.375
56.1875,23.4375
56.25,23.5
56.3125,23.5625
56.3125,23.625
56.375,23.6875
56.4375,23.75
56.5,23.8125
56.5,23.875
56.5,23.9375
56.5625,24.0
56.625,24.0625
56.625,24.125
56.6875,24.1875
56.6875,24.25
56.75,24.3125
56.8125,24.375
56.8125,24.4375
56.875,24.5
56.9375,24.5625
56.9375,24.625
57.0,24.6875
57.0,24.75
57.0625,24.8125
57.125,24.875
57.125,24.9375
57.1875,25.0
57.25,25.0625
57.25,25.125
57.3125,25.1875
57.3125,25.25
57.375,25.3125
57.4375,25.375
57.4375,25.4375
57.5,25.5
57.5625,25.5625
57.5625,25.625
57.625,25.6875
57.625,25.75
57.6875,25.8125
57.75,25.875
57.75,25.9375
57.8125,26.0
57.875,26.0625
57.875,26.125
57.9375,26.1875
57.9375,26.25
58.0,26.3125
58.0625,26.375
58.0625,26.4375
58.125,26.5
58.1875,26.5625
58.1875,26.625
58.25,26.6875
58.25,26.75
58.3125,26.8125
58.375,26.875
58.375,26.9375
58.4375,27.0
58.5,27.0625
58.5,27.125
58.5625,27.1875
58.5625,27.25
58.625,27.3125
58.6875,27.375
58.6875,27.4375
58.75,27.5
58.75,27.5625
58.8125,27.625
58.875,27.6875
58.875,27.75
58.9375,27.8125
58.9375,27.875
59.0,27.9375
59.0625,28.0
59.0625,28.0625
59.125,28.125
59.125,28.1875
59.1875,28.25
59.1875,28.3125
59.25,28.375
59.3125,28.4375
59.3125,28.5
59.375,28.5625
59.375,28.625
59.4375,28.6875
59.5,28.75
59.5,28.8125
59.5625,28.875
59.5625,28.9375
59.625,29.0
59.6875,29.0625
59.6875,29.125
59.75,29.1875
59.75,29.25
59.8125,29.3125
59.875,29.375
59.875,29.4375
59.9375,29.5
59.9375,29.5625
59.9375,29.625
60.0,29.625
60.0625,29.6875
60.0625,29.75
60.125,29.8125
60.125,29.875
60.125,29.9375
60.1875,29.9375
60.25,30.0
60.25,30.0625
60.3125,30.125
60.3125,30.1875
60.375,30.25
60.375,30.3125
60.3125,30.375
60.25,30.4375
60.1875,30.5
60.125,30.5625
60.0625,30.625
60.0,30.6875
60.0,30.75
59.9375,30.8125
59.875,30.875
59.8125,30.875
59.75,30.875
59.75,30.9375
59.75,31.0
59.8125,31.0625
59.875,31.125
59.9375,31.125
59.9375,31.1875
60.0,31.25
60.0625,31.25
60.0625,31.3125
60.0625,31.375
60.125,31.375
60.125,31.4375
60.125,31.5
60.1875,31.5625
60.25,31.5625
60.25,31.625
60.25,31.6875
60.3125,31.6875
60.3125,31.75
60.375,31.8125
60.4375,31.8125
60.4375,31.875
60.4375,31.9375
60.4375,32.0
60.5,32.0
60.5,32.0625
60.5625,32.125
60.625,32.125
60.625,32.1875
60.625,32.25
60.625,32.3125
60.6875,32.3125
60.6875,32.375
60.75,32.4375
60.75,32.5
60.8125,32.5625
60.875,32.625
60.875,32.6875
60.875,32.75
60.9375,32.75
60.9375,32.8125
61.0,32.875
61.0,32.9375
61.0625,32.9375
61.0625,33.0
61.125,33.0625
61.125,33.125
61.1875,33.1875
61.25,33.25
61.3125,33.25
61.3125,33.3125
61.3125,33.375
61.375,33.375
61.375,33.4375
61.375,33.5
61.4375,33.5625
61.4375,33.625
61.5,33.6875
61.5625,33.6875
61.5625,33.75
61.5625,33.8125
61.625,33.875
61.625,33.9375
61.6875,34.0
61.75,34.0
61.75,34.0625
61.75,34.125
61.8125,34.1875
61.8125,34.25
61.875,34.3125
61.9375,34.3125
61.9375,34.375
61.9375,34.4375
62.0,34.5
62.0,34.5625
62.0625,34.625
62.125,34.625
62.125,34.6875
62.125,34.75
62.1875,34.8125
62.1875,34.875
62.25,34.9375
62.25,35.0
62.1875,35.0625
62.125,35.0625
62.0625,35.125
62.0,35.1875
61.9375,35.25
61.875,35.3125
61.8125,35.375
61.75,35.4375
61.6875,35.5
61.625,35.5625
61.5625,35.5625
61.5625,35.5
61.5625,35.4375
61.5625,35.375
61.5,35.3125
61.5,35.25
61.4375,35.1875
61.375,35.1875
61.375,35.125
61.375,35.0625
61.3125,35.0
61.3125,34.9375
61.25,34.875
61.1875,34.8125
61.1875,34.75
61.125,34.6875
61.0625,34.625
61.0625,34.5625
61.0,34.5
60.9375,34.4375
60.9375,34.375
60.875,34.3125
60.875,34.25
60.8125,34.1875
60.75,34.125
60.75,34.0625
60.6875,34.0
60.625,33.9375
60.625,33.875
60.5625,33.8125
60.5,33.75
60.5,33.6875
60.4375,33.625
60.4375,33.5625
60.375,33.5
60.3125,33.4375
60.3125,33.375
60.25,33.3125
60.1875,33.25
60.1875,33.1875
60.125,33.125
60.0625,33.0625
60.0625,33.0
60.0,32.9375
59.9375,32.875
59.9375,32.8125
59.875,32.75
59.8125,32.6875
59.8125,32.625
59.75,32.5625
59.6875,32.5
59.625,32.4375
59.625,32.375
59.5625,32.3125
59.5,32.25
59.5,32.1875
59.4375,32.125
59.375,32.0625
59.375,32.0
59.3125,31.9375
59.25,31.875
59.25,31.8125
59.1875,31.75
59.125,31.6875
59.0625,31.625
59.0625,31.5625
59.0,31.5
58.9375,31.4375
58.875,31.375
58.875,31.3125
58.8125,31.25
58.75,31.1875
58.6875,31.125
58.6875,31.0625
58.625,31.0
58.5625,30.9375
58.5625,30.875
58.5,30.8125
58.4375,30.75
58.375,30.6875
58.375,30.625
58.3125,30.5625
58.25,30.5
58.1875,30.4375
58.1875,30.375
58.125,30.3125
58.0625,30.25
58.0,30.1875
57.9375,30.125
57.875,30.0625
57.8125,30.0
57.75,30.0
57.75,29.9375
57.75,29.875
57.6875,29.8125
57.625,29.8125
57.5625,29.75
57.5,29.75
57.4375,29.75
57.375,29.6875
57.3125,29.6875
57.25,29.6875
57.1875,29.6875
57.125,29.6875
57.0625,29.6875
57.0,29.6875
56.9375,29.75
56.875,29.75
56.8125,29.8125
56.75,29.8125
56.6875,29.875
56.625,29.9375
56.625,30.0
56.5625,30.0625
56.5,30.125
56.4375,30.125
56.4375,30.1875
56.4375,30.25
56.375,30.3125
56.3125,30.375
56.25,30.375
56.1875,30.375
56.1875,30.4375
56.1875,30.5
56.1875,30.5625
56.1875,30.625
56.25,30.625
56.3125,30.6875
56.375,30.75
56.4375,30.8125
56.5,30.875
56.5625,30.9375
56.625,31.0
56.6875,31.0625
56.75,31.0625
56.8125,31.0625
56.875,31.125
56.9375,31.125
57.0,31.1875
57.0625,31.25
57.125,31.3125
57.1875,31.375
57.25,31.375
57.25,31.4375
57.25,31.5
57.3125,31.5625
57.3125,31.625
57.3125,31.6875
57.3125,31.75
57.3125,31.8125
57.3125,31.875
57.25,31.875
57.25,31.8125
57.1875,31.8125
57.125,31.75
57.0625,31.6875
57.0,31.625
56.9375,31.5625
56.875,31.5
56.8125,31.4375
56.75,31.4375
56.6875,31.375
56.625,31.375
56.5625,31.375
56.5,31.3125
56.4375,31.25
56.375,31.1875
56.3125,31.125
56.25,31.0625
56.1875,31.0
56.125,31.0
56.125,30.9375
56.125,30.875
56.125,30.8125
56.125,30.75
56.125,30.6875
56.125,30.375
56.0625,30.3125
56.0,30.25
55.9375,30.1875
55.875,30.1875
55.8125,30.1875
55.75,30.1875
55.75,30.25
55.6875,30.3125
55.625,30.3125
55.5625,30.25
55.5,30.1875
55.5,30.125
55.5625,30.125
55.625,30.125
55.6875,30.1875
55.8125,30.125
55.8125,30.0625
55.75,30.0625
55.6875,30.0
55.625,30.0
55.5625,30.0625
55.5,30.0625
55.4375,30.0625
55.375,30.0
55.3125,29.9375
55.25,29.875
55.1875,29.8125
55.125,29.75
55.0625,29.6875
55.375,29.4375
55.4375,29.5
55.5,29.5625
55.5625,29.625
55.625,29.6875
55.6875,29.75
55.75,29.8125
55.75,29.875
55.8125,29.9375
55.875,29.9375
55.875,30.0
55.875,29.875
55.8125,29.8125
55.875,29.625
55.9375,29.625
56.0,29.6875
56.0625,29.75
56.125,29.8125
56.1875,29.875
56.25,29.9375
56.3125,30.0
56.375,30.0625
55.8125,29.5625
55.75,29.5
55.6875,29.4375
55.625,29.375
55.5625,29.3125
55.5,29.25
55.4375,29.1875
55.375,29.125
55.3125,29.0625
55.25,29.0
55.1875,28.9375
55.125,28.9375
55.125,28.875
55.125,28.8125
55.125,28.75
55.125,28.6875
55.125,28.625
55.1875,28.5625
55.1875,28.5
55.1875,28.4375
55.1875,28.375
55.25,28.3125
55.25,28.25
55.25,28.1875
55.25,28.125
55.3125,28.0625
55.3125,28.0
55.3125,27.9375
55.3125,27.875
55.3125,27.8125
55.375,27.75
55.4375,27.6875
55.5,27.625
55.5625,27.5625
55.625,27.5625
55.6875,27.5625
55.75,27.625
55.8125,27.625
55.875,27.6875
55.9375,27.6875
56.0,27.6875
56.0625,27.6875
56.125,27.75
56.1875,27.75
56.25,27.75
56.3125,27.8125
56.375,27.8125
56.4375,27.875
56.5,27.875
56.5625,27.9375
56.625,27.9375
56.6875,28.0
56.75,28.0
56.8125,28.0625
56.875,28.0625
56.9375,28.0625
57.0,28.125
57.0625,28.125
57.125,28.1875
57.1875,28.1875
57.25,28.25
57.3125,28.25
57.375,28.3125
57.4375,28.3125
57.5,28.3125
57.5625,28.375
57.625,28.375
57.6875,28.4375
57.75,28.4375
57.8125,28.5
57.875,28.5
57.9375,28.5625
58.0,28.5625
58.0625,28.625
58.125,28.625
58.1875,28.6875
58.1875,28.75
58.25,28.8125
58.3125,28.875
58.375,28.9375
58.375,29.0
58.4375,29.0625
58.4375,29.125
58.375,29.1875
58.3125,29.25
58.25,29.3125
58.1875,29.375
58.125,29.375
58.0625,29.4375
58.0,29.5
57.9375,29.5625
57.875,29.625
57.8125,29.6875
57.75,29.75
57.6875,30.0625
57.625,30.125
57.5625,30.1875
57.5,30.25
57.4375,30.3125
57.375,30.375
57.375,30.4375
57.3125,30.5
57.25,30.5
57.25,30.5625
57.25,30.625
57.25,30.6875
57.25,30.75
57.25,30.8125
57.25,30.875
57.25,30.9375
57.25,31.0
57.25,31.0625
57.25,31.125
57.25,31.1875
57.3125,31.25
57.3125,31.3125
57.375,31.9375
57.4375,32.0
57.4375,32.0625
57.4375,32.125
57.4375,32.1875
57.5,32.25
57.5,32.3125
57.5,32.375
57.5,32.4375
57.5625,32.5
57.5625,32.5625
57.5625,32.625
57.5625,32.6875
57.625,32.75
57.625,32.8125
57.625,32.875
57.6875,32.9375
57.6875,33.0
57.6875,33.0625
57.6875,33.125
57.75,33.1875
57.6875,33.25
57.625,33.3125
57.5625,33.3125
57.5,33.375
57.4375,33.4375
57.375,33.4375
57.3125,33.4375
57.25,33.4375
57.1875,33.4375
57.125,33.4375
57.0625,33.4375
57.0,33.4375
56.9375,33.4375
56.875,33.5
56.8125,33.5
56.75,33.5625
56.6875,33.625
56.625,33.6875
56.5625,33.75
56.5,33.8125
56.4375,33.875
56.375,33.9375
56.3125,34.0
56.25,34.0625
56.1875,34.125
56.125,34.1875
56.0625,34.25
56.0625,34.3125
56.0,34.375
55.9375,34.4375
55.875,34.5
55.875,34.5625
55.8125,34.625
55.25,33.3125
55.3125,33.25
55.3125,33.1875
55.3125,33.125
55.375,33.0625
55.375,33.0
55.375,32.9375
55.4375,32.875
55.4375,32.8125
55.4375,32.75
55.5,32.6875
55.5,32.625
55.5,32.5625
55.5625,32.5
55.5625,32.4375
55.5625,32.375
55.625,32.3125
55.625,32.25
55.625,32.1875
55.6875,32.125
55.6875,32.0625
55.6875,32.0
55.6875,31.9375
55.6875,31.875
55.75,31.8125
55.75,31.75
55.8125,31.6875
55.875,31.6875
55.9375,31.6875
56.0,31.75
56.0625,31.8125
56.125,31.875
56.1875,31.9375
56.25,32.0
56.3125,32.0
56.375,32.0
56.4375,32.0
56.5,32.0625
56.5625,32.0625
56.625,32.0625
56.6875,32.0625
56.75,32.0
56.8125,31.9375
56.875,31.9375
56.9375,31.9375
57.0,31.9375
57.0625,31.9375
57.125,31.9375
57.1875,31.9375
56.75,31.875
56.6875,31.875
56.625,31.875
56.5625,31.875
56.5,31.8125
56.4375,31.75
56.4375,31.6875
56.375,31.6875
56.3125,31.625
56.25,31.5625
56.1875,31.5
56.125,31.4375
56.0625,31.375
56.0,31.375
56.0,31.3125
56.0,31.25
56.0,31.1875
56.0625,31.125
56.0625,31.0625
55.9375,31.4375
55.9375,31.5
55.875,31.5625
55.875,31.625
56.5,31.6875
56.5625,31.6875
56.625,31.75
56.6875,31.8125
57.25,30.4375
57.3125,30.375
58.5,29.1875
58.5625,29.25
58.625,29.3125
58.6875,29.375
58.75,29.4375
58.75,29.5
58.8125,29.5625
58.875,29.625
58.875,29.6875
58.9375,29.75
59.0,29.8125
59.0,29.875
59.0625,29.9375
59.0625,30.0
59.125,30.0625
59.1875,30.125
59.25,30.1875
59.3125,30.1875
59.3125,30.25
59.3125,30.3125
59.375,30.375
59.375,30.4375
59.4375,30.5
59.5,30.5
59.5,30.5625
59.5,30.625
59.5625,30.6875
59.625,30.75
59.6875,30.8125
59.75,30.8125
59.8125,30.75
59.875,30.6875
59.9375,30.6875
60.0625,31.0
60.125,31.0
60.1875,31.0625
60.1875,31.125
60.1875,31.1875
60.125,31.25
60.0625,31.1875
60.125,31.125
60.0,31.0625
60.25,31.0625
60.3125,31.0625
60.375,31.0
60.4375,30.9375
60.5,30.875
60.5625,30.8125
60.625,30.8125
60.6875,30.875
60.6875,30.9375
60.6875,31.0
60.75,31.0625
60.6875,31.125
60.625,31.1875
60.5625,31.25
60.5,31.3125
60.4375,31.3125
60.375,31.3125
60.375,31.375
60.375,31.4375
60.375,31.5
60.3125,31.5625
60.25,31.5
60.3125,31.4375
60.3125,31.3125
60.25,31.3125
60.1875,31.375
60.4375,31.625
60.5,31.625
60.5625,31.625
60.5625,31.6875
60.5625,31.75
60.5625,31.8125
60.5,31.875
60.5,31.75
60.375,31.6875
60.625,31.625
60.6875,31.625
60.75,31.5625
60.8125,31.5
60.875,31.4375
60.9375,31.375
61.0,31.4375
61.0625,31.5
61.0625,31.5625
61.0625,31.625
61.125,31.6875
61.0625,31.75
61.0,31.8125
60.9375,31.875
60.875,31.9375
60.8125,31.9375
60.75,31.9375
60.75,32.0
60.75,32.0625
60.75,32.125
60.6875,32.1875
60.6875,32.0625
60.6875,31.9375
60.625,31.9375
60.5625,32.0
60.8125,32.25
60.875,32.25
60.9375,32.25
60.9375,32.3125
60.875,32.375
60.8125,32.4375
60.75,32.3125
60.9375,32.1875
61.0,32.125
61.0625,32.0625
61.125,32.0
61.1875,31.9375
61.25,31.875
61.3125,31.875
61.375,31.9375
61.4375,32.0
61.4375,32.0625
61.5,32.125
61.5,32.1875
61.4375,32.25
61.375,32.3125
61.3125,32.375
61.25,32.4375
61.1875,32.5
61.125,32.5625
61.125,32.625
61.0625,32.6875
61.0,32.75
60.9375,32.625
61.0,32.5625
61.0625,32.5625
61.1875,32.875
61.25,32.875
61.3125,32.875
61.3125,32.9375
61.25,33.0
61.1875,33.0625
61.125,32.9375
61.375,32.8125
61.4375,32.75
61.5,32.6875
61.5625,32.625
61.625,32.5625
61.6875,32.5
61.6875,32.4375
61.625,32.375
61.625,32.3125
61.5625,32.25
61.75,32.5625
61.8125,32.625
61.8125,32.6875
61.875,32.75
61.875,32.8125
61.8125,32.875
61.75,32.9375
61.6875,33.0
61.625,33.0625
61.5625,33.125
61.5,33.1875
61.5,33.25
61.4375,33.3125
61.4375,33.1875
61.375,33.1875
61.6875,33.5625
61.625,33.625
61.75,33.5
61.8125,33.4375
61.875,33.375
61.9375,33.3125
62.0,33.25
62.0625,33.1875
62.125,33.1875
62.1875,33.25
62.1875,33.3125
62.25,33.375
62.25,33.4375
62.25,33.5
62.3125,33.5
62.375,33.5625
62.375,33.625
62.4375,33.6875
62.4375,33.75
62.4375,33.8125
62.5,33.8125
62.5625,33.875
62.5625,33.9375
62.625,34.0
62.625,34.0625
62.625,34.125
62.6875,34.125
62.75,34.1875
62.75,34.25
62.8125,34.3125
62.875,34.375
62.9375,34.4375
62.9375,34.5
62.9375,34.5625
63.0,34.625
63.0625,34.6875
63.125,34.75
63.125,34.8125
63.125,34.875
63.1875,34.9375
63.25,35.0
63.25,35.0625
63.3125,35.125
63.375,35.1875
63.4375,35.25
63.4375,35.3125
63.4375,35.375
63.5,35.4375
63.5625,35.5
63.5625,35.5625
63.625,35.625
63.6875,35.6875
63.6875,35.75
63.75,35.8125
63.75,35.875
63.8125,35.9375
63.875,36.0
63.875,36.0625
63.9375,36.125
64.0,36.1875
64.0,36.25
64.0625,36.3125
64.125,36.375
64.125,36.4375
64.1875,36.5
64.25,36.5625
64.25,36.625
64.3125,36.6875
64.3125,36.75
64.375,36.8125
64.4375,36.875
64.4375,36.9375
64.5,37.0
64.5625,37.0625
64.625,37.125
64.6875,37.1875
63.125,37.375
63.125,37.4375
63.0625,37.3125
63.0625,37.25
63.0625,37.1875
63.0625,37.125
63.0,37.0625
63.0,37.0
63.0,36.9375
63.0,36.875
63.0,36.8125
63.0,36.75
62.9375,36.6875
62.9375,36.625
62.9375,36.5625
62.9375,36.5
62.9375,36.4375
62.875,36.375
62.875,36.3125
62.875,36.25
62.8125,36.1875
62.8125,36.125
62.75,36.0625
62.75,36.0
62.75,35.9375
62.6875,35.875
62.6875,35.8125
62.6875,35.75
62.625,35.6875
62.625,35.625
62.5625,35.5625
62.5625,35.5
62.5,35.4375
62.5,35.375
62.4375,35.3125
62.4375,35.25
62.375,35.1875
62.375,35.125
62.3125,35.0625
62.3125,35.25
62.25,35.3125
62.25,35.375
62.25,35.4375
62.1875,35.4375
62.125,35.5
62.0625,35.5625
62.0,35.625
61.9375,35.6875
61.875,35.75
61.8125,35.8125
61.8125,35.875
61.8125,35.9375
61.8125,36.0
61.8125,36.0625
61.8125,36.125
61.8125,36.1875
61.8125,36.25
61.8125,36.3125
61.8125,36.375
61.8125,36.4375
61.8125,36.5
61.8125,36.5625
61.75,36.1875
61.6875,36.1875
61.625,36.1875
61.5625,36.1875
61.5,36.1875
61.4375,36.1875
61.375,36.1875
61.3125,36.1875
61.25,36.1875
61.1875,36.1875
61.125,36.25
61.0625,36.25
61.0,36.25
60.9375,36.25
60.875,36.25
60.8125,36.25
60.75,36.25
60.6875,36.25
60.6875,36.1875
60.75,36.125
60.8125,36.0625
60.875,36.0
60.9375,36.0
61.0,36.0
61.0625,36.0
61.125,35.9375
61.1875,35.875
61.1875,35.8125
61.125,35.8125
61.0625,35.8125
61.0,35.875
60.9375,35.9375
60.875,35.6875
60.8125,35.6875
60.75,35.75
60.6875,35.8125
60.625,35.875
60.5625,35.9375
60.5,36.0
60.4375,36.0625
60.375,36.125
60.3125,36.1875
60.25,36.25
60.1875,36.3125
60.1875,36.375
60.1875,36.4375
60.125,36.3125
60.125,36.25
60.125,36.1875
60.125,36.125
60.0625,36.0625
60.0625,36.0
60.0625,35.9375
60.0,35.875
60.0,35.8125
59.9375,35.75
59.9375,35.6875
59.9375,35.625
59.875,35.5625
59.875,35.5
59.875,35.4375
59.8125,35.375
59.8125,35.3125
59.75,35.25
59.75,35.1875
59.75,35.125
59.75,35.0625
59.6875,35.0
59.625,34.9375
59.625,34.875
59.625,34.8125
59.5625,34.75
59.5625,34.6875
59.5,34.625
59.4375,34.5625
59.375,34.5
59.375,34.4375
59.3125,34.375
59.25,34.3125
59.25,34.25
59.1875,34.1875
59.125,34.125
59.125,34.0625
59.0625,34.0
59.0,33.9375
58.9375,33.875
58.9375,33.8125
58.875,33.75
58.8125,33.75
58.75,33.6875
58.6875,33.6875
58.625,33.625
58.5625,33.625
58.5,33.5625
58.4375,33.5
58.375,33.5
58.3125,33.4375
58.25,33.4375
58.1875,33.375
58.125,33.375
58.0625,33.375
58.0,33.3125
57.9375,33.3125
57.875,33.25
57.8125,33.25
57.6875,35.6875
57.625,35.75
57.5625,35.8125
57.5625,35.875
57.5,35.9375
57.5,36.0
57.5,36.0625
57.4375,36.125
57.4375,36.1875
57.375,36.25
57.375,36.3125
57.3125,36.375
57.25,36.4375
57.25,36.5
57.1875,36.5625
57.1875,36.625
57.125,36.6875
57.125,36.75
57.0625,36.8125
57.0625,36.875
57.0,36.9375
57.0,37.0
57.0,37.0625
56.9375,37.125
56.9375,37.1875
56.875,37.25
56.875,37.3125
56.8125,37.375
56.8125,37.4375
56.75,37.5
56.75,37.5625
56.6875,37.625
56.625,37.6875
60.0,37.9375
60.0,38.0
60.0,38.0625
60.0,38.125
60.0,38.1875
60.0,38.25
60.0,38.3125
60.0,38.375
60.0,38.4375
60.0,38.5
60.0,38.5625
60.0,38.625
60.0,38.6875
60.0,38.75
60.0,38.8125
60.0,38.875
60.0,38.9375
60.0,39.0
60.0,39.0625
60.0,39.125
60.0,39.1875
60.0,39.25
60.0,39.3125
60.0,39.375
60.0,39.4375
60.0,39.5
60.0,39.5625
60.0,39.625
60.0,39.6875
60.0625,39.75
60.0625,39.8125
60.0625,39.875
60.0625,39.9375
60.0625,40.0
60.0625,40.0625
60.0625,40.125
60.125,40.1875
60.125,40.25
60.125,40.3125
60.125,40.375
60.125,40.4375
60.125,40.5
60.1875,40.5625
60.1875,40.625
60.1875,40.6875
60.25,40.75
60.25,40.8125
60.25,40.875
60.25,40.9375
60.3125,41.0
60.3125,41.0625
60.3125,41.125
60.375,41.1875
60.375,41.25
60.375,41.3125
60.4375,41.375
60.4375,41.4375
60.4375,41.5
60.4375,41.5625
60.5,41.625
60.5625,41.6875
60.5625,41.75
60.5625,41.8125
60.625,41.875
60.625,41.9375
60.6875,42.0
60.6875,42.0625
60.6875,42.125
60.75,42.1875
60.75,42.25
60.75,42.3125
60.8125,42.375
60.8125,42.4375
60.875,42.5
60.9375,42.5625
60.9375,42.625
60.9375,42.6875
61.0,42.75
61.0,42.8125
61.0625,42.875
61.0625,42.9375
61.0625,43.0
61.125,43.0625
61.125,43.125
61.125,43.1875
61.1875,43.25
61.1875,43.3125
61.25,43.375
61.25,43.4375
61.25,43.5
61.3125,43.5625
61.3125,43.625
61.3125,43.6875
61.375,43.75
61.375,43.8125
61.4375,43.875
61.4375,43.9375
61.4375,44.0
61.4375,44.0625
61.4375,44.125
61.4375,44.1875
61.4375,44.25
61.4375,44.3125
61.4375,44.375
61.4375,44.4375
61.4375,44.5
61.4375,44.5625
61.4375,44.625
61.4375,44.6875
61.4375,44.75
61.4375,44.8125
61.4375,44.875
61.4375,44.9375
61.4375,45.0
61.4375,45.0625
61.4375,45.125
61.4375,45.1875
61.4375,45.25
61.4375,45.3125
61.4375,45.375
61.4375,45.4375
61.4375,45.5
61.4375,45.5625
61.4375,45.625
61.4375,45.6875
61.4375,45.75
61.4375,45.8125
61.4375,45.875
61.4375,45.9375
61.4375,46.0
61.875,44.0
61.9375,44.0
62.0,44.0
62.0625,44.0
62.125,44.0
62.1875,44.0625
62.25,44.0625
62.3125,44.0625
62.375,44.0625
62.4375,44.125
62.5,44.125
62.5625,44.125
62.625,44.1875
62.6875,44.1875
62.75,44.1875
62.8125,44.1875
62.875,44.25
62.9375,44.25
63.0,44.25
63.0625,44.3125
63.125,44.3125
63.1875,44.3125
63.25,44.375
63.3125,44.375
63.375,44.375
63.4375,44.4375
63.5,44.4375
63.5625,44.5
63.625,44.5
63.6875,44.5625
63.75,44.5625
63.8125,44.625
63.875,44.625
63.9375,44.6875
64.0,44.6875
64.0625,44.75
64.0625,44.8125
64.125,44.875
64.125,44.9375
64.125,45.0
64.1875,45.0625
64.1875,45.125
64.1875,45.1875
64.1875,45.25
64.1875,45.3125
64.1875,45.375
64.1875,45.4375
64.1875,45.5
64.1875,45.5625
64.1875,45.625
64.25,45.6875
64.25,45.75
64.25,45.8125
64.25,45.875
64.25,45.9375
64.25,46.0
64.25,46.0625
64.25,46.125
64.25,46.1875
64.25,46.25
64.25,46.3125
64.25,46.375
64.25,46.4375
64.25,46.5
64.1875,46.5625
64.1875,46.625
64.125,46.6875
64.0625,46.75
64.0,46.8125
63.9375,46.875
63.875,46.9375
63.8125,47.0
63.75,47.0625
63.6875,47.125
63.625,47.1875
63.5625,47.25
63.5,47.3125
63.4375,47.375
63.375,47.4375
63.3125,47.5
63.25,47.5625
63.1875,47.625
63.125,47.6875
63.0625,47.75
63.0,47.8125
62.9375,47.875
62.875,47.9375
62.8125,48.0
62.75,48.0625
62.6875,48.125
62.625,48.1875
62.5625,48.25
62.5,48.3125
62.4375,48.375
61.8125,43.9375
61.75,43.9375
61.6875,43.9375
61.625,43.9375
61.5625,43.9375
61.5,43.9375
60.0625,37.875
60.0625,37.8125
60.0625,37.75
60.0625,37.6875
60.0625,37.625
60.0625,37.5625
60.125,37.5
60.125,37.4375
60.125,37.375
60.1875,37.3125
60.25,37.3125
60.3125,37.375
60.375,37.4375
60.4375,37.5
60.1875,37.25
60.1875,37.1875
60.1875,37.125
60.1875,37.0625
60.1875,37.0
60.1875,36.9375
60.1875,36.875
60.1875,36.8125
60.9375,35.625
61.0,35.5625
61.0625,35.5
61.125,35.4375
61.1875,35.375
61.25,35.3125
61.3125,35.25
61.5,35.625
61.4375,35.6875
61.375,35.75
61.3125,35.8125
61.25,35.8125
61.6875,35.75
61.6875,35.6875
61.6875,35.625
61.75,35.8125
62.3125,35.4375
62.3125,35.375
62.375,35.375
62.375,35.5
62.4375,35.5
62.1875,34.5625
62.25,34.5
62.3125,34.4375
62.375,34.375
62.4375,34.3125
62.5,34.25
62.5625,34.1875
62.3125,33.9375
62.25,34.0
62.1875,34.0625
62.125,34.125
62.0625,34.1875
62.0,34.25
61.8125,33.9375
61.875,33.875
61.9375,33.8125
62.0,33.75
62.0625,33.6875
62.125,33.625
62.1875,33.5625
62.375,33.875
62.0625,33.125
62.0625,33.0625
62.0,33.0
62.0,32.9375
61.9375,32.875
61.25,31.8125
61.1875,31.75
60.875,31.3125
60.875,31.25
60.875,31.1875
60.8125,31.125
60.5625,30.75
60.5625,30.6875
60.5625,30.625
60.5625,30.5625
60.5,30.5
60.5,30.4375
60.4375,30.375
60.0625,30.0
60.0,30.0625
59.9375,30.125
59.875,30.1875
59.8125,30.25
59.75,30.3125
59.6875,30.375
59.625,30.4375
59.5625,30.4375
59.4375,30.125
59.375,30.125
59.5,30.0625
59.5625,30.0
59.625,29.9375
59.6875,29.875
59.75,29.8125
59.8125,29.75
59.875,29.6875
55.3125,29.375
55.25,29.3125
55.1875,29.25
55.125,29.1875
55.0625,29.1875
55.0625,29.125
55.0625,29.0625
55.0625,29.0
55.5625,27.5
55.5625,27.4375
55.5625,27.375
55.5,27.3125
51.75,30.0
51.6875,30.0
51.625,30.0625
51.5625,30.0625
51.5,30.125
51.5,30.1875
51.5,30.25
51.4375,30.3125
51.4375,30.375
52.3125,30.9375
52.375,30.9375
49.6875,19.0
49.6875,18.9375
49.625,18.875
49.5625,18.8125
49.5,18.75
49.4375,18.6875
49.375,18.625
49.3125,18.625
49.25,18.5625
49.1875,18.5625
65.875,29.25
65.9375,29.25
66.0,29.1875
66.0625,29.1875
66.125,29.1875
66.1875,29.1875
66.25,29.1875
66.3125,29.1875
66.375,29.1875
66.4375,29.1875
66.5,29.1875
66.5625,29.125
66.625,29.125
66.6875,29.0625
66.75,29.0625
66.8125,29.0
66.875,28.9375
66.9375,28.875
67.0,28.8125
67.0625,28.75
67.125,28.6875
67.1875,28.625
67.25,28.5625
67.3125,28.5
67.375,28.4375
67.4375,28.375
67.5,28.3125
67.5625,28.25
67.625,28.1875
67.6875,28.125
67.75,28.0625
67.8125,28.0
67.875,27.9375
67.9375,27.875
68.0,27.8125
68.0625,27.75
68.125,27.6875
68.1875,27.625
68.25,27.5625
68.3125,27.5
68.375,27.4375
68.4375,27.375
68.5,27.3125
68.5625,27.25
68.625,27.1875
68.6875,27.125
68.75,27.0625
68.8125,27.0
68.875,26.9375
68.9375,26.875
69.0,26.8125
69.0625,26.75
69.125,26.6875
69.1875,26.625
69.25,26.5625
69.3125,26.5
69.375,26.4375
69.4375,26.375
69.5,26.3125
69.5625,26.25
69.625,26.1875
69.6875,26.125
69.75,26.0625
69.8125,26.0
69.875,25.9375
69.9375,25.875
70.0,25.8125
70.0625,25.75
70.125,25.6875
70.1875,25.625
70.25,25.5625
70.3125,25.5
70.375,25.4375
70.4375,25.375
70.5,25.3125
70.5625,25.25
70.625,25.1875
70.6875,25.125
70.75,25.0625
70.8125,25.0
70.875,24.9375
70.9375,24.875
71.0,24.8125
71.0625,24.75
71.125,24.6875
71.1875,24.625
71.25,24.5625
71.3125,24.5
71.375,24.4375
71.4375,24.375
71.5,24.3125
71.5625,24.25
71.625,24.1875
71.6875,24.125
71.75,24.0625
71.8125,24.0
71.875,23.9375
71.9375,23.875
72.0,23.8125
72.0625,23.75
72.125,23.6875
72.1875,23.625
72.25,23.5625
72.3125,23.5
72.375,23.4375
72.4375,23.375
72.5,23.3125
72.5625,23.25
72.625,23.1875
72.6875,23.125
72.75,23.0625
72.8125,23.0
72.875,22.9375
72.9375,22.875
73.0,22.8125
73.0625,22.75
73.125,22.6875
73.1875,22.625
73.25,22.5625
73.3125,22.5
73.375,22.4375
73.4375,22.375
73.5,22.3125
73.5625,22.25
73.625,22.1875
73.6875,22.125
73.75,22.0625
73.8125,22.0
73.875,21.9375
73.9375,21.875
74.0,21.8125
74.0625,21.75
74.125,21.6875
74.1875,21.625
74.25,21.5625
74.3125,21.5
74.375,21.4375
74.4375,21.375
74.5,21.3125
74.5625,21.25
74.625,21.1875
74.6875,21.125
74.75,21.0625
74.8125,21.0
74.875,20.9375
74.9375,20.875
75.0,20.8125
75.0625,20.75
75.125,20.6875
75.1875,20.625
75.25,20.5625
75.3125,20.5
75.375,20.4375
75.4375,20.375
75.5,20.3125
75.5625,20.25
75.625,20.1875
75.6875,20.125
75.75,20.0625
75.8125,20.0
75.875,19.9375
75.9375,19.875
76.0,19.8125
76.0625,19.75
76.125,19.6875
76.1875,19.625
76.25,19.5625
76.3125,19.5
76.375,19.4375
76.4375,19.375
76.5,19.3125
76.5625,19.25
76.625,19.1875
76.6875,19.125
76.75,19.0625
76.8125,19.0
76.875,18.9375
76.9375,18.875
77.0,18.8125
77.0625,18.75
77.125,18.6875
77.1875,18.625
77.25,18.5625
77.3125,18.5
77.375,18.4375
77.4375,18.375
77.5,18.3125
77.5625,18.25
77.625,18.1875
77.6875,18.125
77.75,18.0625
77.8125,18.0
77.875,17.9375
77.9375,17.875
78.0,17.8125
78.0625,17.75
78.125,17.6875
78.1875,17.625
78.25,17.5625
78.3125,17.5
78.375,17.4375
78.4375,17.375
78.5,17.3125
78.5625,17.25
78.625,17.1875
78.6875,17.125
78.75,17.0625
78.8125,17.0
78.875,16.9375
78.9375,16.875
79.0,16.8125
79.0625,16.75
79.125,16.6875
79.1875,16.625
79.25,16.5625
79.3125,16.5
79.375,16.4375
79.4375,16.375
79.5,16.3125
79.5625,16.25
79.625,16.1875
83.625,18.875
83.6875,18.9375
83.75,19.0
83.8125,19.0625
83.8125,19.125
83.875,19.1875
83.875,19.25
83.875,19.3125
83.875,19.375
83.9375,19.4375
83.9375,19.5
83.9375,19.5625
83.9375,19.625
83.9375,19.6875
83.9375,19.75
83.9375,19.8125
83.9375,19.875
83.9375,19.9375
83.9375,20.0
83.9375,20.0625
83.9375,20.125
83.9375,20.1875
83.9375,20.25
83.9375,20.3125
83.9375,20.375
83.9375,20.4375
83.9375,20.5
83.9375,20.5625
83.9375,20.625
83.9375,20.6875
83.9375,20.75
83.9375,20.8125
83.9375,20.875
83.9375,20.9375
83.9375,21.0
83.9375,21.0625
83.9375,21.125
83.9375,21.1875
83.9375,21.25
83.9375,21.3125
83.9375,21.375
83.9375,21.4375
83.9375,21.5
83.9375,21.5625
83.9375,21.625
83.9375,21.6875
83.9375,21.75
83.9375,21.8125
83.9375,21.875
83.9375,21.9375
83.9375,22.0
83.9375,22.0625
83.9375,22.125
83.9375,22.1875
83.9375,22.25
83.9375,22.3125
83.9375,22.375
83.9375,22.4375
83.9375,22.5
83.9375,22.5625
83.9375,22.625
83.9375,22.6875
83.9375,22.75
83.9375,22.8125
83.9375,22.875
83.9375,22.9375
83.9375,23.0
83.9375,23.0625
83.9375,23.125
83.9375,23.1875
83.9375,23.25
83.9375,23.3125
83.9375,23.375
83.9375,23.4375
83.9375,23.5
83.9375,23.5625
83.9375,23.625
83.9375,23.6875
83.9375,23.75
83.9375,23.8125
83.9375,23.875
83.9375,23.9375
83.9375,24.0
83.9375,24.0625
83.9375,24.125
83.9375,24.1875
83.9375,24.25
83.9375,24.3125
83.9375,24.375
83.9375,24.4375
83.9375,24.5
83.9375,24.5625
83.9375,24.625
83.9375,24.6875
83.9375,24.75
83.9375,24.8125
83.9375,24.875
83.9375,24.9375
83.9375,25.0
83.9375,25.0625
83.9375,25.125
83.9375,25.1875
83.9375,25.25
83.9375,25.3125
83.9375,25.375
83.9375,25.4375
83.9375,25.5
83.9375,25.5625
83.9375,25.625
83.9375,25.6875
83.9375,25.75
83.9375,25.8125
83.9375,25.875
83.9375,25.9375
83.9375,26.0
83.9375,26.0625
83.9375,26.125
83.9375,26.1875
83.9375,26.25
83.9375,26.3125
83.9375,26.375
83.9375,26.4375
83.9375,26.5
83.9375,26.5625
83.9375,26.625
83.9375,26.6875
83.9375,26.75
83.9375,26.8125
83.9375,26.875
83.9375,26.9375
83.9375,27.0
83.9375,27.0625
83.9375,27.125
83.9375,27.1875
83.9375,27.25
83.9375,27.3125
83.9375,27.375
83.875,27.375
83.8125,27.4375
83.75,27.5
83.6875,27.5625
83.625,27.625
83.5625,27.6875
83.5,27.75
83.4375,27.8125
83.375,27.875
83.3125,27.9375
83.25,28.0
83.1875,28.0625
83.125,28.125
83.0625,28.1875
83.0,28.25
82.9375,28.3125
82.875,28.375
82.8125,28.4375
82.75,28.5
82.6875,28.5625
82.625,28.625
82.5625,28.6875
82.5,28.75
82.4375,28.8125
82.375,28.875
82.3125,28.9375
82.25,29.0
82.1875,29.0625
82.125,29.125
82.0625,29.1875
82.0,29.25
81.9375,29.3125
81.875,29.375
81.8125,29.4375
81.75,29.5
81.6875,29.5625
81.625,29.625
81.5625,29.6875
81.5,29.75
81.4375,29.8125
81.375,29.875
81.3125,29.9375
81.25,30.0
81.1875,30.0625
81.125,30.125
81.0625,30.1875
81.0,30.25
80.9375,30.3125
80.875,30.375
80.8125,30.4375
80.75,30.5
80.6875,30.5625
80.625,30.625
80.5625,30.6875
80.5,30.75
80.4375,30.8125
80.375,30.875
80.3125,30.9375
80.25,31.0
80.1875,31.0625
80.125,31.125
80.0625,31.1875
80.0,31.25
79.9375,31.3125
79.875,31.375
79.8125,31.4375
79.75,31.5
79.6875,31.5625
79.625,31.625
79.5625,31.6875
79.5,31.75
79.4375,31.8125
79.375,31.875
79.3125,31.9375
79.25,32.0
79.1875,32.0625
79.125,32.125
79.0625,32.1875
79.0,32.25
78.9375,32.3125
78.875,32.375
78.8125,32.4375
78.75,32.5
78.6875,32.5625
78.625,32.625
78.5625,32.6875
78.5,32.75
78.4375,32.8125
78.375,32.875
78.3125,32.9375
78.25,33.0
78.1875,33.0625
78.125,33.125
78.0625,33.1875
78.0,33.25
77.9375,33.3125
77.875,33.375
77.8125,33.4375
77.75,33.5
77.6875,33.5625
77.625,33.625
77.5625,33.6875
77.5,33.75
77.4375,33.8125
77.375,33.875
77.3125,33.9375
77.25,34.0
77.1875,34.0625
77.125,34.125
77.0625,34.1875
77.0,34.25
76.9375,34.3125
76.875,34.375
76.8125,34.4375
76.75,34.5
76.6875,34.5625
76.625,34.625
76.5625,34.6875
76.5,34.75
76.4375,34.8125
76.375,34.875
76.3125,34.9375
76.25,35.0
76.1875,35.0625
76.125,35.125
76.0625,35.1875
76.0,35.25
75.9375,35.3125
75.875,35.375
75.8125,35.4375
75.75,35.5
75.6875,35.5625
75.625,35.625
75.5625,35.6875
75.5,35.75
75.4375,35.8125
75.375,35.875
75.3125,35.9375
75.25,36.0
75.1875,36.0625
75.125,36.125
75.0625,36.1875
75.0,36.25
74.9375,36.3125
74.875,36.375
74.8125,36.4375
74.75,36.5
74.6875,36.5625
74.625,36.625
74.5625,36.6875
74.5,36.75
74.4375,36.8125
74.375,36.875
74.3125,36.9375
74.25,37.0
74.1875,37.0
74.125,37.0625
74.0625,37.125
74.0,37.125
73.9375,37.125
73.875,37.125
73.8125,37.125
73.75,37.125
76.125,39.5
76.0625,39.5625
76.0,39.625
75.9375,39.6875
75.875,39.75
75.8125,39.8125
75.75,39.875
75.6875,39.9375
75.625,40.0
75.5625,40.0625
75.5,40.125
75.4375,40.1875
75.375,40.25
75.3125,40.3125
75.25,40.375
75.1875,40.4375
75.125,40.5
75.0625,40.5625
75.0,40.625
74.9375,40.6875
74.875,40.75
74.8125,40.8125
74.75,40.875
74.6875,40.9375
74.625,41.0
74.5625,41.0625
74.5,41.125
74.4375,41.1875
74.375,41.25
74.3125,41.3125
74.25,41.375
74.1875,41.4375
74.125,41.5
74.0625,41.5625
74.0,41.625
73.9375,41.6875
73.875,41.75
73.8125,41.8125
73.75,41.875
73.6875,41.9375
73.625,42.0
73.5625,42.0625
73.5,42.125
73.4375,42.1875
73.375,42.25
73.3125,42.3125
73.25,42.375
73.1875,42.4375
73.125,42.5
73.0625,42.5625
73.0,42.625
72.9375,42.6875
72.875,42.75
72.8125,42.8125
72.75,42.875
72.6875,42.9375
72.625,43.0
72.5625,43.0625
72.5,43.125
72.4375,43.125
72.375,43.125
72.3125,43.1875
72.25,43.25
72.1875,43.25
72.125,43.3125
72.0625,43.375
72.0,43.375
71.9375,43.375
71.875,43.4375
71.8125,43.5
71.75,43.5625
72.3125,43.875
72.3125,43.9375
72.3125,44.0
72.25,44.0625
72.25,44.125
72.25,44.1875
72.25,44.25
72.25,44.3125
72.25,44.375
72.25,44.4375
72.25,44.5
72.25,44.5625
72.1875,44.5625
72.125,44.5625
72.0625,44.5
72.0,44.5
71.9375,44.5
71.875,44.5
71.8125,44.5
71.75,44.4375
71.6875,44.4375
71.625,44.4375
71.5625,44.375
71.5,44.375
71.4375,44.375
71.375,44.3125
71.3125,44.3125
71.25,44.3125
71.1875,44.25
71.125,44.1875
71.0625,44.125
71.0625,44.0625
71.0625,44.0
71.0,43.9375
71.0,43.875
71.0,43.8125
71.0,43.75
71.0,43.6875
70.9375,43.625
70.9375,43.5625
70.9375,43.5
70.9375,43.4375
70.9375,43.375
71.0,43.3125
71.0,43.25
71.0,43.1875
71.0,43.125
71.0,43.0625
71.0,43.0
71.0,42.9375
71.0,42.875
71.0,42.8125
71.0,42.75
71.0,42.6875
71.0625,42.625
71.0625,42.5625
71.0625,42.5
71.0625,42.4375
71.0625,42.375
71.0625,42.3125
71.0625,42.25
71.0625,42.1875
71.0625,42.125
71.0625,42.0625
71.0625,42.0
71.0625,41.9375
71.0625,41.875
71.0,41.8125
70.9375,41.75
70.875,41.75
70.8125,41.6875
70.75,41.6875
70.6875,41.75
70.625,41.75
70.5625,41.75
70.5,41.75
70.4375,41.75
70.375,41.8125
70.3125,41.8125
70.25,41.8125
70.1875,41.8125
70.125,41.8125
70.0625,41.875
70.0,41.875
69.9375,41.875
69.875,41.9375
69.625,41.5625
69.625,41.5
69.5,41.3125
69.4375,41.25
69.375,41.1875
69.4375,41.125
69.5,41.125
69.5625,41.1875
69.625,41.0625
69.5625,41.0
69.5,41.0
69.4375,41.0
69.4375,41.0625
69.4375,40.9375
69.375,40.9375
69.3125,40.9375
69.25,40.875
69.5,40.875
69.5,40.9375
69.5625,40.875
69.625,40.875
69.6875,40.9375
69.75,40.8125
69.6875,40.75
69.625,40.75
69.5625,40.8125
70.4375,42.375
70.375,42.4375
70.375,42.5
70.3125,42.5625
70.3125,42.625
70.25,42.6875
70.1875,42.75
70.1875,42.8125
70.125,42.875
70.125,42.9375
70.0625,43.0
70.0,43.0625
69.9375,43.125
69.9375,43.1875
69.875,43.25
69.8125,43.3125
69.8125,43.375
69.75,43.4375
69.6875,43.5
69.625,43.5625
69.5625,43.625
69.5,43.6875
69.4375,43.75
69.375,43.8125
69.3125,43.875
69.25,43.9375
69.1875,44.1875
69.25,44.25
69.3125,44.3125
69.375,44.375
69.4375,44.4375
69.5,44.5
69.5625,44.5625
69.625,44.5625
69.6875,44.625
69.75,44.6875
69.8125,44.6875
69.875,44.75
69.9375,44.8125
70.0,44.8125
70.0625,44.875
70.125,44.9375
70.1875,45.0
70.1875,45.0625
70.1875,45.125
70.25,45.1875
70.25,45.25
70.3125,45.3125
70.3125,45.375
70.375,45.4375
71.75,45.5625
71.8125,45.5
71.875,45.4375
71.9375,45.375
71.9375,45.3125
71.9375,45.25
71.9375,45.1875
72.0,45.125
72.0,45.0625
72.0,45.0
72.0625,44.9375
72.125,44.875
72.1875,44.8125
72.25,44.75
72.3125,44.6875
72.3125,44.625
72.375,44.625
72.4375,44.625
72.4375,44.5625
72.4375,44.5
72.4375,44.4375
72.4375,44.375
72.4375,44.3125
72.4375,44.25
72.4375,44.1875
72.4375,44.125
72.5,44.0625
72.5,44.0
72.5,43.9375
72.5,43.875
72.5,43.8125
72.5,43.75
72.4375,43.75
72.375,43.8125
72.5625,43.6875
72.625,43.625
72.6875,43.5625
72.75,43.5625
72.75,43.625
72.75,43.6875
72.75,43.75
72.75,43.8125
72.75,43.875
72.75,43.9375
72.75,44.0
72.75,44.0625
72.75,44.125
72.6875,44.1875
72.6875,44.25
72.6875,44.3125
72.6875,44.375
72.6875,44.4375
72.6875,44.5
72.75,44.5
72.8125,44.4375
72.875,44.375
72.875,44.3125
72.875,44.25
72.9375,44.1875
72.9375,44.125
72.9375,44.0625
72.9375,44.0
72.9375,43.9375
72.9375,43.875
72.9375,43.8125
72.9375,43.75
72.9375,43.6875
72.9375,43.625
72.9375,43.5625
72.9375,43.5
72.9375,43.4375
72.875,43.4375
72.8125,43.5
73.0,43.375
73.0625,43.3125
73.125,43.25
73.1875,43.1875
73.25,43.125
73.3125,43.0625
73.375,43.0
73.4375,42.9375
73.5,42.875
73.5625,42.8125
73.625,42.75
73.6875,42.6875
73.75,42.625
73.8125,42.5625
73.875,42.5
73.9375,42.4375
74.0,42.375
74.0625,42.3125
74.125,42.25
74.1875,42.1875
74.25,42.125
74.3125,42.0625
74.375,42.0
74.4375,41.9375
74.5,41.875
74.5625,41.8125
74.625,41.75
74.6875,41.6875
74.75,41.625
74.8125,41.5625
74.875,41.5
74.9375,41.4375
75.0,41.375
75.0625,41.3125
75.125,41.25
75.1875,41.1875
75.25,41.125
75.3125,41.0625
75.375,41.0
75.4375,40.9375
75.5,40.875
75.5625,40.8125
75.625,40.75
75.6875,40.6875
75.75,40.625
75.8125,40.5625
75.875,40.5
75.9375,40.4375
76.0,40.375
76.0625,40.3125
76.125,40.25
76.1875,40.1875
76.25,40.125
76.3125,40.0625
76.375,40.0
76.4375,39.9375
76.5,39.875
76.5625,39.8125
76.625,39.75
76.6875,39.6875
76.75,39.625
76.8125,39.5625
76.875,39.5
76.9375,39.4375
77.0,39.375
77.0625,39.3125
77.125,39.25
77.1875,39.1875
77.25,39.125
77.3125,39.0625
77.375,39.0
77.4375,38.9375
77.5,38.875
77.5625,38.8125
77.625,38.75
77.6875,38.6875
77.75,38.625
77.8125,38.5625
77.875,38.5
77.9375,38.4375
78.0,38.375
78.0625,38.3125
78.125,38.25
78.1875,38.1875
78.25,38.125
78.3125,38.0625
78.375,38.0
78.4375,37.9375
78.5,37.875
78.5625,37.8125
78.625,37.75
78.6875,37.6875
78.75,37.625
78.8125,37.5625
78.875,37.5
78.9375,37.4375
79.0,37.375
79.0625,37.3125
79.125,37.25
79.1875,37.1875
79.25,37.125
79.3125,37.0625
79.375,37.0
79.4375,36.9375
79.5,36.875
79.5625,36.8125
79.625,36.75
79.6875,36.6875
79.75,36.625
79.8125,36.5625
79.875,36.5
79.9375,36.4375
80.0,36.375
80.0625,36.3125
80.125,36.25
80.1875,36.1875
80.25,36.125
80.3125,36.0625
80.375,36.0
80.4375,35.9375
80.5,35.875
80.5625,35.8125
80.625,35.75
80.6875,35.6875
80.75,35.625
80.8125,35.5625
80.875,35.5
80.9375,35.4375
81.0,35.375
81.0625,35.3125
81.125,35.25
81.1875,35.1875
81.25,35.125
81.3125,35.0625
81.375,35.0
81.4375,34.9375
81.5,34.875
81.5625,34.8125
81.625,34.75
81.6875,34.6875
81.75,34.625
81.8125,34.5625
81.875,34.5
81.9375,34.4375
82.0,34.375
82.0625,34.3125
82.125,34.25
82.1875,34.1875
82.25,34.125
82.3125,34.0625
82.375,34.0
82.4375,33.9375
82.5,33.875
82.5625,33.8125
82.625,33.75
82.6875,33.6875
82.75,33.625
82.8125,33.5625
82.875,33.5
82.9375,33.4375
83.0,33.375
83.0625,33.3125
83.125,33.25
83.1875,33.1875
83.25,33.125
83.3125,33.0625
83.375,33.0
83.4375,32.9375
83.5,32.875
83.5625,32.8125
83.625,32.75
83.6875,32.6875
83.75,32.625
83.8125,32.5625
83.875,32.5
83.9375,32.4375
84.0,32.375
84.0625,32.3125
84.125,32.25
84.1875,32.1875
84.25,32.125
84.3125,32.0625
84.375,32.0
84.4375,31.9375
84.5,31.875
84.5625,31.8125
84.625,31.75
84.6875,31.6875
84.75,31.625
84.8125,31.5625
84.8125,31.5
84.8125,31.4375
84.8125,31.375
84.8125,31.3125
84.8125,31.25
84.75,31.1875
84.75,31.125
84.6875,31.0625
84.625,31.0
84.625,30.9375
84.625,30.875
84.625,30.8125
84.625,30.75
84.625,30.6875
84.625,30.625
84.625,30.5625
84.625,30.5
84.625,30.4375
84.625,30.375
84.625,30.3125
84.625,30.25
84.625,30.1875
84.625,30.125
84.625,30.0625
84.625,30.0
84.625,29.9375
84.625,29.875
84.625,29.8125
84.625,29.75
84.625,29.6875
84.625,29.625
84.625,29.5625
84.625,29.5
84.625,29.4375
84.625,29.375
84.625,29.3125
84.625,29.25
84.625,29.1875
84.625,29.125
84.625,29.0625
84.625,29.0
84.625,28.9375
84.625,28.875
84.625,28.8125
84.625,28.75
84.625,28.6875
84.625,28.625
84.5625,28.5625
84.5625,28.5
84.5625,28.4375
84.5625,28.375
84.5625,28.3125
84.5,28.25
84.5,28.1875
84.5,28.125
84.5,28.0625
84.4375,28.0
84.4375,27.9375
84.375,27.875
84.3125,27.8125
84.25,27.75
84.25,27.6875
84.1875,27.625
84.125,27.5625
84.0625,27.5
84.0,27.4375
84.5625,31.0625
84.5,31.125
84.4375,31.1875
84.375,31.25
84.3125,31.3125
84.25,31.375
84.1875,31.4375
84.125,31.5
84.0625,31.5625
84.0,31.625
83.9375,31.6875
83.875,31.75
83.8125,31.8125
83.75,31.875
83.6875,31.9375
83.625,32.0
83.5625,32.0625
83.5,32.125
83.4375,32.1875
83.375,32.25
83.3125,32.3125
83.25,32.375
83.1875,32.4375
83.125,32.5
83.0625,32.5625
83.0,32.625
82.9375,32.6875
82.875,32.75
82.8125,32.8125
82.75,32.875
82.6875,32.9375
82.625,33.0
82.5625,33.0625
82.5,33.125
82.4375,33.1875
82.375,33.25
82.3125,33.3125
82.25,33.375
82.1875,33.4375
82.125,33.5
82.0625,33.5625
82.0,33.625
81.9375,33.6875
81.875,33.75
81.8125,33.8125
81.75,33.875
81.6875,33.9375
81.625,34.0
81.5625,34.0625
81.5,34.125
81.4375,34.1875
81.375,34.25
81.3125,34.3125
81.25,34.375
81.1875,34.4375
81.125,34.5
81.0625,34.5625
81.0,34.625
80.9375,34.6875
80.875,34.75
80.8125,34.8125
80.75,34.875
80.6875,34.9375
80.625,35.0
80.5625,35.0625
80.5,35.125
80.4375,35.1875
80.375,35.25
80.3125,35.3125
80.25,35.375
80.1875,35.4375
80.125,35.5
80.0625,35.5625
80.0,35.625
79.9375,35.6875
79.875,35.75
79.8125,35.8125
79.75,35.875
79.6875,35.9375
79.625,36.0
79.5625,36.0625
79.5,36.125
79.4375,36.1875
79.375,36.25
79.3125,36.3125
79.25,36.375
79.1875,36.4375
79.125,36.5
79.0625,36.5625
79.0,36.625
78.9375,36.6875
78.875,36.75
78.8125,36.8125
78.75,36.875
78.6875,36.9375
78.625,37.0
78.5625,37.0625
78.5,37.125
78.4375,37.1875
78.375,37.25
78.3125,37.3125
78.25,37.375
78.1875,37.4375
78.125,37.5
78.0625,37.5625
78.0,37.625
77.9375,37.6875
77.875,37.75
77.8125,37.8125
77.75,37.875
77.6875,37.9375
77.625,38.0
77.5625,38.0625
77.5,38.125
77.4375,38.1875
77.375,38.25
77.3125,38.3125
77.25,38.375
77.1875,38.4375
77.125,38.5
77.0625,38.5625
77.0,38.625
76.9375,38.6875
76.875,38.75
76.8125,38.8125
76.75,38.875
76.6875,38.9375
76.625,39.0
76.5625,39.0625
76.5,39.125
76.4375,39.1875
76.375,39.25
76.3125,39.3125
76.25,39.375
76.1875,39.4375
78.0,41.3125
77.9375,41.375
77.875,41.4375
77.8125,41.5
77.75,41.5625
77.6875,41.625
77.625,41.6875
77.5625,41.75
77.5,41.8125
77.4375,41.875
77.375,41.9375
77.3125,42.0
77.25,42.0625
77.1875,42.125
77.125,42.1875
77.0625,42.25
77.0,42.3125
76.9375,42.375
76.875,42.4375
76.8125,42.5
76.75,42.5625
76.6875,42.625
76.625,42.6875
76.5625,42.75
76.5,42.8125
76.4375,42.875
76.375,42.9375
76.3125,43.0
76.25,43.0625
76.1875,43.125
76.125,43.1875
76.0625,43.25
76.0,43.3125
75.9375,43.375
75.875,43.4375
75.8125,43.5
75.75,43.5625
75.6875,43.625
75.625,43.6875
75.5625,43.75
75.5,43.8125
75.4375,43.875
75.375,43.9375
75.3125,44.0
75.25,44.0625
75.1875,44.125
75.125,44.1875
75.0625,44.25
75.0,44.3125
74.9375,44.375
74.875,44.4375
74.875,44.5
74.8125,44.5625
74.75,44.625
74.75,44.6875
74.75,44.75
74.75,44.8125
74.75,44.875
74.8125,44.9375
74.8125,45.0
74.8125,45.0625
74.8125,45.125
74.8125,45.1875
74.8125,45.25
74.8125,45.3125
74.8125,45.375
74.8125,45.4375
74.8125,45.5
74.8125,45.5625
74.8125,45.625
74.8125,45.6875
74.8125,45.75
74.8125,45.8125
74.875,45.875
74.875,45.9375
74.875,46.0
74.875,46.0625
74.875,46.125
74.875,46.1875
74.875,46.25
74.875,46.3125
74.875,46.375
74.875,46.4375
74.875,46.5
74.9375,46.5625
74.9375,46.625
75.0,46.6875
75.0625,46.75
75.125,46.8125
75.1875,46.875
75.25,46.9375
75.3125,47.0
75.375,47.0625
75.4375,47.125
75.5,47.1875
75.5625,47.25
75.625,47.3125
75.6875,47.375
75.75,47.4375
75.8125,47.5
75.875,47.5625
75.9375,47.625
76.0,47.6875
76.0625,47.75
76.125,47.8125
76.1875,47.875
76.25,47.9375
76.3125,48.0
76.375,48.0625
76.4375,48.125
76.5,48.1875
76.5625,48.25
76.625,48.3125
76.6875,48.375
76.75,48.4375
76.8125,48.5
76.875,48.5625
76.9375,48.625
77.0,48.6875
77.0625,48.75
77.125,48.8125
77.1875,48.875
77.25,48.9375
77.3125,49.0
77.375,49.0625
77.4375,49.125
77.5,49.1875
77.5625,49.25
77.625,49.3125
77.6875,49.375
77.75,49.4375
77.8125,49.5
77.875,49.5625
77.9375,49.625
78.0,49.6875
78.0625,49.75
78.125,49.8125
78.1875,49.875
78.25,49.9375
78.3125,50.0
78.375,50.0625
78.4375,50.125
78.5,50.1875
78.5625,50.25
78.625,50.3125
78.6875,50.375
78.75,50.4375
78.8125,50.5
78.875,50.5625
78.9375,50.625
79.0,50.6875
79.0625,50.75
79.125,50.8125
79.1875,50.875
79.25,50.9375
79.3125,51.0
79.375,51.0625
79.4375,51.125
79.5,51.1875
79.5625,51.25
79.625,51.3125
79.6875,51.375
79.75,51.4375
79.8125,51.5
79.875,51.5625
79.9375,51.625
80.0,51.6875
80.0625,51.75
80.125,51.8125
80.1875,51.875
80.25,51.9375
80.3125,52.0
80.375,52.0625
80.4375,52.125
80.5,52.1875
80.5625,52.25
80.625,52.3125
80.6875,52.375
80.75,52.4375
80.8125,52.5
80.875,52.5625
80.9375,52.625
81.0,52.6875
81.0625,52.75
81.125,52.8125
81.1875,52.875
81.25,52.9375
81.3125,53.0
81.375,53.0625
81.4375,53.125
81.5,53.1875
81.5625,53.25
81.625,53.3125
81.6875,53.375
81.75,53.4375
81.8125,53.5
81.875,53.5625
81.9375,53.625
82.0,53.6875
82.0625,53.75
82.125,53.8125
82.1875,53.875
82.25,53.9375
82.3125,54.0
82.375,54.0625
82.4375,54.125
82.5,54.1875
82.5625,54.25
82.625,54.3125
82.6875,54.375
82.75,54.4375
82.8125,54.5
82.875,54.5625
82.9375,54.625
83.0,54.6875
83.0625,54.75
83.125,54.8125
83.1875,54.875
83.25,54.9375
83.3125,55.0
83.375,55.0625
83.4375,55.125
83.5,55.1875
83.5625,55.25
83.625,55.3125
83.6875,55.375
83.75,55.4375
83.8125,55.5
83.875,55.5625
83.9375,55.625
84.0,55.6875
84.0625,55.75
84.125,55.8125
84.1875,55.875
84.25,55.9375
84.3125,56.0
84.375,56.0625
84.4375,56.125
84.5,56.1875
84.5625,56.25
84.625,56.3125
84.6875,56.375
84.75,56.4375
84.8125,56.5
84.875,56.5625
84.9375,56.625
85.0,56.6875
85.0625,56.75
85.125,56.8125
85.1875,56.875
85.25,56.9375
85.3125,57.0
85.375,57.0625
85.4375,57.125
85.5,57.1875
85.5625,57.25
85.625,57.3125
85.6875,57.375
85.75,57.4375
85.8125,57.5
85.875,57.5
85.875,57.5625
85.875,57.625
85.875,57.6875
85.875,57.75
85.875,57.8125
85.875,57.875
85.875,57.9375
85.875,58.0
85.875,58.0625
85.875,58.125
85.875,58.1875
85.875,58.25
85.875,58.3125
85.875,58.375
85.875,58.4375
85.875,58.5
85.875,58.5625
85.875,58.625
85.875,58.6875
85.875,58.75
85.875,58.8125
85.875,58.875
85.875,58.9375
85.875,59.0
85.875,59.0625
85.875,59.125
85.875,59.1875
85.8125,59.25
85.8125,59.3125
85.8125,59.375
85.8125,59.4375
85.75,59.5
85.75,59.5625
85.6875,59.625
85.6875,59.6875
85.625,59.75
85.625,59.8125
85.5625,59.875
85.5625,59.9375
85.5625,60.0
85.5,60.0625
85.5,60.125
85.4375,60.1875
85.375,60.25
85.3125,60.3125
85.25,60.375
85.1875,60.4375
85.125,60.5
85.0625,60.5625
85.0,60.625
84.9375,60.6875
84.875,60.75
84.8125,60.8125
84.75,60.875
84.6875,60.9375
84.625,61.0
84.5625,61.0625
84.5,61.125
84.4375,61.1875
84.375,61.25
84.3125,61.3125
84.25,61.375
84.1875,61.4375
84.125,61.5
84.0625,61.5625
84.0,61.625
83.9375,61.6875
83.875,61.75
83.8125,61.8125
83.75,61.875
83.6875,61.9375
83.625,61.9375
83.5625,61.9375
83.5,61.9375
83.4375,61.9375
83.375,61.9375
83.3125,61.9375
83.25,61.9375
83.1875,61.9375
83.125,61.9375
83.0625,61.9375
83.0,61.9375
82.9375,61.9375
82.875,61.9375
82.8125,61.9375
82.75,61.9375
82.6875,61.9375
82.625,61.9375
82.5625,61.9375
82.5,61.9375
82.4375,61.9375
82.375,61.9375
82.3125,61.9375
82.25,61.9375
82.1875,61.9375
82.125,61.9375
82.0625,61.9375
82.0,61.9375
81.9375,61.9375
81.875,61.9375
81.8125,61.9375
81.75,61.9375
81.6875,61.9375
81.625,61.9375
81.5625,61.9375
81.5,61.9375
81.4375,61.9375
81.375,61.9375
81.3125,61.9375
81.25,61.9375
81.1875,61.9375
81.125,61.9375
81.0625,61.9375
81.0,61.9375
80.9375,61.9375
80.875,61.9375
80.8125,61.9375
80.75,61.9375
80.6875,61.9375
80.625,61.9375
80.5625,61.9375
80.5,61.9375
80.4375,61.9375
80.375,61.9375
80.3125,61.9375
80.25,61.9375
80.1875,61.9375
80.125,61.9375
80.0625,61.9375
80.0,61.9375
79.9375,61.9375
79.875,61.9375
79.8125,61.9375
79.75,61.9375
79.6875,61.9375
79.625,61.9375
79.5625,61.9375
79.5,61.9375
79.4375,61.9375
79.375,61.9375
79.3125,61.9375
79.25,61.9375
79.1875,61.9375
79.125,61.9375
79.0625,61.9375
79.0,61.9375
78.9375,61.9375
78.875,61.9375
78.8125,61.9375
78.75,61.9375
78.6875,61.9375
78.625,61.9375
78.5625,61.9375
78.5,61.9375
78.4375,61.9375
78.375,61.9375
78.3125,61.9375
78.25,61.9375
78.1875,61.9375
78.125,61.9375
78.0625,61.9375
78.0,61.9375
77.9375,61.9375
77.875,61.9375
77.8125,61.9375
77.75,61.9375
77.6875,61.9375
77.625,61.9375
77.5625,61.9375
77.5,61.9375
77.4375,61.9375
77.375,61.9375
77.3125,61.9375
77.25,61.9375
77.1875,61.9375
77.125,61.9375
77.0625,61.9375
77.0,61.9375
76.9375,61.9375
76.875,61.9375
76.8125,61.9375
76.75,61.9375
76.6875,61.9375
76.625,61.9375
76.5625,61.9375
76.5,61.9375
76.4375,61.9375
76.375,61.9375
76.3125,61.9375
76.25,61.9375
76.1875,61.9375
76.125,61.9375
76.0625,61.9375
76.0,61.9375
75.9375,61.9375
75.875,61.9375
75.8125,61.9375
75.75,61.9375
75.6875,61.9375
75.625,61.9375
75.5625,61.9375
75.5,61.9375
75.4375,61.9375
75.375,61.9375
75.3125,61.9375
75.25,61.9375
75.1875,61.9375
75.125,61.9375
75.0625,61.9375
75.0,61.9375
74.9375,61.9375
74.875,61.9375
74.8125,61.9375
74.75,61.9375
74.6875,61.9375
74.625,61.9375
74.5625,61.9375
74.5,61.9375
74.4375,61.9375
74.375,61.9375
74.3125,61.9375
74.25,61.9375
74.1875,61.9375
74.125,61.9375
74.0625,61.9375
74.0,61.9375
73.9375,61.9375
73.875,61.9375
73.8125,61.9375
73.75,61.9375
73.6875,61.9375
73.625,61.9375
73.5625,61.9375
73.5,61.9375
73.4375,61.9375
73.375,61.9375
73.3125,61.9375
73.25,61.9375
73.1875,61.9375
73.125,61.9375
73.0625,61.9375
73.0,61.9375
72.9375,61.9375
72.875,61.9375
72.8125,61.9375
72.75,61.9375
72.6875,61.9375
72.625,61.9375
72.5625,61.9375
72.5,61.9375
72.4375,61.9375
72.375,61.9375
72.3125,61.9375
72.25,61.9375
72.1875,61.9375
72.125,61.9375
72.0625,61.9375
72.0,61.9375
71.9375,61.9375
71.875,61.9375
71.8125,61.9375
71.75,61.9375
71.6875,61.9375
71.625,61.9375
71.5625,61.9375
71.5,61.9375
71.4375,61.9375
71.375,61.9375
71.3125,61.9375
71.25,61.9375
71.1875,61.9375
71.125,61.9375
71.0625,61.9375
71.0,61.9375
70.9375,61.9375
70.875,61.9375
70.8125,61.9375
70.75,61.9375
70.6875,61.9375
70.625,61.9375
70.5625,61.9375
70.5,61.9375
70.4375,61.9375
70.375,61.9375
70.3125,61.9375
70.25,61.9375
70.1875,61.9375
70.125,61.9375
70.0625,61.9375
70.0,61.9375
69.9375,61.9375
69.875,61.9375
69.8125,61.9375
69.75,61.9375
69.6875,61.9375
69.625,61.9375
69.5625,61.9375
69.5,61.9375
69.4375,61.9375
69.375,61.9375
69.3125,61.9375
69.25,61.9375
69.1875,61.9375
69.125,61.9375
69.0625,61.9375
69.0,61.9375
68.9375,61.9375
68.875,61.9375
68.8125,61.9375
68.75,61.9375
68.6875,61.9375
68.625,61.9375
68.5625,61.9375
68.5,61.9375
68.4375,61.9375
68.375,61.9375
68.3125,61.9375
68.25,61.9375
68.1875,61.9375
68.125,61.9375
68.0625,61.9375
68.0,61.9375
67.9375,61.9375
67.875,61.9375
67.8125,61.9375
67.75,61.9375
67.6875,61.9375
67.625,61.9375
67.5625,61.9375
67.5,61.9375
67.4375,61.9375
67.375,61.9375
67.3125,61.9375
67.25,61.9375
67.1875,61.9375
67.125,61.9375
67.0625,61.9375
67.0,61.9375
66.9375,61.9375
66.875,61.9375
66.8125,61.9375
66.75,61.9375
66.6875,61.9375
66.625,61.9375
66.5625,61.9375
66.5,61.9375
66.4375,61.9375
66.375,61.9375
66.3125,61.9375
66.25,61.9375
66.1875,61.9375
66.125,61.9375
66.0625,61.9375
66.0,61.9375
65.9375,61.9375
65.875,61.9375
65.8125,61.9375
65.75,61.9375
65.6875,61.9375
65.625,61.9375
65.5625,61.9375
65.5,61.9375
65.4375,61.9375
65.375,61.9375
65.3125,61.9375
65.25,61.9375
65.1875,61.9375
65.125,61.9375
65.0625,61.9375
65.0,61.9375
64.9375,61.9375
64.875,61.9375
64.8125,61.9375
64.75,61.9375
64.6875,61.9375
64.625,61.9375
64.5625,61.9375
64.5,61.9375
64.4375,61.9375
64.375,61.9375
64.3125,61.9375
64.25,61.9375
64.1875,61.9375
64.125,61.9375
64.0625,61.9375
64.0,61.9375
63.9375,61.9375
63.875,61.9375
63.8125,61.9375
63.75,61.9375
63.6875,61.9375
63.625,61.9375
63.5625,61.9375
63.5,61.9375
63.4375,61.9375
63.375,61.9375
63.3125,61.9375
63.25,61.9375
63.1875,61.9375
63.125,61.9375
63.0625,61.9375
63.0,61.9375
62.9375,61.9375
62.875,61.9375
62.8125,61.9375
62.75,61.9375
62.6875,61.9375
62.625,61.9375
62.5625,61.9375
62.5,61.9375
62.4375,61.9375
62.375,61.9375
62.3125,61.9375
62.25,61.9375
62.1875,61.9375
62.125,61.9375
62.0625,61.9375
62.0,61.9375
61.9375,61.9375
61.875,61.9375
61.8125,61.9375
61.75,61.9375
61.6875,61.9375
61.625,61.9375
61.5625,61.9375
61.5,61.9375
61.4375,61.9375
61.375,61.9375
61.3125,61.9375
61.25,61.9375
61.1875,61.9375
61.125,61.9375
61.0625,61.9375
61.0,61.9375
60.9375,61.9375
60.875,61.9375
60.8125,61.9375
60.75,61.9375
60.6875,61.9375
60.625,61.9375
60.5625,61.9375
60.5,61.9375
60.4375,61.9375
60.375,61.9375
60.3125,61.9375
60.25,61.9375
60.1875,61.9375
60.125,61.9375
60.0625,61.9375
60.0,61.9375
59.9375,61.9375
59.875,61.9375
59.8125,61.9375
59.75,61.9375
59.6875,61.9375
59.625,61.9375
59.5625,61.9375
72.4375,47.0
72.5,47.0
72.5625,47.0
72.625,47.0
72.6875,47.0625
72.75,47.0625
72.8125,47.0625
72.875,47.0625
72.9375,47.0625
73.0,47.0625
73.0625,47.125
73.125,47.125
73.1875,47.125
73.25,47.125
73.3125,47.125
73.3125,47.1875
73.375,47.25
73.375,47.3125
73.375,47.375
73.375,47.4375
73.375,47.5
73.375,47.5625
73.4375,47.625
73.4375,47.6875
73.5,47.75
73.5625,47.8125
73.625,47.875
73.6875,47.9375
73.6875,48.0
73.6875,48.0625
73.75,48.125
73.8125,48.1875
73.875,48.25
73.9375,48.3125
74.0,48.375
74.0625,48.4375
74.125,48.5
74.1875,48.5625
74.25,48.625
74.3125,48.6875
74.375,48.75
74.4375,48.8125
74.5,48.875
74.5625,48.9375
74.625,49.0
74.6875,49.0625
74.75,49.125
74.8125,49.1875
74.875,49.25
74.9375,49.3125
75.0,49.375
75.0625,49.4375
75.125,49.5
75.1875,49.5625
75.25,49.625
75.3125,49.6875
75.375,49.75
75.4375,49.8125
75.5,49.875
75.5625,49.9375
75.625,50.0
75.6875,50.0625
75.75,50.125
75.8125,50.1875
75.875,50.25
75.9375,50.3125
76.0,50.375
76.0625,50.4375
76.125,50.5
76.1875,50.5625
76.25,50.625
76.3125,50.6875
76.375,50.75
76.4375,50.8125
76.5,50.875
76.5625,50.9375
76.625,51.0
76.6875,51.0625
76.75,51.125
76.8125,51.1875
76.875,51.25
76.9375,51.3125
77.0,51.375
77.0625,51.4375
77.125,51.5
77.1875,51.5625
77.25,51.625
77.3125,51.6875
77.375,51.75
77.4375,51.8125
77.5,51.875
77.5625,51.9375
77.625,52.0
77.6875,52.0625
77.75,52.125
77.8125,52.1875
77.875,52.25
77.9375,52.3125
78.0,52.375
78.0625,52.4375
78.125,52.5
78.1875,52.5625
78.25,52.625
78.3125,52.6875
78.375,52.75
78.4375,52.8125
78.5,52.875
78.5625,52.9375
78.625,53.0
78.6875,53.0625
78.75,53.125
78.8125,53.1875
78.875,53.25
78.9375,53.3125
79.0,53.375
79.0625,53.4375
79.125,53.5
79.1875,53.5625
79.25,53.625
79.3125,53.6875
79.375,53.75
79.4375,53.8125
79.5,53.875
79.5625,53.9375
79.625,54.0
79.6875,54.0625
79.75,54.125
79.8125,54.1875
79.875,54.25
79.9375,54.3125
80.0,54.375
80.0625,54.4375
80.125,54.5
80.1875,54.5625
80.25,54.625
80.3125,54.6875
80.375,54.75
80.4375,54.8125
80.5,54.875
80.5625,54.9375
80.625,55.0
80.6875,55.0625
80.75,55.125
80.8125,55.1875
80.875,55.25
80.9375,55.3125
81.0,55.375
81.0625,55.4375
81.125,55.5
81.1875,55.5625
81.25,55.625
81.3125,55.6875
81.375,55.75
81.4375,55.8125
81.5,55.875
81.5625,55.9375
81.625,56.0
81.6875,56.0625
81.75,56.125
81.8125,56.1875
81.875,56.25
81.9375,56.3125
82.0,56.375
82.0625,56.4375
82.125,56.5
82.1875,56.5625
82.25,56.625
82.3125,56.6875
82.375,56.75
82.4375,56.8125
82.5,56.875
82.5625,56.9375
82.625,57.0
82.6875,57.0625
82.75,57.125
82.8125,57.1875
82.875,57.25
82.9375,57.3125
83.0,57.375
83.0625,57.4375
83.125,57.5
83.1875,57.5625
83.25,57.625
83.3125,57.6875
83.375,57.75
83.4375,57.8125
83.5,57.875
83.5625,57.9375
83.625,58.0
83.6875,58.0625
83.75,58.125
83.8125,58.1875
83.875,58.25
83.9375,58.3125
84.0,58.375
84.0625,58.4375
84.125,58.5
84.1875,58.5625
84.25,58.625
84.3125,58.6875
84.375,58.75
84.4375,58.8125
84.5,58.875
84.5625,58.9375
84.625,59.0
84.6875,59.0625
84.75,59.125
84.8125,59.1875
84.875,59.25
84.9375,59.3125
85.0,59.375
85.0625,59.4375
85.125,59.5
85.1875,59.5625
85.25,59.625
85.3125,59.6875
85.375,59.75
85.4375,59.8125
85.5,59.875
85.9375,57.5
86.0,57.4375
86.0625,57.375
86.125,57.3125
86.1875,57.25
86.25,57.1875
86.3125,57.125
86.375,57.0625
86.4375,57.0
86.5,56.9375
86.5625,56.875
86.625,56.8125
86.6875,56.75
86.75,56.6875
86.75,56.625
86.75,56.5625
86.75,56.5
86.75,56.4375
86.8125,56.375
86.8125,56.3125
86.8125,56.25
86.8125,56.1875
86.8125,56.125
86.8125,56.0625
86.8125,56.0
86.8125,55.9375
86.8125,55.875
86.8125,55.8125
86.8125,55.75
86.8125,55.6875
86.8125,55.625
86.8125,55.5625
86.8125,55.5
86.8125,55.4375
86.8125,55.375
86.8125,55.3125
86.8125,55.25
86.8125,55.1875
86.8125,55.125
86.8125,55.0625
86.8125,55.0
86.8125,54.9375
86.8125,54.875
86.8125,54.8125
86.8125,54.75
86.8125,54.6875
86.8125,54.625
86.8125,54.5625
86.8125,54.5
86.8125,54.4375
86.8125,54.375
86.8125,54.3125
86.8125,54.25
86.8125,54.1875
86.8125,54.125
86.8125,54.0625
86.8125,54.0
86.8125,53.9375
86.8125,53.875
86.8125,53.8125
86.8125,53.75
86.8125,53.6875
86.8125,53.625
86.8125,53.5625
86.8125,53.5
86.8125,53.4375
86.8125,53.375
86.8125,53.3125
86.8125,53.25
86.8125,53.1875
86.8125,53.125
86.8125,53.0625
86.8125,53.0
86.8125,52.9375
86.8125,52.875
86.8125,52.8125
86.8125,52.75
86.8125,52.6875
86.8125,52.625
86.8125,52.5625
86.8125,52.5
86.8125,52.4375
86.8125,52.375
86.8125,52.3125
86.8125,52.25
86.8125,52.1875
86.8125,52.125
86.8125,52.0625
86.8125,52.0
86.8125,51.9375
86.8125,51.875
86.8125,51.8125
86.8125,51.75
86.8125,51.6875
86.8125,51.625
86.8125,51.5625
86.8125,51.5
86.8125,51.4375
86.8125,51.375
86.8125,51.3125
86.8125,51.25
86.8125,51.1875
86.8125,51.125
86.8125,51.0625
86.8125,51.0
86.8125,50.9375
86.8125,50.875
86.8125,50.8125
86.8125,50.75
86.8125,50.6875
86.8125,50.625
86.8125,50.5625
86.8125,50.5
86.8125,50.4375
86.8125,50.375
86.8125,50.3125
86.8125,50.25
86.8125,50.1875
86.8125,50.125
86.8125,50.0625
86.8125,50.0
86.8125,49.9375
86.8125,49.875
86.8125,49.8125
86.8125,49.75
86.8125,49.6875
86.8125,49.625
86.8125,49.5625
86.8125,49.5
86.8125,49.4375
86.8125,49.375
86.8125,49.3125
86.8125,49.25
86.8125,49.1875
86.8125,49.125
86.8125,49.0625
86.8125,49.0
86.8125,48.9375
86.8125,48.875
86.8125,48.8125
86.8125,48.75
86.8125,48.6875
86.8125,48.625
86.8125,48.5625
86.8125,48.5
86.8125,48.4375
86.8125,48.375
86.8125,48.3125
86.8125,48.25
86.8125,48.1875
86.8125,48.125
86.8125,48.0625
86.8125,48.0
86.8125,47.9375
86.8125,47.875
86.8125,47.8125
86.8125,47.75
86.8125,47.6875
86.8125,47.625
86.8125,47.5625
86.8125,47.5
86.8125,47.4375
86.8125,47.375
86.8125,47.3125
86.8125,47.25
86.8125,47.1875
86.8125,47.125
86.8125,47.0625
86.8125,47.0
86.8125,46.9375
86.8125,46.875
86.8125,46.8125
86.8125,46.75
86.8125,46.6875
86.8125,46.625
86.8125,46.5625
86.8125,46.5
86.8125,46.4375
86.8125,46.375
86.8125,46.3125
86.8125,46.25
86.8125,46.1875
86.8125,46.125
86.8125,46.0625
86.8125,46.0
86.8125,45.9375
86.8125,45.875
86.8125,45.8125
86.8125,45.75
86.8125,45.6875
86.8125,45.625
86.8125,45.5625
86.8125,45.5
86.8125,45.4375
86.8125,45.375
86.8125,45.3125
86.8125,45.25
86.8125,45.1875
86.8125,45.125
86.8125,45.0625
86.8125,45.0
86.8125,44.9375
86.8125,44.875
86.8125,44.8125
86.8125,44.75
86.8125,44.6875
86.8125,44.625
86.8125,44.5625
86.8125,44.5
86.8125,44.4375
86.8125,44.375
86.8125,44.3125
86.8125,44.25
86.8125,44.1875
86.8125,44.125
86.8125,44.0625
86.8125,44.0
86.8125,43.9375
86.8125,43.875
86.8125,43.8125
86.8125,43.75
86.8125,43.6875
86.8125,43.625
86.8125,43.5625
86.8125,43.5
86.8125,43.4375
86.8125,43.375
86.8125,43.3125
86.8125,43.25
86.8125,43.1875
86.8125,43.125
86.8125,43.0625
86.8125,43.0
86.8125,42.9375
86.8125,42.875
86.8125,42.8125
86.8125,42.75
86.8125,42.6875
86.8125,42.625
86.8125,42.5625
86.8125,42.5
86.8125,42.4375
86.8125,42.375
86.8125,42.3125
86.8125,42.25
86.8125,42.1875
86.8125,42.125
86.8125,42.0625
86.8125,42.0
86.8125,41.9375
86.8125,41.875
86.8125,41.8125
86.8125,41.75
86.8125,41.6875
86.8125,41.625
86.8125,41.5625
86.8125,41.5
86.8125,41.4375
86.8125,41.375
86.8125,41.3125
86.8125,41.25
86.8125,41.1875
86.8125,41.125
86.8125,41.0625
86.8125,41.0
86.8125,40.9375
86.8125,40.875
86.8125,40.8125
86.8125,40.75
86.8125,40.6875
86.8125,40.625
86.8125,40.5625
86.8125,40.5
86.8125,40.4375
86.8125,40.375
86.8125,40.3125
86.8125,40.25
86.8125,40.1875
86.8125,40.125
86.8125,40.0625
86.8125,40.0
86.8125,39.9375
86.8125,39.875
86.8125,39.8125
86.8125,39.75
86.8125,39.6875
86.8125,39.625
86.8125,39.5625
86.8125,39.5
86.8125,39.4375
86.8125,39.375
86.8125,39.3125
86.8125,39.25
86.8125,39.1875
86.8125,39.125
86.8125,39.0625
86.8125,39.0
86.8125,38.9375
86.8125,38.875
86.8125,38.8125
86.8125,38.75
86.8125,38.6875
86.8125,38.625
86.8125,38.5625
86.8125,38.5
86.8125,38.4375
86.8125,38.375
86.8125,38.3125
86.8125,38.25
86.8125,38.1875
86.8125,38.125
86.8125,38.0625
86.8125,38.0
86.8125,37.9375
86.8125,37.875
86.8125,37.8125
86.8125,37.75
86.8125,37.6875
86.8125,37.625
86.8125,37.5625
86.8125,37.5
86.8125,37.4375
86.8125,37.375
86.8125,37.3125
86.8125,37.25
86.8125,37.1875
86.8125,37.125
86.8125,37.0625
86.8125,37.0
86.8125,36.9375
86.8125,36.875
86.8125,36.8125
86.8125,36.75
86.8125,36.6875
86.8125,36.625
86.8125,36.5625
86.8125,36.5
86.8125,36.4375
86.8125,36.375
86.8125,36.3125
86.8125,36.25
86.8125,36.1875
86.8125,36.125
86.8125,36.0625
86.8125,36.0
86.8125,35.9375
86.8125,35.875
86.8125,35.8125
86.8125,35.75
86.8125,35.6875
86.8125,35.625
86.8125,35.5625
86.8125,35.5
86.8125,35.4375
86.8125,35.375
86.8125,35.3125
86.8125,35.25
86.8125,35.1875
86.8125,35.125
86.8125,35.0625
86.8125,35.0
86.8125,34.9375
86.8125,34.875
86.75,34.8125
86.75,34.75
86.75,34.6875
86.75,34.625
86.6875,34.5625
86.6875,34.5
86.625,34.4375
86.5625,34.375
86.5,34.3125
86.4375,34.25
86.375,34.1875
86.3125,34.125
86.25,34.0625
86.1875,34.0
86.125,33.9375
86.0625,33.875
86.0,33.8125
85.9375,33.75
85.875,33.6875
85.8125,33.625
85.75,33.5625
85.75,33.5
85.75,33.4375
85.75,33.375
85.75,33.3125
85.6875,33.25
85.6875,33.1875
85.6875,33.125
85.6875,33.0625
85.6875,33.0
85.625,32.9375
85.625,32.875
85.625,32.8125
85.625,32.75
85.5625,32.6875
85.5625,32.625
85.5625,32.5625
85.5,32.5
85.5,32.4375
85.4375,32.375
85.4375,32.3125
85.4375,32.25
85.375,32.1875
85.375,32.125
85.3125,32.0625
85.25,32.0
85.1875,31.9375
85.125,31.875
85.0625,31.8125
85.0,31.75
84.9375,31.6875
84.875,31.625
85.6875,33.625
85.625,33.6875
85.5625,33.75
85.5,33.8125
85.4375,33.875
85.375,33.9375
85.3125,34.0
85.25,34.0625
85.1875,34.125
85.125,34.1875
85.0625,34.25
85.0,34.3125
84.9375,34.375
84.875,34.4375
84.8125,34.5
84.75,34.5625
84.6875,34.625
84.625,34.6875
84.5625,34.75
84.5,34.8125
84.4375,34.875
84.375,34.9375
84.3125,35.0
84.25,35.0625
84.1875,35.125
84.125,35.1875
84.0625,35.25
84.0,35.3125
83.9375,35.375
83.875,35.4375
83.8125,35.5
83.75,35.5625
83.6875,35.625
83.625,35.6875
83.5625,35.75
83.5,35.8125
83.4375,35.875
83.375,35.9375
83.3125,36.0
83.25,36.0625
83.1875,36.125
83.125,36.1875
83.0625,36.25
83.0,36.3125
82.9375,36.375
82.875,36.4375
82.8125,36.5
82.75,36.5625
82.6875,36.625
82.625,36.6875
82.5625,36.75
82.5,36.8125
82.4375,36.875
82.375,36.9375
82.3125,37.0
82.25,37.0625
82.1875,37.125
82.125,37.1875
82.0625,37.25
82.0,37.3125
81.9375,37.375
81.875,37.4375
81.8125,37.5
81.75,37.5625
81.6875,37.625
81.625,37.6875
81.5625,37.75
81.5,37.8125
81.4375,37.875
81.375,37.9375
81.3125,38.0
81.25,38.0625
81.1875,38.125
81.125,38.1875
81.0625,38.25
81.0,38.3125
80.9375,38.375
80.875,38.4375
80.8125,38.5
80.75,38.5625
80.6875,38.625
80.625,38.6875
80.5625,38.75
80.5,38.8125
80.4375,38.875
80.375,38.9375
80.3125,39.0
80.25,39.0625
80.1875,39.125
80.125,39.1875
80.0625,39.25
80.0,39.3125
79.9375,39.375
79.875,39.4375
79.8125,39.5
79.75,39.5625
79.6875,39.625
79.625,39.6875
79.5625,39.75
79.5,39.8125
79.4375,39.875
79.375,39.9375
79.3125,40.0
79.25,40.0625
79.1875,40.125
79.125,40.1875
79.0625,40.25
79.0,40.3125
78.9375,40.375
78.875,40.4375
78.8125,40.5
78.75,40.5625
78.6875,40.625
78.625,40.6875
78.5625,40.75
78.5,40.8125
78.4375,40.875
78.375,40.9375
78.3125,41.0
78.25,41.0625
78.1875,41.125
78.125,41.1875
78.0625,41.25
73.3125,45.1875
73.3125,45.25
73.3125,45.3125
73.375,45.375
73.375,45.4375
73.375,45.5
73.375,45.5625
73.4375,45.625
73.4375,45.6875
73.4375,45.75
73.5,45.8125
73.5,45.875
73.5,45.9375
73.5,46.0
73.5,46.0625
73.5,46.125
73.5,46.1875
73.5,46.25
73.5,46.3125
73.5625,46.375
73.5625,46.4375
73.5625,46.5
73.5625,46.5625
73.5625,46.625
73.5625,46.6875
73.5625,46.75
73.5625,46.8125
73.5625,46.875
73.5625,46.9375
73.5625,47.0
73.5,47.0625
73.4375,47.125
73.375,47.125
72.375,46.9375
73.25,45.125
73.1875,45.0625
73.125,45.0
73.0625,44.9375
73.0,44.9375
72.9375,44.875
72.875,44.875
72.8125,44.8125
72.75,44.8125
72.6875,44.75
72.625,44.75
72.5625,44.6875
72.5,44.6875
72.5625,44.625
72.625,44.5625
