1875.000000001008,807.0000000002822
1874.6893952833439,808.0021776216633
1874.3822204230837,808.994269282391
1874.078469781243,809.9762730666168
1873.7781377177637,810.9481870616504
1873.4812185915243,811.9100093579422
1872.897596580936,813.8033712319059
1872.3275585991876,815.6563434752485
1871.7710594790067,817.4689109252034
1871.2280540361946,819.2410584695209
1870.6984970696878,820.9727710464658
1870.1823433616075,822.6640336448621
1869.6795476773211,824.3148313040956
1869.1900647654961,825.9251491141397
1868.7138493581595,827.4949722155682
1868.2508561707502,829.0242857995827
1867.8010399021794,830.5130751080208
1867.3643552348856,831.9613254333833
1866.9407568348931,833.3690221188394
1866.5301993518628,834.7361505582719
1866.1326374191585,836.0626961962599
1865.7480256538938,837.3486445281287
1865.3763186569963,838.5939810999429
1865.0174710132585,839.7986915085486
1864.6714372914012,840.9627614015639
1864.3381720441228,842.0861764774238
1864.0176298081617,843.1689224853822
1863.7097651043514,844.2109852255306
1863.414532437676,845.2123505488228
1863.13188629733,846.1730043570824
1862.731417230081,847.5376202642908
1862.3590116905257,848.8105564734694
1862.014515881575,849.9917660477196
1861.697775927637,851.0812023081443
1861.4086378750487,852.0788188339851
1861.0657905245234,853.2660637537082
1860.771374054002,854.2898828452409
1860.470902449925,855.3396748523417
1860.1750530555582,856.3797103359462
1859.7368504945332,858.0097556703568
1859.4758142439487,859.0091251297056
1859.2169027958976,859.9981107342475
1858.9601276958754,860.9767148531762
1858.7055004867364,861.9449398685208
1858.2027358992275,863.8502621807457
1857.7087013228263,865.7140969837908
1857.2234890038073,867.5364637957274
1856.7471911448094,869.3173823397332
1856.2798999043796,871.0568725439948
1855.8217073965156,872.7549545416122
1855.372705690213,874.4116486704924
1854.932986809007,876.0269754732553
1854.5026427305195,877.6009556971288
1854.0817653860036,879.1336102938459
1853.6704466598874,880.6249604195433
1853.2687783893216,882.0750274346562
1852.8768523637239,883.4838329038107
1852.4947603243254,884.8513985957192
1852.1225939637177,886.1777464830707
1851.7604449253975,887.4628987424253
1851.4084048033153,888.7068777541006
1851.0665651414206,889.9097061020657
1850.7350174332105,891.0714065738241
1850.4138531212768,892.1920021603041
1850.1031635968525,893.2715160557477
1849.803040199362,894.3099716575881
1849.5135742159675,895.3073925663424
1849.0995574531385,896.7266360055172
1848.7100328285787,898.0536861829914
1848.3453077612232,899.2886253171408
1848.0056893940168,900.4315366514269
1847.6914845904969,901.4825044534725
1847.402999931377,902.4416140141244
1847.058892188941,903.5776854942276
1846.761778866604,904.5508144152876
1846.4575764515723,905.5384087990824
1846.159643675766,906.4946683351799
1845.6603467243722,907.9988605949303
1845.3246880883585,908.9877772363824
1844.9930130323316,909.966745488613
1844.6653104912548,910.9357609280473
1844.3415693951808,911.8948191434157
1844.021778669262,912.8439157357625
1843.3940040040966,914.7122065171582
1842.781897799536,916.5405983270402
1842.1853712818609,918.3290564175602
1841.604335600292,920.0775462383851
1841.0387018274305,921.7860334368735
1840.4883809596959,923.4544838582424
1839.9532839177705,925.0828635457341
1839.433321547035,926.6711387407904
1838.9284046180128,928.2192758832125
1838.4384438268105,929.7272416113321
1837.96334979556,931.1950027621725
1837.5030330728587,932.6225263716155
1837.0574041342143,934.0097796745652
1836.6263733824858,935.3567301051065
1836.2098511483289,936.663345296669
1835.8077476906362,937.9295930821859
1835.4199731969852,939.1554414942523
1835.0464377840779,940.3408587652868
1834.687051498189,941.4858133276847
1834.3417243156098,942.5902738139765
1834.0103661430926,943.6542090569803
1833.692886818298,944.6775880899603
1833.3891961102381,945.6603801467752
1832.9593161565156,947.0584008448284
1832.559952356273,948.3649298109805
1832.1907993247794,949.579865752938
1831.8515513410928,950.7031083977299
1831.5419023514637,951.7345584928229
1831.1745503134593,952.9668672409506
1830.8585468491353,954.03558470372
1830.534642052634,955.1410861124732
1830.2483551134442,956.1292003042963
1829.928013677317,958.0197830013789
1829.8504414540855,959.0300382982352
1829.7674011639533,960.0306977824896
1829.5853918417752,962.0029641691724
1829.3829446427196,963.9360666054918
1829.1610309126283,965.8295133235761
1828.920633821254,967.6828366423155
1828.662747765086,969.4955932514303
1828.3883777633575,971.2673644807362
1828.0985388476006,972.9977565544432
1827.794255445118,974.6864008303335
1827.4765607567488,976.3329540236743
1827.146496129307,977.9370984157276
1826.8051104230694,979.4985420467315
1826.4534593747014,981.0170188932354
1826.0926049560055,982.4922890296826
1825.723614728884,983.9241387741397
1825.3475611969036,985.3123808180868
1824.9655211538613,986.6568543401875
1824.5785750297423,987.9574251039719
1824.1878062344701,989.213985539371
1823.7943004998476,990.4264548080552
1823.3991452200862,991.5947788525338
1823.0034287913254,992.7189304289908
1822.6082399505456,993.7989091238323
1822.2146671142714,994.8347413539371
1821.8237977174717,995.8264803506117
1821.4367175530538,996.774206127258
1820.8655714631216,998.1135108078275
1820.309031912788,999.3545048682466
1819.7707225463141,1000.4977953492541
1819.2542420953812,1001.5441228090646
1818.7631594612217,1002.494360311353
1818.1539932109151,1003.6136250835207
1817.604522897437,1004.5666031690051
1817.0139885297338,1005.5288116274957
1816.394652475402,1006.4612234594813
1815.6041196548924,1008.0551056523727
1815.2010519854337,1009.0990066012023
1814.7910118751076,1010.1315678815786
1814.374216740976,1011.1526586490779
1813.9508864546808,1012.1621522273283
1813.5212432625483,1013.1599261540413
1813.085511704833,1014.145862225509
1812.6439185341237,1015.1198465395585
1812.196692632951,1016.0817695369389
1811.7440649306152,1017.0315260411319
1811.286268319276,1017.9690152965711
1810.8235375693237,1018.894141005253
1810.3561092440727,1019.8068113617284
1809.8842216138,1020.7069390864626
1809.408114569164,1021.59444145755
1808.4442093777775,1023.3312622179924
1807.4663418767245,1025.0167041208667
1806.4764805649681,1026.650272315554
1805.4766113727012,1028.2315473421984
1804.4687347750908,1029.7601857413304
1803.4548628848836,1031.2359205530327
1802.4370165280977,1032.658561704928
1801.4172223070498,1034.027996288422
1800.3975096549893,1035.3441887227975
1799.3799078866177,1036.6071808069269
1798.3664432487792,1037.8170916585234
1797.3591359756097,1038.9741175410213
1796.3599973524274,1040.0785315783353
1795.3710267926253,1041.1306833579163
1794.3942089318202,1042.1309984226773
1793.4315107434782,1043.0799776525294
1792.4848786802097,1043.9781965364275
1791.556235844889,1044.826304335982
1790.6474791957075,1045.6250231418528
1789.7604767892267,1046.3751468242976
1788.897065065433,1047.0775398793992
1788.0590461787453,1047.7331361726474
1787.2481853788495,1048.3429375817045
1786.0865793230982,1049.1741293050093
1784.9955969548464,1049.908580210384
1783.9806521946637,1050.55048505561
1783.0469103545772,1051.1043411821763
1781.9366654517794,1051.7141616199706
1780.9902885089443,1052.188077428327
1780.0527076431006,1052.609043970556
1779.1017737841205,1052.9686932335524
1778.0565286543276,1053.4197108357762
1777.1201812176034,1053.8312683695378
1776.1910300101815,1054.2347363646916
1775.2691467818595,1054.6301792224099
1773.447468374465,1055.3972503068658
1771.6557083661498,1056.13300946628
1769.8944196382313,1056.8379944754338
1768.1641454072528,1057.5127528699438
1766.4654190526899,1058.1578417725987
1764.7987639477728,1058.7738277166513
1763.1646932934873,1059.3612864661293
1761.5637099557969,1059.9208028332134
1759.9963063061466,1060.4529704927531
1758.4629640652954,1060.9583917939626
1756.9641541505234,1061.4376775693727
1755.50033652627,1061.891446941088
1754.0719600582436,1062.3203271244156
1752.6794623710505,1062.7249532289281
1751.323269709393,1063.105968057022
1750.0037968028723,1063.4640219000332
1748.721446734448,1063.7997723319838
1747.4766108125884,1064.1138840010128
1746.269668447157,1064.4070284185648
1745.1009870290727,1064.6798837464044
1743.9709218137825,1064.9331345815174
1742.8798158085813,1065.167471738974
1741.8279996638198,1065.383592032818
1740.8157915680295,1065.5821980550531
1739.372409613517,1065.8488183646998
1738.0198084410667,1066.080038389536
1736.7589012483977,1066.278295637966
1735.590535798251,1066.4460511414068
1734.515493813407,1066.585787698036
1733.2285006970062,1066.7328465510034
1732.1101888772228,1066.8405275246892
1730.9514600096877,1066.9289471550096
1729.9143984777354,1066.9830008373858
1728.4949494949494,1066.989898989899
1727.4848484848485,1066.969696969697
1726.4747474747476,1066.949494949495
1725.4646464646464,1066.9292929292928
1724.4545454545455,1066.909090909091
1723.4444444444443,1066.888888888889
1722.4343434343434,1066.8686868686868
1721.4242424242425,1066.8484848484848
1720.4141414141413,1066.828282828283
1719.4040404040404,1066.8080808080808
1718.3939393939395,1066.7878787878788
1717.3838383838383,1066.7676767676767
1716.3737373737374,1066.7474747474748
1715.3636363636363,1066.7272727272727
1714.3535353535353,1066.7070707070707
1713.3434343434344,1066.6868686868686
1712.3333333333333,1066.6666666666667
1711.3232323232323,1066.6464646464647
1710.3131313131314,1066.6262626262626
1709.3030303030303,1066.6060606060605
1708.2929292929293,1066.5858585858587
1707.2828282828282,1066.5656565656566
1706.2727272727273,1066.5454545454545
1705.2626262626263,1066.5252525252524
1704.2525252525252,1066.5050505050506
1703.2424242424242,1066.4848484848485
1702.2323232323233,1066.4646464646464
1701.2222222222222,1066.4444444444443
1700.2121212121212,1066.4242424242425
1699.20202020202,1066.4040404040404
1698.1919191919192,1066.3838383838383
1697.1818181818182,1066.3636363636363
1696.171717171717,1066.3434343434344
1695.1616161616162,1066.3232323232323
1694.1515151515152,1066.3030303030303
1693.141414141414,1066.2828282828282
1692.1313131313132,1066.2626262626263
1691.121212121212,1066.2424242424242
1690.111111111111,1066.2222222222222
1689.1010101010102,1066.20202020202
1688.090909090909,1066.1818181818182
1687.080808080808,1066.1616161616162
1686.0707070707072,1066.141414141414
1685.060606060606,1066.121212121212
1684.050505050505,1066.1010101010102
1683.040404040404,1066.080808080808
1682.030303030303,1066.060606060606
1681.020202020202,1066.040404040404
1680.010101010101,1066.020202020202
1679.0,1066.0
1677.989898989899,1065.979797979798
1676.979797979798,1065.959595959596
1675.969696969697,1065.939393939394
1674.9595959595958,1065.919191919192
1673.949494949495,1065.8989898989898
1672.939393939394,1065.878787878788
1671.9292929292928,1065.858585858586
1670.919191919192,1065.8383838383838
1669.909090909091,1065.8181818181818
1668.8989898989898,1065.79797979798
1667.888888888889,1065.7777777777778
1666.878787878788,1065.7575757575758
1665.8686868686868,1065.7373737373737
1664.858585858586,1065.7171717171718
1663.8484848484848,1065.6969696969697
1662.8383838383838,1065.6767676767677
1661.828282828283,1065.6565656565656
1660.8181818181818,1065.6363636363637
1659.8080808080808,1065.6161616161617
1658.79797979798,1065.5959595959596
1657.7878787878788,1065.5757575757575
1656.7777777777778,1065.5555555555557
1655.7676767676767,1065.5353535353536
1654.7575757575758,1065.5151515151515
1653.7474747474748,1065.4949494949494
1652.7373737373737,1065.4747474747476
1651.7272727272727,1065.4545454545455
1650.7171717171718,1065.4343434343434
1649.7070707070707,1065.4141414141413
1648.6969696969697,1065.3939393939395
1647.6868686868686,1065.3737373737374
1646.6767676767677,1065.3535353535353
1645.6666666666667,1065.3333333333333
1644.6565656565656,1065.3131313131314
1643.6464646464647,1065.2929292929293
1642.6363636363637,1065.2727272727273
1641.6262626262626,1065.2525252525252
1640.6161616161617,1065.2323232323233
1639.6060606060605,1065.2121212121212
1638.5959595959596,1065.1919191919192
1637.5858585858587,1065.171717171717
1636.5757575757575,1065.1515151515152
1635.5656565656566,1065.1313131313132
1634.5555555555557,1065.111111111111
1633.5454545454545,1065.090909090909
1632.5353535353536,1065.0707070707072
1631.5252525252524,1065.050505050505
1630.5151515151515,1065.030303030303
1629.5050505050506,1065.010101010101
1628.4949494949494,1064.989898989899
1627.4848484848485,1064.969696969697
1626.4747474747476,1064.949494949495
1625.4646464646464,1064.9292929292928
1624.4545454545455,1064.909090909091
1623.4444444444443,1064.888888888889
1622.4343434343434,1064.8686868686868
1621.4242424242425,1064.8484848484848
1620.4141414141413,1064.828282828283
1619.4040404040404,1064.8080808080808
1618.3939393939395,1064.7878787878788
1617.3838383838383,1064.7676767676767
1616.3737373737374,1064.7474747474748
1615.3636363636363,1064.7272727272727
1614.3535353535353,1064.7070707070707
1613.3434343434344,1064.6868686868686
1612.3333333333333,1064.6666666666667
1611.3232323232323,1064.6464646464647
1610.3131313131314,1064.6262626262626
1609.3030303030303,1064.6060606060605
1608.2929292929293,1064.5858585858587
1607.2828282828282,1064.5656565656566
1606.2727272727273,1064.5454545454545
1605.2626262626263,1064.5252525252524
1604.2525252525252,1064.5050505050506
1603.2424242424242,1064.4848484848485
1602.2323232323233,1064.4646464646464
1601.2222222222222,1064.4444444444443
1600.2121212121212,1064.4242424242425
1599.20202020202,1064.4040404040404
1598.1919191919192,1064.3838383838383
1597.1818181818182,1064.3636363636363
1596.171717171717,1064.3434343434344
1595.1616161616162,1064.3232323232323
1594.1515151515152,1064.3030303030303
1593.141414141414,1064.2828282828282
1592.1313131313132,1064.2626262626263
1591.121212121212,1064.2424242424242
1590.111111111111,1064.2222222222222
1589.1010101010102,1064.20202020202
1588.090909090909,1064.1818181818182
1587.080808080808,1064.1616161616162
1586.0707070707072,1064.141414141414
1585.060606060606,1064.121212121212
1584.050505050505,1064.1010101010102
1583.040404040404,1064.080808080808
1582.030303030303,1064.060606060606
1581.020202020202,1064.040404040404
1580.010101010101,1064.020202020202
1579.0,1064.0
1577.989898989899,1063.979797979798
1576.979797979798,1063.959595959596
1575.969696969697,1063.939393939394
1574.9595959595958,1063.919191919192
1573.949494949495,1063.8989898989898
1572.939393939394,1063.878787878788
1571.9292929292928,1063.858585858586
1570.919191919192,1063.8383838383838
1569.909090909091,1063.8181818181818
1568.8989898989898,1063.79797979798
1567.888888888889,1063.7777777777778
1566.878787878788,1063.7575757575758
1565.8686868686868,1063.7373737373737
1564.858585858586,1063.7171717171718
1563.8484848484848,1063.6969696969697
1562.8383838383838,1063.6767676767677
1561.828282828283,1063.6565656565656
1560.8181818181818,1063.6363636363637
1559.8080808080808,1063.6161616161617
1558.79797979798,1063.5959595959596
1557.7878787878788,1063.5757575757575
1556.7777777777778,1063.5555555555557
1555.7676767676767,1063.5353535353536
1554.7575757575758,1063.5151515151515
1553.7474747474748,1063.4949494949494
1552.7373737373737,1063.4747474747476
1551.7272727272727,1063.4545454545455
1550.7171717171718,1063.4343434343434
1549.7070707070707,1063.4141414141413
1548.6969696969697,1063.3939393939395
1547.6868686868686,1063.3737373737374
1546.6767676767677,1063.3535353535353
1545.6666666666667,1063.3333333333333
1544.6565656565656,1063.3131313131314
1543.6464646464647,1063.2929292929293
1542.6363636363637,1063.2727272727273
1541.6262626262626,1063.2525252525252
1540.6161616161617,1063.2323232323233
1539.6060606060605,1063.2121212121212
1538.5959595959596,1063.1919191919192
1537.5858585858587,1063.171717171717
1536.5757575757575,1063.1515151515152
1535.5656565656566,1063.1313131313132
1534.5555555555557,1063.111111111111
1533.5454545454545,1063.090909090909
1532.5353535353536,1063.0707070707072
1531.5252525252524,1063.050505050505
1530.5151515151515,1063.030303030303
1529.5050505050506,1063.010101010101
1528.4949494949494,1062.989898989899
1527.4848484848485,1062.969696969697
1526.4747474747476,1062.949494949495
1525.4646464646464,1062.9292929292928
1524.4545454545455,1062.909090909091
1523.4444444444443,1062.888888888889
1522.4343434343434,1062.8686868686868
1521.4242424242425,1062.8484848484848
1520.4141414141413,1062.828282828283
1519.4040404040404,1062.8080808080808
1518.3939393939395,1062.7878787878788
1517.3838383838383,1062.7676767676767
1516.3737373737374,1062.7474747474748
1515.3636363636363,1062.7272727272727
1514.3535353535353,1062.7070707070707
1513.3434343434344,1062.6868686868686
1512.3333333333333,1062.6666666666667
1511.3232323232323,1062.6464646464647
1510.3131313131314,1062.6262626262626
1509.3030303030303,1062.6060606060605
1508.2929292929293,1062.5858585858587
1507.2828282828282,1062.5656565656566
1506.2727272727273,1062.5454545454545
1505.2626262626263,1062.5252525252524
1504.2525252525252,1062.5050505050506
1503.2424242424242,1062.4848484848485
1502.2323232323233,1062.4646464646464
1501.2222222222222,1062.4444444444443
1500.2121212121212,1062.4242424242425
1499.20202020202,1062.4040404040404
1498.1919191919192,1062.3838383838383
1497.1818181818182,1062.3636363636363
1496.171717171717,1062.3434343434344
1495.1616161616162,1062.3232323232323
1494.1515151515152,1062.3030303030303
1493.141414141414,1062.2828282828282
1492.1313131313132,1062.2626262626263
1491.121212121212,1062.2424242424242
1490.111111111111,1062.2222222222222
1489.1010101010102,1062.20202020202
1488.090909090909,1062.1818181818182
1487.080808080808,1062.1616161616162
1486.0707070707072,1062.141414141414
1485.060606060606,1062.121212121212
1484.050505050505,1062.1010101010102
1483.040404040404,1062.080808080808
1482.030303030303,1062.060606060606
1481.020202020202,1062.040404040404
1480.010101010101,1062.020202020202
1479.0,1062.0
1477.994900043167,1061.9897904651561
1476.0153128066547,1061.9687848271649
1474.0765432397682,1061.9470382810111
1472.1785922098236,1061.9246002577192
1470.3214605242758,1061.9015201893267
1468.5051489307127,1061.8778475088134
1466.7296581168594,1061.8536316500276
1464.9949887105774,1061.8289220476154
1463.3011412798583,1061.803768136945
1461.6481163328306,1061.7782193540384
1460.0359143177516,1061.7523251354946
1458.4645356230158,1061.7261349184212
1456.9339805771426,1061.6996981403586
1455.4442494487823,1061.6730642392083
1453.995342446722,1061.6462826531626
1452.587259719869,1061.6194028206296
1451.220001357269,1061.5924741801607
1449.8935673880899,1061.5655461703798
1448.6079577816363,1061.5386682299097
1447.363172447339,1061.5118897972995
1446.1592112347562,1061.485260310953
1444.996073933577,1061.4588292090548
1443.8737602736242,1061.4326459294987
1442.7922699248475,1061.4067599098155
1441.7516024973277,1061.3812205870997
1440.7517575412785,1061.3560773979375
1439.3285311099723,1061.319213505692
1437.9971521060747,1061.2835189884847
1436.7576182538749,1061.249160686142
1435.6099269745857,1061.2163054340801
1434.5540753863813,1061.1851200627564
1433.2891294620815,1061.1464254984692
1432.1874400154345,1061.1113916079319
1431.0398933010565,1061.0733494297745
1429.9995055361344,1061.0371517291896
1429.0,1061.0
1427.9961814303522,1060.940032107025
1426.0189758354863,1060.8237141040415
1424.0823552823692,1060.7121378600343
1422.1863311415073,1060.6052050203823
1420.3309145450517,1060.5028172032012
1418.516116386734,1060.4048759999218
1416.741947321803,1060.3112829758675
1415.0084177669603,1060.2219396708317
1413.3155379003017,1060.1367475996567
1411.6633176612536,1060.0556082528117
1410.0517667505192,1059.9784230969708
1408.4808946300182,1059.905093575592
1406.9507105228329,1059.8355211094956
1405.4612234131532,1059.7696070974432
1404.0124420462248,1059.707252916716
1402.6043749282967,1059.6483599236951
1401.2370303265716,1059.592829454439
1399.910416269157,1059.5405628252645
1398.6245405450213,1059.491461333325
1397.3794107039416,1059.4454262571903
1396.1750340564663,1059.4023588574269
1395.0114176738675,1059.3621603771762
1393.8885683881017,1059.324732042736
1392.8064927917676,1059.28997506414
1391.765197238071,1059.2577906357362
1390.7646878407836,1059.2280799367695
1389.3404105726718,1059.187935925012
1388.0079341328699,1059.15280179456
1386.7672761239874,1059.1223438519496
1385.618452935669,1059.0962283419424
1384.5614797443825,1059.0741214519342
1383.2950838881043,1059.0503041710383
1382.1920313404544,1059.0322282640843
1381.0429562836432,1059.016501143694
1380.001073558737,1059.0056599770269
1379.0,1059.0
1377.989898989899,1059.0
1376.979797979798,1059.0
1375.969696969697,1059.0
1374.9595959595958,1059.0
1373.949494949495,1059.0
1372.939393939394,1059.0
1371.9292929292928,1059.0
1370.919191919192,1059.0
1369.909090909091,1059.0
1368.8989898989898,1059.0
1367.888888888889,1059.0
1366.878787878788,1059.0
1365.8686868686868,1059.0
1364.858585858586,1059.0
1363.8484848484848,1059.0
1362.8383838383838,1059.0
1361.828282828283,1059.0
1360.8181818181818,1059.0
1359.8080808080808,1059.0
1358.79797979798,1059.0
1357.7878787878788,1059.0
1356.7777777777778,1059.0
1355.7676767676767,1059.0
1354.7575757575758,1059.0
1353.7474747474748,1059.0
1352.7373737373737,1059.0
1351.7272727272727,1059.0
1350.7171717171718,1059.0
1349.7070707070707,1059.0
1348.6969696969697,1059.0
1347.6868686868686,1059.0
1346.6767676767677,1059.0
1345.6666666666667,1059.0
1344.6565656565656,1059.0
1343.6464646464647,1059.0
1342.6363636363637,1059.0
1341.6262626262626,1059.0
1340.6161616161617,1059.0
1339.6060606060605,1059.0
1338.5959595959596,1059.0
1337.5858585858587,1059.0
1336.5757575757575,1059.0
1335.5656565656566,1059.0
1334.5555555555557,1059.0
1333.5454545454545,1059.0
1332.5353535353536,1059.0
1331.5252525252524,1059.0
1330.5151515151515,1059.0
1329.5050505050506,1059.0
1327.9950979689995,1058.9901035797857
1326.015882584756,1058.9715100462245
1324.0774536963547,1058.9544743962285
1322.1798131619598,1058.9389471964212
1320.322962779821,1058.924879011208
1318.5069042882649,1058.9122204028527
1316.7316393657072,1058.900921931549
1314.9971696306438,1058.8909341554906
1313.3034966416371,1058.8822076309489
1311.6506218973364,1058.87469291234
1310.0385468364507,1058.8683405523013
1308.467272837769,1058.863101101763
1306.9368012201446,1058.8589251100198
1305.4471332424944,1058.8557631248048
1303.9982701038043,1058.8535656923614
1302.5902129431156,1058.8522833575166
1301.222962839539,1058.8518666637524
1299.896520812236,1058.8522661532807
1298.6108878204316,1058.8534323671129
1297.3660647634051,1058.855315845135
1296.1620524804891,1058.8578671261794
1294.9988517510737,1058.8610367480974
1293.8764632945965,1058.8647752478323
1292.7948877705514,1058.8690331614914
1291.7541257784799,1058.8737610244195
1290.2695093267898,1058.881625768076
1288.8767260902682,1058.8902696523437
1287.5757773336175,1058.8995257265765
1286.3666640180159,1058.9092270381054
1285.2493868011295,1058.9192066327892
1284.2239460371138,1058.9292975555675
1282.9995484333422,1058.9426367313858
1281.9384149703621,1058.9554812687493
1280.8415856910228,1058.9702384665773
1279.7345778437798,1058.9870896532725
1277.9964710241072,1059.0497580403478
1276.019766435646,1059.1450725611564
1274.0835497650257,1059.2349076401529
1272.1878406643334,1059.319410500832
1270.3326582503194,1059.3987284371578
1268.5180211041438,1059.4730088116173
1266.743947271132,1059.5423990532718
1265.0104542605357,1059.6070466558099
1263.3175590453,1059.6670991755977
1261.6652780618417,1059.722704229728
1260.0536272098313,1059.7740094940707
1258.4826218519815,1059.8211627013206
1256.9522768138454,1059.8643116390447
1255.4626063836206,1059.903604147729
1254.0136243119596,1059.9391881188258
1252.605343811789,1059.9712114927981
1251.2377775581342,1059.9998222571646
1249.9109376879521,1060.0251684445445
1248.6248357999705,1060.0473981307
1247.3794829545352,1060.0666594325812
1246.1748896734648,1060.0831005063667
1245.0110659399081,1060.0968695455072
1243.8880211982164,1060.1081147787656
1242.8057643538173,1060.1169844682593
1241.7643037730938,1060.1236269074996
1240.76364728328,1060.1281904194332
1239.339186013986,1060.1314622222094
1238.006572542209,1060.1308910212122
1236.7658264582576,1060.1269777189545
1235.6169646207313,1060.1202233173274
1234.5600011560193,1060.1111289027035
1233.2936888600661,1060.0962291999583
1232.1907908392425,1060.0792484938906
1231.0419852848395,1060.0569063230935
1230.0004835422976,1060.0315218860437
1229.0,1060.0
1227.9947025936556,1059.969676633151
1226.0147444139475,1059.909057013675
1224.0756350190272,1059.8485147034412
1222.1773742855657,1059.7880990916144
1220.319962030519,1059.7278595671721
1218.5033980111207,1059.6678455188364
1216.727681924904,1059.608106334999
1214.9928134096735,1059.5486914036499
1213.2987920435326,1059.4896501123046
1211.6456173448612,1059.4310318479334
1210.033288772338,1059.372885996887
1208.4618057249209,1059.3152619448265
1206.9311675418583,1059.2582090766496
1205.4413735026965,1059.2017767764196
1203.9924228272664,1059.1460144272914
1202.5843146756918,1059.0909714114418
1201.217048148396,1059.0366971099959
1199.8906222860928,1058.9832409029545
1198.60503606979,1058.9306521691224
1197.3602884208012,1058.8789802860367
1196.1563782007318,1058.8282746298942
1194.9933042114933,1058.778584575479
1193.8710651953013,1058.7299594960907
1192.7896598346751,1058.6824487634717
1191.7490867524327,1058.6361017477354
1190.749344511718,1058.590967817295
1189.3262856884628,1058.5256494455837
1187.995087574722,1058.463338194837
1186.755744565676,1058.4042006597094
1185.6082507543713,1058.3484034244161
1184.5525999317529,1058.2961130621848
1183.2879210755334,1058.2321355977624
1182.1864907642898,1058.1750834618606
1181.0392448114126,1058.1141083909738
1179.9991636934312,1058.057121330947
1179.0,1058.0
1177.9942055222923,1057.9593887776468
1176.0132878946908,1057.8776156150113
1174.073266753346,1057.7951902553853
1172.1741435505326,1057.7122112055522
1170.3159195012563,1057.6287769755086
1168.4985955832417,1057.544986077891
1166.7221725369304,1057.4609370274059
1164.986650865476,1057.3767283402565
1163.292030834739,1057.2924585335732
1161.6383124732884,1057.2082261248402
1160.0254955724,1057.124129631325
1158.4535796860562,1057.0402675695073
1156.9225641309508,1056.956738454505
1155.432447986493,1056.8736407995063
1153.98323009481,1056.791073115195
1152.5749090607576,1056.7091339091808
1151.2074832519256,1056.6279216854268
1149.8809507986477,1056.5475349436792
1148.5953095940122,1056.4680721788943
1147.3505572938766,1056.3896318806685
1146.1466913168774,1056.3123125326663
1144.983708844447,1056.2362126120483
1143.8616068208312,1056.1614305889013
1142.7803819531057,1056.088064925666
1141.7400307111932,1056.0162140765656
1140.7405493278875,1055.9459764870355
1139.3179494135502,1055.843860290651
1137.9872831010623,1055.7459275864026
1136.7485346756282,1055.6525104989405
1135.6016872226037,1055.5639410939707
1134.546722627717,1055.4805513739195
1133.282998503943,1055.3779960723828
1132.182538113398,1055.2860258051255
1131.0364713220101,1055.187146123776
1129.9976553777403,1055.094105608152
1129.0,1055.0
1127.9927929676685,1054.9671202823142
1126.008854007096,1054.8962285948855
1124.0655944530617,1054.8187730967027
1122.1630670098461,1054.7350892057798
1120.3013216161228,1054.6455127630234
1118.480405441566,1054.5503800094295
1116.7003628836494,1054.4500275632536
1114.9612355646304,1054.3447923971553
1113.2630623287248,1054.235011815318
1111.605879239469,1054.1210234305483
1109.9897195772714,1054.0031651413517
1108.4146138371534,1053.8817751089898
1106.880589726678,1053.7571917345217
1105.3876721640686,1053.629753635826
1103.9358832765176,1053.4997996246095
1102.5252423986842,1053.367668683404
1101.155766071381,1053.2336999425481
1099.8274680404509,1053.098232657164
1098.5403592558341,1052.9616061841198
1097.2944478708243,1052.8241599589903
1096.0897392415163,1052.6862334730095
1094.9262359264408,1052.5481662500194
1093.8039376863908,1052.4102978234184
1092.7228414844396,1052.2729677131063
1091.6829414861443,1052.1365154024327
1090.6842290599445,1052.0012803151476
1089.2633613548796,1051.801452258467
1087.9350889551663,1051.6062712531852
1086.6993473517862,1051.4168813954443
1085.5560578999516,1051.234425896682
1084.5051278311207,1051.060046908987
1083.2473711328278,1050.8420768117232
1082.1533249575066,1050.6431935177116
1081.0154678908048,1050.42553569535
1079.9859225435164,1050.216663381911
1079.0050101418121,1050.001195159497
1077.9814446839757,1049.9065577029542
1076.9729997312966,1049.8095594398387
1075.9746960918044,1049.7090944614426
1074.0086326093042,1049.4981227029748
1072.083486034624,1049.2743616977052
1070.1994754510597,1049.0385346900225
1068.3568071589743,1048.7913686738038
1066.5556746116908,1048.5335941665012
1064.7962583553765,1048.2659449821365
1063.0787259729389,1047.9891580032684
1061.4032320319498,1047.7039729520084
1059.7699180366135,1047.411132160154
1058.1789123837939,1047.111380338509
1056.6303303231177,1046.8054643454668
1055.1242739211573,1046.4941329549267
1053.6608320297173,1046.1781366236114
1052.2400802582217,1045.8582272578662
1050.862080950219,1045.5351579800042
1049.5268831640099,1045.2096828942751
1048.2345226574007,1044.8825568525297
1046.9850218765937,1044.554535219649
1045.7783899492106,1044.2263736388188
1044.614622681457,1043.898827796712
1043.4937025594243,1043.5726531886633
1042.4155987545348,1043.2486048838978
1041.380267133118,1042.9274372908963
1040.387650270128,1042.6099039229634
1039.4376774669872,1042.2967571640759
1038.0924886164223,1041.8369043456303
1036.842717818078,1041.3911385347135
1035.687959264557,1040.9619775967071
1034.627740719636,1040.5519277875187
1033.6615238484344,1040.163482001305
1032.5184060491276,1039.6834407514248
1031.5397087251854,1039.2520355960419
1030.544766663187,1038.789950662581
1029.570965968294,1038.3069462780024
1027.9447197752843,1037.5299916344875
1026.9013127213282,1037.0611783193294
1025.8697707684973,1036.5936376522482
1024.8500853434452,1036.1274471728834
1023.8422473661017,1035.662684363171
1022.8462472500604,1035.1994266440304
1021.8620749029888,1034.7377513720567
1020.8897197270596,1034.2777358362148
1019.929170619404,1033.8194572545356
1018.9804159725854,1033.3629927708157
1018.0434436750957,1032.9084194513218
1017.1182411118734,1032.4558142814953
1016.2047951648426,1032.0052541626628
1015.303092213473,1031.5568159087502
1013.5348583068422,1030.6666117946866
1011.813420401319,1029.785814578031
1010.1386515064625,1028.9150352894007
1008.5104166537614,1028.0548832468478
1006.9285729197076,1027.2059659516954
1005.3929694502287,1026.3688889846865
1003.9034474864768,1025.544255902459
1002.4598403919676,1024.7326681343686
1001.0619736810677,1023.9347248796734
999.7096650488224,1023.1510230051008
998.4027244021213,1022.3821569428143
997.140953892194,1021.6287185887938
995.9241479484328,1020.8912972016523
994.7520933135352,1020.1704793019005
993.6245690799598,1019.466848571683
992.5413467276907,1018.7809857549963
991.5021901633028,1018.1134685584112
990.5068557603224,1017.4648715523135
989.5550924008749,1016.835766072682
988.646641518613,1016.2267201234174
987.7812371429196,1015.6382982792427
986.5632428703898,1014.7955620171081
985.4405332486409,1014.0023696642622
984.4121183442462,1013.260580325931
983.4769719551285,1012.5720333361585
982.63403200527,1011.9385475503437
981.6516422700646,1011.1826545571804
980.8285215815888,1010.5320418658627
980.01930602073,1009.8731086702045
979.2186797203663,1009.1940247393742
978.0020636199495,1008.202300466978
977.0157421334665,1007.410569466691
976.0410109983899,1006.624854519537
975.0778454777261,1005.8452030453391
974.1262206404724,1005.0716623622076
973.186111362036,1004.3042796857469
972.2574923246548,1003.5431021282632
971.3403380178231,1002.7881766979742
970.4346227387184,1002.039550298221
969.5403205926334,1001.2972697266806
968.6574054934096,1000.5613816745816
967.7858511638758,999.8319327259204
966.9256311362881,999.1089693566797
966.0767187527744,998.39253793405
965.2390871657813,997.6826847156503
964.4127093385243,996.9794558487531
963.597558045442,996.28289736951
962.7936058726522,995.5930552021797
962.0008252184114,994.9099751583569
961.2191882935791,994.233702936205
960.4486671220828,993.5642841196885
959.6892335413877,992.901764177809
958.2035155727875,991.5976022145763
956.7618053762834,990.3215784703211
955.3638709875405,989.0740524808351
954.0094775049498,987.8553818697646
952.698387105389,986.6659223246143
951.4303590601797,985.5060275728802
950.2051497512406,984.3760493583168
949.0225126874332,983.2763374173347
947.882198521101,982.2072394555346
946.783955064801,981.1691011243761
945.7275273082237,980.1622659979856
944.7126574353048,979.1870755501037
943.7390848415235,978.2438691311716
942.8065461513895,977.3329839455627
941.9147752361142,976.4547550289558
941.0635032314677,975.6095152258553
940.252458555819,974.7975951672581
939.4813669283586,974.0193232484685
938.7499513875027,973.2750256070638
937.7266083382647,972.2229887256736
936.7909518486056,971.2492053985475
935.9420138182779,970.3547471008688
935.1788130551724,969.5406733321431
934.292861014949,968.5820927319577
933.555170176241,967.7707270953558
932.8378408590656,966.9672073299835
932.1519510988397,966.1793337840564
931.4769906188116,964.9014247214812
930.9500462579196,963.8158435791111
930.4193641753678,962.7433146780328
929.8851424856477,961.6838931316473
929.3475801152592,960.6376310464445
928.8068767570757,959.60457751005
928.263232824533,958.5847785799638
927.7168494056536,957.5782772729945
927.1679282169159,956.585113555391
926.6166715569786,955.6053243336743
926.0632822602727,954.6389434461704
925.5079636504693,953.6860016552477
924.9509194938364,952.7465266402602
924.3923539524939,951.8205429911973
923.8324715375762,950.908072203043
923.2714770623178,950.0091326708448
922.7095755950664,949.1237396854934
922.1469724122398,948.2519054302152
921.5838729512335,947.3936389777775
921.0204827632925,946.5489462884067
920.4570074663565,945.7178302084214
919.3306240677063,944.0963236891388
918.2063672402043,942.5290799053687
917.0858795174878,941.0160095525338
915.9707999747661,939.556973617983
914.8627627248484,938.1517835085464
913.7633954187269,936.8002012235829
912.6743177520879,935.5019395733632
911.5971399791237,934.2566624425872
910.5334614350057,933.063985098795
909.4848690683791,931.9234745453856
908.4529359852207,930.8346499189245
907.4392200053999,929.7969829303696
906.4452622332656,928.8098983498157
905.47258564357,927.8727745343098
904.5226936840289,926.9849439982532
903.5970688957981,926.1456940258696
902.6971715531341,925.354267325172
901.8244383234864,924.6098627228348
900.9802809492495,923.9116358993278
900.1660849523869,923.2587001636418
899.0039314062986,922.362175650696
897.9167006192694,921.5621543530442
896.9086987528956,920.8551334237721
895.9840684132066,920.2374180314245
894.8877537747737,919.5459869029928
893.9556023876429,918.996725569493
893.0338629674027,918.4944884926086
892.1000030809422,918.0423633040731
891.1464454670931,917.387091064931
890.2955819255726,916.7855229531019
889.4475754302837,916.1952549745271
888.6025914212871,915.6162440071607
887.7607946883433,915.0484445069642
886.9223493354568,914.4918085177051
885.2561655454055,913.4118232485239
883.6053378303035,912.3758567108649
881.971150754339,911.3834395347599
880.3548745612592,910.4340648729514
878.7577640812366,909.5271888370698
877.1810576509986,908.6622309656882
875.6259760481532,907.8385747238498
874.0937214406221,907.0555680336397
872.585476352092,906.3125238353439
871.1024026443691,905.6087206787128
869.6456405175156,904.9434033438192
868.2163075286273,904.3157834909791
866.8154976300966,903.7250403391724
865.4442802281903,903.1703213723838
864.1036992627495,902.6507430732518
862.7947723088065,902.1653916833984
861.5184897008897,901.713323989782
860.2758136807709,901.2935681363986
859.0676775693885,900.9051244606325
857.8949849636599,900.546966353536
856.7586089588718,900.218041143299
855.6593913973207,899.9172710011469
854.5981421438488,899.643553868888
853.5756383888972,899.3957644073125
852.5926239796805,899.1727549646256
851.1936882730188,898.8821406155465
849.8874419126181,898.6406164111102
848.6759546748557,898.4440573697248
847.5611128720502,898.2882514523093
846.5446157003549,898.1689077172636
845.3448466662802,898.0589541140115
844.3256131207028,897.9955547790792
843.3090749477735,897.9655103587548
842.2848754112423,897.9813299416636
841.0426145323412,897.8309061436812
839.1464259050184,897.5201812400054
837.2760129508852,897.2453749526753
835.4325499738998,897.0056147929529
833.6171817676095,896.7999898963486
831.8310223615944,896.6275520200243
830.075153801596,896.4873165811256
828.3506249646709,896.3782637349069
826.6584504106627,896.2993394914686
824.9996092712519,896.2494568698831
823.3750441777999,896.227497088447
821.7856602291614,896.2323107897531
820.2323240005951,896.2627192992472
818.715862594857,896.3175159158827
817.237062736518,896.3954672334679
815.796669910495,896.4953144912533
814.3953875457388,896.6157749522845
813.033876244976,896.7555433080067
811.7127530613434,896.9132931075875
810.432590822711,897.0876782103894
809.1939175044312,897.277334260003
807.9972156512029,897.4808801782272
806.8429218486804,897.696919677358
805.7314262454107,897.9240427891351
804.663072125617,898.1608274086655
803.6381555332999,898.4058408516385
802.656924948069,898.6576414231248
801.2674161049209,899.0448965394525
799.9771152181804,899.4392470073095
798.786252147897,899.8357615653091
797.6948117906024,900.2295036208623
796.7025341165182,900.6155434113967
795.5328435856526,901.1097982929964
794.5366509972796,901.5700846341458
793.5313191195743,902.0803250598276
792.5590703901864,902.6341730399479
790.9569656368654,903.4972234631771
789.9262474791798,903.9961165336695
788.9078645069948,904.4965326707699
787.9018339557889,904.9983251178619
786.9081713150805,905.5013469237941
785.9268903262396,906.0054509636508
784.9580029805448,906.5104899595466
784.0015195174894,907.0163165014452
783.0574484233329,907.5227830679937
782.125796429902,908.0297420473746
781.2065685136395,908.5370457581703
780.2997678949002,909.0445464702366
779.4053960374965,909.5520964255844
778.5234526484905,910.059547859264
777.6539356782363,910.5667530202516
775.952164013844,911.5798337149811
774.3000295301997,912.5901575735364
772.6974526502022,913.5965452182919
771.144325778759,914.5978194970075
769.6405133636172,915.592806148347
768.1858519719981,916.5803344657604
766.7801503829971,917.5592379593571
765.423189695693,918.5283550153948
764.1147234529049,919.4865295530125
762.8544777805308,920.4326116778342
761.6421515423858,921.3654583320758
760.4774165104523,922.2839339407874
759.3599175504479,923.186911053863
758.2892728226057,924.0732709834588
757.265073997551,924.9419044364572
756.2868864871554,925.7917121416186
755.354249690237,926.6216054710678
754.4666772529665,927.430507055763
753.6236573438335,928.2173513945995
752.824652943016,928.9810854568037
752.0691021459915,929.7206692772766
751.3564184812168,930.4350765445507
750.36642639328,931.4572715215241
749.4693441183052,932.4171928453142
748.6628919315415,933.3115670231996
747.9446748276885,934.1372039377613
747.1199573264748,935.1257789485719
746.4413892022619,935.9795489891023
745.788656909043,936.8468702203975
745.1638200965286,937.7433796064234
744.3896904068963,939.0005406008129
743.7857984946864,939.9910608362176
743.1883197532075,940.9715578193218
742.5972496756513,941.9420286679756
742.012583753921,942.9024705020465
741.434317478627,943.8528804434258
740.8624463390777,944.793255616045
740.2969658233014,945.7235931458445
739.7378714180206,946.6438901608171
739.1851586086755,947.5541437909707
738.6388228794219,948.4543511683336
738.0988597131121,949.3445094269891
737.5652645913202,950.2246157030369
737.0380329943341,951.0946671346042
736.5171604011485,951.9546608618635
735.4944741357597,953.6444637742671
734.4971696014576,955.2940016022364
733.5252105840261,956.9032515403121
732.5785608487528,958.4721908156154
731.6571841404748,960.0007966878367
730.7610441835939,961.4890464492829
729.8901046820971,962.9369174249041
729.0443293196156,964.3443869722668
728.2236817594267,965.711432481616
727.4281256444945,967.0380313758764
726.6576245974993,968.3241611106685
725.9121422208638,969.5697991743324
725.1916420967844,970.7749230879455
724.4960877872633,971.939510405333
723.8254428341319,973.0635387130978
723.1796707590845,974.1469856306317
722.5587350637043,975.1898288101378
721.9625992295043,976.1920459366321
721.3912267179362,977.1536147279938
720.8445809704438,978.0745129349438
720.3226254084667,978.9547183411063
719.5859060986497,980.1986789314792
718.9045337508825,981.3509560845416
718.2783846604528,982.4114752366679
717.7073350221922,983.3801619911507
717.1912609307042,984.2569421183277
716.5884653145625,985.282888438069
715.971651384258,986.3351029478904
715.4311799985693,987.2596570164993
714.409661872442,989.0006109882629
713.8255425806602,989.9911988087109
713.2476375360354,990.9717606159862
712.6759421515953,991.9422935684848
712.1104518390713,992.9027948266973
711.5511620088985,993.8532615532066
710.9980680702097,994.7936909127063
710.4511654308437,995.7240800719852
709.9104494973474,996.6444261999269
709.3759156749608,997.5547264675384
708.8475593676485,998.4549780478952
708.3253759780649,999.3451781162086
707.8093609075848,1000.2253238497702
707.2995095562867,1001.0954124279866
706.2982796051086,1002.8054068465178
705.3216492993879,1004.4751388491374
704.369581793397,1006.1045859468702
703.4420402208432,1007.6937256844709
702.5389876949058,1009.242535640431
701.6603873082739,1010.750993426985
700.8062021331631,1012.2190766901556
699.9763952213515,1013.64676310976
699.1709296042199,1015.0340303994174
698.3897682927657,1016.3808563065935
697.6328742776509,1017.6872186125911
696.9002105292241,1018.9530951325834
696.191739997549,1020.1784637156378
695.5074256124421,1021.3633022447227
694.8472302835007,1022.5075886367298
694.2111169001356,1023.6113008424933
693.5990483315976,1024.6744168468108
693.0109874270145,1025.6969146684578
692.4468970154138,1026.6787723602142
691.9067399057726,1027.6199680088562
691.3904788870152,1028.520479735228
690.6608110808853,1029.7949171936114
689.9846999656148,1030.977693099798
689.3620197012825,1032.0687340428756
688.7926443473319,1033.0679667847126
688.2764478628319,1033.9753182600552
687.6706905332766,1035.0420678510511
687.1589498764426,1035.9451710995472
686.6510285617396,1036.8436608857535
686.1414724053452,1037.7480020178673
685.4220055378183,1038.9961833699642
684.8503376932608,1039.9825286545708
684.284987229668,1040.9590299202066
683.7259449057906,1041.925681242438
683.1732014748225,1042.882476705507
682.6267476844114,1043.8294104023344
682.0865742766646,1044.766476434528
681.552671988158,1045.6936689123856
681.0250315499436,1046.6109819549033
680.5036436875591,1047.518409689777
679.9884991210348,1048.4159462534083
679.479588564902,1049.303585790913
678.9769027282026,1050.1813224561206
677.9901680218619,1051.9070638285862
677.0282205648374,1053.593123775989
676.0909858326298,1055.2394558433084
675.178389213675,1056.8460137154875
674.2903560096086,1058.412751217595
673.4268114355303,1059.9396223149843
672.5876806202647,1061.4265811134615
671.7728886066251,1062.873581859446
670.982360351681,1064.2805789401266
670.2160207270199,1065.6475268836264
669.47379451901,1066.9743803591662
668.7556064290698,1068.2610941772161
668.0613810739305,1069.50762328966
667.3910429859026,1070.7139227899536
666.7445166131398,1071.8799479132826
666.1217263199071,1073.005654036722
665.5225963868488,1074.0909966793856
664.9470510112511,1075.1359315025943
664.3950143073115,1076.140414310025
663.8664103064079,1077.104401047865
663.3611629573621,1078.0278478049738
662.8791961267117,1078.9107108130308
662.1997301090006,1080.1588154043468
661.5722161818426,1081.3153618052925
660.9963963615803,1082.3802041100987
660.4720122547876,1083.3531971399152
659.9988050603203,1084.2341964439588
659.4470225946953,1085.2655125290112
658.8836508667121,1086.3237984386994
658.3913364511081,1087.2542824089314
657.3250531904285,1088.8893856711404
656.6609345914597,1089.7739779798758
656.007593984923,1090.653665041465
655.3649799915563,1091.5283354965998
654.7330400815598,1092.397878524053
654.1117205802298,1093.262183852567
653.5009666737157,1094.1211417726795
652.9007224148994,1094.9746431484932
652.3109307293969,1095.8225794293799
651.731533421679,1096.6648426616248
651.162471181314,1097.501325500005
650.6036835893294,1098.331921219303
649.5166851709073,1099.9750275684328
648.4700328930228,1101.593320740694
647.4632041726167,1103.1859704133433
646.495659341163,1104.7521572654448
645.5668418762039,1106.2910733293836
644.6761786401123,1107.8019223375084
643.823080125986,1109.283920063751
643.006940710563,1110.7362946600842
642.227138914051,1112.158286987666
641.4830376667608,1113.5491509425342
640.7739845824276,1114.9081537757029
640.0993122381037,1116.2345764075374
639.4583384605029,1117.5277137362575
638.8503666186713,1118.7868749404481
638.2746859228643,1120.0113837754411
637.7305717294942,1121.200578863444
637.2172858520245,1122.3538139772907
636.7340768776734,1123.4704583176913
636.2801804897912,1124.549896783864
635.8548197957749,1125.5915302374299
635.4572056603777,1126.594775759463
635.0865370442704,1127.5590669005774
634.5792763314897,1128.931266226761
634.1280226087948,1130.212801640859
633.7299323631125,1131.4019770386892
633.3821107641334,1132.4971854686432
633.0816144586098,1133.4969106828344
632.7493973875448,1134.6789002624826
632.4887932765489,1135.685504663244
632.2525739887136,1136.6928647655745
632.0471490992867,1137.7137747532488
631.6391953529371,1138.9185436105588
630.9461598776342,1140.7397834678982
630.2907090788785,1142.5389950730614
629.6721997804603,1144.3151160446707
629.0899587848694,1146.0671027664446
628.5432834203845,1147.793931235315
628.0314421121138,1149.4945978936066
627.5536749765256,1151.1681204445983
627.1091944389832,1152.8135386508081
626.6971858737849,1154.4299151143496
626.3168082661863,1156.0163360387303
625.9671948958697,1157.571911971466
625.6474540413022,1159.0957785269154
625.3566697044129,1160.5870970887386
625.0939023549972,1162.0450554914198
624.8581896942477,1163.4688686802886
624.6485474367855,1164.8577793495128
624.4639701105616,1166.2110585575388
624.3034318739748,1167.5280063194814
624.1658873495436,1168.807952175981
624.0502724734556,1170.0502557380678
623.9555053603008,1171.254307207587
623.8804871822883,1172.4195278727648
623.8241030622341,1173.5453705785092
623.7852229795881,1174.6313201710695
623.7627026887703,1175.6768939166861
623.7553846490662,1176.6816418938936
623.7703495203222,1178.1113130734568
623.8128890266856,1179.4469316742266
623.8789572589667,1180.6874048750242
623.964465289093,1181.8318138143154
624.065288646126,1182.879415270214
624.2163634311681,1184.1246747624898
624.3773851139462,1185.1959964764606
624.5775246566358,1186.2901696045344
624.8208819926376,1187.3663233493826
625.0211430556122,1189.0117008459868
625.051373875087,1190.0158321453785
625.1385324130587,1192.0007248865415
625.2603128188862,1193.9533823192558
625.4155053963309,1195.8725522075326
625.6028551867688,1197.7570276798733
625.821063669243,1199.6056488641798
626.068790519527,1201.4173044589945
626.3446554258192,1203.190933238945
626.647239958606,1204.9255254923517
626.9750894921627,1206.620124389051
627.3267151750875,1208.273827276582
627.7005959472001,1209.8857869029823
628.0951806000731,1211.4552125645296
628.5088898784031,1212.9813711768854
628.9401186193771,1214.4635882681782
629.3872379271345,1215.901248892691
629.8485973793787,1217.2937984639063
630.3225272631519,1218.640743505787
630.8073408367402,1219.9416523212735
631.3013366146483,1221.196155577088
631.8028006725464,1222.4039468040598
632.3100089690678,1223.5647828122876
632.8212296813126,1224.6784840205828
633.334725550891,1225.744934699741
633.8487562373317,1226.7640831293168
634.3615806756643,1227.7359416676882
634.8714594349832,1228.6605867353144
635.3766570747993,1229.5381587112129
636.1218963417427,1230.7667185709015
636.8469180351084,1231.890794659245
637.545987152342,1232.9116618693463
638.2134477832304,1233.8309096307826
638.8437403466946,1234.650437065706
639.616918456622,1235.5918704522298
640.3018095014662,1236.366014364847
641.0154403460717,1237.1091093394891
641.7759585091984,1237.8164270585996
642.7266460759506,1238.9131204971904
643.4543319069862,1239.8132145551263
644.182856484154,1240.7002676906977
644.9120185993347,1241.5742685200948
645.6416168927826,1242.4352087637583
646.371449901015,1243.283083248349
647.1013161047265,1244.1178899079769
647.8310139767167,1244.939629784695
648.5603420298199,1245.748307028249
649.2890988648252,1246.543928895092
650.0170832183751,1247.3265057466579
650.7440940108329,1248.0960510468965
651.469930394105,1248.8525813590732
652.1943917994097,1249.5961163418285
652.9172779849788,1250.3266787445025
653.6383890836806,1251.0442944017243
654.3575256505555,1251.7489922272684
655.7890798043377,1253.1197653921572
657.2103551297035,1254.4392908527004
658.6197760879701,1255.7079099728246
660.0157784171554,1256.9260125421179
661.3968106200142,1258.094036405038
662.76133543993,1259.2124670444027
664.1078313232608,1260.2818371195651
665.4347938667477,1261.3027259597104
666.7407372486072,1262.275759012758
668.0241956419496,1263.201607250392
669.2837246091755,1264.0809865297854
670.5179024760251,1264.9146569126272
671.7253316839752,1265.7034219420987
672.9046401196927,1266.4481278784872
674.0544824202863,1267.1496628941638
675.1735412531083,1267.808956228693
676.2605285688938,1268.4269773048727
677.3141868270434,1269.0047348065548
678.3332901918831,1269.5432757191122
679.3166456987647,1270.0436843334742
680.2630943888971,1270.507081214674
681.1715124118296,1270.934622135887
682.4604628080946,1271.511315508007
683.6578928069077,1272.0141716789776
684.7604854211725,1272.4475024163612
685.7651266295387,1272.8157682822255
686.9472904276855,1273.2135465351914
687.9438949951141,1273.5151027128131
688.9202777185927,1273.7744730799648
689.9418975167118,1273.990949994254
690.9626424629968,1274.2841824895472
692.864275244294,1274.8315834405278
694.733954192112,1275.3515114931074
696.571187312028,1275.8445494755433
698.375493238739,1276.3112890251698
700.1464013937559,1276.75233039458
701.8834521395622,1277.1682822549847
703.58619693019,1277.5597614968156
705.2541984581612,1277.9273930276333
706.8870307977484,1278.2718095674113
708.4842795445054,1278.5936514412585
710.0455419510258,1278.8935663696516
711.5704270588801,1279.172209256245
713.0585558266924,1279.4302419733262
714.5095612543138,1279.6683331449904
715.9230885030482,1279.8871579281008
717.2987950118979,1280.0873977911103
718.6363506097841,1280.2697402908157
719.9354376237103,1280.4348788471164
721.1957509828295,1280.583512515853
722.4169983183856,1280.7163457597999
723.5989000594911,1280.8340882178854
724.7411895247141,1280.9374544727175
725.8436130094414,1281.0271638164895
726.9059298689918,1281.1039400153425
727.9279125974498,1281.168511072263
729.3847950596085,1281.2440853037658
730.7497795534075,1281.2963319565752
732.022266685293,1281.3277543313575
733.2017252383357,1281.3408710776382
734.2876925637732,1281.338214337392
735.589547623747,1281.3145335592362
736.7237622184807,1281.2733901765876
737.9050115285182,1281.2066661415884
738.9749803529902,1281.119879815735
739.9791743773982,1281.003203358992
741.0077010018562,1280.858429402102
742.0051003356083,1280.717708993437
743.9689980350723,1280.4388671229794
745.8917013109742,1280.1635711253386
747.773218602623,1279.8919177157481
749.6135585763911,1279.6240035893588
751.4127301256714,1279.359925420706
753.1707423708225,1279.099779863177
754.8876046591222,1278.843663548478
756.5633265647152,1278.5916730861013
758.1979178885607,1278.3439050627926
759.791388658375,1278.1004560420188
761.343749128583,1277.8614225634349
762.8550097802537,1277.6269011423526
764.3251813210496,1277.3969882692081
765.7542746851619,1277.1717804090297
767.1423010332538,1276.9513740009056
768.4892717523985,1276.7358654574539
769.7951984560145,1276.5253511642888
771.0600929838038,1276.3199274794918
772.2839674016851,1276.119690733077
773.4668340017279,1275.9247372264642
774.6087053020868,1275.7351632319437
775.7095940469261,1275.5510649921498
776.7695132063586,1275.3725387195261
777.7884759763657,1275.199680595798
779.2401563230768,1274.9512315098768
780.5997612962118,1274.71607646332
781.8673382886466,1274.494539664447
783.0429358348279,1274.2869451526485
784.1266036101749,1274.0936167943655
785.1183924304592,1273.9148782790728
786.2979446688861,1273.699814693916
787.3143753428482,1273.512030033813
788.3557222232621,1273.3168266648627
789.386254954718,1273.1200036940327
790.5050505050505,1272.8989898989898
791.5151515151515,1272.6969696969697
792.5252525252525,1272.4949494949494
793.5353535353536,1272.2929292929293
794.5454545454545,1272.090909090909
795.5555555555555,1271.888888888889
796.5656565656566,1271.6868686868686
797.5757575757576,1271.4848484848485
798.5858585858585,1271.2828282828282
799.5959595959596,1271.080808080808
800.6060606060606,1270.878787878788
801.6161616161617,1270.6767676767677
802.6262626262626,1270.4747474747476
803.6363636363636,1270.2727272727273
804.6464646464647,1270.0707070707072
805.6565656565657,1269.8686868686868
806.6666666666666,1269.6666666666667
807.6767676767677,1269.4646464646464
808.6868686868687,1269.2626262626263
809.6969696969697,1269.060606060606
810.7070707070707,1268.858585858586
811.7171717171717,1268.6565656565656
812.7272727272727,1268.4545454545455
813.7373737373738,1268.2525252525252
814.7474747474747,1268.050505050505
815.7575757575758,1267.8484848484848
816.7676767676768,1267.6464646464647
817.7777777777778,1267.4444444444443
818.7878787878788,1267.2424242424242
819.7979797979798,1267.040404040404
820.8080808080808,1266.8383838383838
821.8181818181819,1266.6363636363637
822.8282828282828,1266.4343434343434
823.8383838383838,1266.2323232323233
824.8484848484849,1266.030303030303
825.8585858585859,1265.828282828283
826.8686868686868,1265.6262626262626
827.8787878787879,1265.4242424242425
828.8888888888889,1265.2222222222222
829.89898989899,1265.020202020202
830.9090909090909,1264.8181818181818
831.9191919191919,1264.6161616161617
832.929292929293,1264.4141414141413
833.939393939394,1264.2121212121212
834.9494949494949,1264.010101010101
835.959595959596,1263.8080808080808
836.969696969697,1263.6060606060605
837.979797979798,1263.4040404040404
838.989898989899,1263.20202020202
840.0,1263.0
840.9930019512915,1262.7511292903478
841.976357035229,1262.5062237562745
842.9500535475845,1262.2652548000665
844.8684244656606,1261.795012069129
846.7480227709655,1261.3401716518617
848.5887578899551,1260.900503561934
850.3905406132743,1260.4757772804326
852.1532830988884,1260.065761763949
853.8768988751666,1259.6702254526945
855.5613028439182,1259.2889362786248
857.2064112833781,1258.9216616735887
858.8121418511472,1258.56816857749
860.3784135870819,1258.2282234464697
861.9051469161363,1257.9015922611027
863.3922636511555,1257.588040534614
864.8396869956201,1257.2873333211085
866.2473415463419,1256.9992352238182
867.6151532961105,1256.723510403366
868.9430496362917,1256.4599225860434
870.2309593593761,1256.208235072105
871.4788126614777,1255.9682107440763
872.6865411447858,1255.7396120750775
873.8540778199646,1255.5222011371623
874.9813571085053,1255.3157396096676
876.0683148450277,1255.1199887875812
877.114888279533,1254.934709589919
878.1210160796062,1254.7596625681194
879.5542415448999,1254.5157526896005
880.8961336577028,1254.293514735192
882.1465034267852,1254.0921361712797
883.3051690893525,1253.9108028167734
884.3719561253996,1253.7486989074134
885.6511284817616,1253.5610600332313
886.7662881717572,1253.4042124691089
887.9290588810976,1253.2484889370407
888.9844847933425,1253.115751216676
889.979247692782,1253.0021166327401
891.0058822388945,1252.9092886752105
892.9869390476719,1252.7297398475303
894.927054813691,1252.5527303099973
896.826232607384,1252.378309092096
898.6844755578968,1252.2065252195998
900.5017868530941,1252.0374277144972
902.2781697395446,1251.8710655949244
904.0136275225123,1251.707487875096
905.7081635659702,1251.5467435652301
907.3617812925764,1251.3888816714834
908.9744841836755,1251.2339511958778
910.5462757792986,1251.0820011362305
912.0771596781562,1250.9330804860833
913.5671395376286,1250.787238234634
915.0162190737583,1250.644523366666
916.4244020612574,1250.5049848624749
917.7916923334956,1250.368671697802
919.1180937824826,1250.2356328437634
920.403610358885,1250.1059172667767
921.648246072002,1249.9795739284955
922.8520049897728,1249.8566517857344
924.0148912387559,1249.737199790403
925.1369090041453,1249.6212668894327
926.2180625297376,1249.508902024708
927.258356117945,1249.400154132996
928.2577941297876,1249.2950721458758
929.680356625792,1249.1444297611777
931.0110191962087,1249.0023108485682
932.249797300981,1248.868880484324
933.3967066965696,1248.7443037166834
934.4517634359148,1248.628745565312
935.7156521461391,1248.4889821534082
936.8163159184784,1248.3659361567743
937.9626723685902,1248.2362330448045
939.0018467763338,1248.1169499055543
940.0,1248.0
940.9834720050151,1247.7821944171865
942.9232516137401,1247.3618022578971
944.8266095651157,1246.961336001447
946.6933075756383,1246.580353776014
948.5231127223918,1246.2184108607296
950.3157974771075,1245.8750597507096
952.0711397394333,1245.5498502224884
953.7889228694115,1245.2423293998531
955.4689357191559,1244.9520418200668
957.1109726637269,1244.6785295004659
958.7148336311996,1244.4213320054312
960.2803241319186,1244.1799865137127
961.8072552869378,1243.9540278861073
963.2954438556384,1243.7429887334713
964.7447122625238,1243.546399485067
966.154888623185,1243.3637884572238
967.5258067694353,1243.1946819223099
968.8573062736069,1243.0386041780043
970.1492324720105,1242.8950776168545
971.4014364875502,1242.763622796116
972.6137752514933,1242.6437585078575
973.7861115243905,1242.5350018493264
974.9183139161439,1242.43686829356
976.0102569052187,1242.3488717602368
977.0618208569988,1242.270524686751
978.0728920412788,1242.2013380995095
979.5133406690238,1242.1136612218586
980.8621005964122,1242.0438318573317
982.1188631947576,1241.9901840547427
983.283350102541,1241.951046539163
984.3553133169918,1241.924743261772
985.6403002173997,1241.906731883979
986.759985993822,1241.9045565996626
987.9266379649712,1241.9180094803708
988.9844022347907,1241.9475332148688
989.9948261450684,1241.9995965840606
991.0052289252247,1242.0029769016087
992.9855762949692,1242.0158438931512
994.9257051761626,1242.0376121693475
996.8255332918382,1242.0679014776672
998.6849819601065,1242.1063308054518
1000.5039761011756,1242.1525184139025
1002.2824442440483,1242.2060818721334
1004.0203185328974,1242.2666380912876
1005.7175347331199,1242.33380335871
1007.3740322370659,1242.407193372178
1008.9897540694453,1242.486423274182
1010.5646468924118,1242.5711076862597
1012.0986610103189,1242.6608607433711
1013.5917503741548,1242.7552961283232
1015.0438725856493,1242.8540271062284
1016.4549889010558,1242.9566665590078
1017.8250642346085,1243.0628270199204
1019.1540671616517,1243.1721207081305
1020.4419699214424,1243.2841595632985
1021.6887484196278,1243.3985552801998
1022.8943822303945,1243.514919343362
1024.05885459829,1243.6328630617245
1025.1821524397174,1243.7519976033116
1026.2642663441038,1243.8719340299192
1027.3051905747384,1243.99228333181
1028.3049230692839,1244.1126564624146
1029.7272918374051,1244.2924098011017
1031.057004630208,1244.4700285371734
1032.2941009870542,1244.644200233774
1033.438639036543,1244.8136131459103
1034.4906954848448,1244.9769564837345
1035.7497444799676,1245.183042791968
1036.8448303326604,1245.3729108363361
1037.9836312988382,1245.582725830194
1039.013829758175,1245.7861867745607
1039.994991289542,1245.9988062449877
1041.018809937414,1246.1423802063453
1042.0271456266069,1246.2863483944968
1043.0249978293402,1246.4318423722016
1044.9892166632278,1246.7271586732115
1046.9113999119309,1247.027830560955
1048.7914869703247,1247.3333587325096
1050.629423163842,1247.6432432007946
1052.4251597561772,1247.9569833650098
1054.1786539561515,1248.2740780811596
1055.8898689237426,1248.5940257326556
1057.5587737752726,1248.9163243009848
1059.1853435877613,1249.240471436434
1060.7695594024353,1249.5659645288629
1062.3114082274014,1249.8923007785093
1063.8108830394744,1250.2189772668278
1065.267982785167,1250.545491027339
1066.6827123808405,1250.8713391164893
1068.055082712009,1251.196018684505
1069.385110631808,1251.5190270462354
1070.672818958619,1251.839861751971
1071.9182364728556,1252.1580206582294
1073.1213979129088,1252.4730019984981
1074.282343970252,1252.7843044539236
1075.4011212837095,1253.0914272239372
1076.4777824328853,1253.39387009681
1077.5123859307564,1253.6911335201212
1078.5049962154285,1253.9827186711377
1079.9153298826543,1254.4083604483035
1081.2316008517714,1254.8184286833516
1082.4541012890468,1255.2112512305966
1083.5831530839325,1255.5851614108549
1084.6191077470307,1255.9384985397442
1085.8562256596938,1256.3747541445239
1086.9295026889838,1256.767594258327
1088.04234675737,1257.1916878256359
1089.0453274391646,1257.5924894393527
1089.9807161539195,1257.991221703447
1091.0437121931682,1258.3452802186728
1092.0760503866313,1258.690723096016
1093.0970137325144,1259.036250752543
1094.1066019169723,1259.3817853037942
1095.1048151594348,1259.7272488649853
1096.091654212596,1260.0725635546612
1097.0671203623792,1260.417651498345
1098.0312154278772,1260.7624348321906
1098.9839417612648,1261.1068357066317
1099.9253022476914,1261.4507762900323
1101.7739398842866,1262.136965368708
1103.5771620725548,1262.8203799123548
1105.3350110637068,1263.5003982853914
1107.0475376173488,1264.1763994890862
1108.714800991964,1264.8477632780105
1110.3368689338008,1265.5138702763431
1111.9138176641684,1266.1741020940187
1113.4457318651437,1266.8278414426875
1114.932704663693,1267.4744722514695
1116.3748376142066,1268.11337978248
1117.772240679458,1268.7439507461058
1119.125032209981,1269.365573416009
1120.4333389218782,1269.9776377438393
1121.6972958730585,1270.5795354736285
1122.9170464379115,1271.1706602558527
1124.0927422804214,1271.7504077611334
1125.2245433257274,1272.3181757935638
1126.3126177301338,1272.8733644036304
1127.357141849578,1273.4153760007175
1128.3583002065595,1273.9436154651657
1129.3162854555394,1274.4574902598715
1130.2312983468116,1274.9564105413974
1131.5237034753845,1275.675467897202
1132.7206310137349,1276.3575885965915
1133.822859761094,1277.000819376895
1134.8312084712893,1277.6032233835815
1135.7465355073036,1278.1628809874449
1136.823828203741,1278.8393127138402
1137.7395842388669,1279.431917372654
1138.660719169742,1280.0481064737655
1139.541788822824,1280.6631815551332
1141.0325517856913,1281.6332211545698
1142.052924875917,1282.263573263314
1143.0611382931115,1282.8909767549985
1144.057211576675,1283.515352186875
1145.0411647850237,1284.1366202456516
1146.013018494735,1284.7547017508828
1146.9727937996647,1285.3695176583553
1147.9205123100476,1285.9809890634674
1148.856196151572,1286.5890372046022
1149.7798679644357,1287.1935834664948
1150.6915509023752,1287.7945493835928
1151.591268631679,1288.3918566434122
1152.4790453301734,1288.9854270898836
1153.3549056861905,1289.575182726695
1154.218874897511,1290.1610457206261
1155.0709786702887,1290.7429384048748
1155.9112432179506,1291.3207832823791
1156.7396952600761,1291.894503029129
1158.3612712299246,1293.0292587194172
1159.9359304155753,1294.1465904701422
1161.4639046758634,1295.2458862553199
1162.9454338530668,1296.3265371332411
1164.3807657318928,1297.3879373506038
1165.7701559971042,1298.4294844461006
1167.1138681897953,1299.4505793534458
1168.4121736623258,1300.4506265038178
1169.6653515319172,1301.4290339277065
1170.8736886329207,1302.385213356144
1172.0374794677675,1303.3185803213023
1173.1570261566078,1304.2285542564416
1174.2326383856441,1305.1145585951913
1175.2646333541747,1305.9760208701468
1176.2533357203483,1306.812372810765
1177.1990775456477,1307.6230504405428
1178.1021982381033,1308.407494173461
1178.9630444942525,1309.1651489096773
1179.7819702398515,1309.8954641304522
1180.5593365693535,1310.597893992291
1181.6482695268185,1311.598071462385
1182.6457962309976,1312.5324850724044
1183.553224180072,1313.3993546022964
1184.3718955384963,1314.196925820176
1185.1031866205885,1314.9234711572806
1185.9447582213666,1315.7787788998608
1186.6369307568643,1316.5008464621596
1187.4028275125606,1317.3257012580286
1188.9612275766128,1318.8766871411758
1189.9096795778742,1319.7488079285947
1190.8453935327768,1320.6162586956805
1191.7684078116233,1321.478936084191
1192.6787616233637,1322.3367370511037
1193.5764950130056,1323.1895588754198
1194.4616488589695,1324.0372991649476
1195.3342648703906,1324.8798558630638
1196.1943855843633,1325.7171272554535
1197.0420543631324,1326.549011976827
1197.87731539123,1327.3754090176135
1198.700213672558,1328.1962177306318
1199.5107950274141,1329.0113378377362
1200.309106089469,1329.820669436439
1201.0951943026848,1330.624113006507
1201.869107918182,1331.4215694165352
1202.6308959910546,1332.2129399304915
1203.380608377129,1332.998126214237
1204.1182957296726,1333.7770303420202
1204.8440094960486,1334.5495548029446
1205.5578019143184,1335.3156025074056
1206.2597260097928,1336.0750767935046
1206.9498355915287,1336.8278814334308
1207.6281852487768,1337.5739206398155
1208.949827026105,1339.0453218426255
1210.2251035213924,1340.48852315147
1211.4544791613307,1341.9027747646944
1212.6384304970077,1343.2873345275098
1213.7774460780336,1344.6414681280264
1214.8720263234911,1345.9644492912191
1215.9226833897546,1347.2555599707664
1216.9299410352073,1348.5140905387175
1217.894334481894,1349.7393399729376
1218.8164102741453,1350.9306160422755
1219.6967261342127,1352.0872354894136
1220.5358508149488,1353.2085242113455
1221.3343639495765,1354.2938174374342
1222.0928558985815,1355.342459905009
1222.8119275937734,1356.3538060324465
1223.4921903795532,1357.3272200896986
1224.1342658514318,1358.2620763662146
1224.7387856918383,1359.1577593362192
1225.3063915032662,1360.0136638212991
1226.0900138748314,1361.2216379582223
1226.7942860126252,1362.3368131307539
1227.4214936169424,1363.3572826272577
1227.9739681879787,1364.281196020234
1228.5984623043148,1365.3597914718182
1229.1000765531205,1366.2594626668674
1229.6349943804312,1367.2650100584574
1230.7436930894862,1368.2945681801566
1232.2324695396353,1368.9376519059663
1233.7182128548636,1369.6526087586606
1235.1950798758885,1370.4389529889283
1236.6572864108703,1371.2957246032493
1238.0991456612462,1372.2214957413714
1239.5151060005558,1373.2143801619434
1240.8997878552832,1374.2720457732878
1242.2480194427126,1375.3917301260694
1243.5548711283716,1376.5702587649384
1244.8156881748291,1377.8040663172303
1246.0261216642784,1379.089220178628
1247.1821573894877,1380.421446638438
1248.2801425211824,1381.7961592709191
1249.3168098747033,1383.2084894040545
1250.2892996147334,1384.65331846336
1251.1951782538972,1386.1253119758535
1252.032454819028,1387.6189550082954
1252.7995940777002,1389.1285888042682
1253.495526737161,1390.648448376711
1254.1196565479122,1392.1727008061725
1254.671864264743,1393.6954839903526
1255.152508438906,1395.2109455875152
1255.5624230361718,1396.713281895059
1255.902911896586,1398.1967764049643
1256.1757400727333,1399.6558377799884
1256.3831221040514,1401.0850369983152
1256.5277073050916,1402.4791434199074
1256.6125621654594,1403.8331595349555
1256.6411499783574,1405.1423541635866
1256.617307833061,1406.4022938862759
1256.5452211241757,1407.6088724961605
1256.4293957470122,1408.7583382776013
1256.2746281637976,1409.8473189297663
1256.0859735395768,1410.87284396967
1255.751056975771,1412.286695963373
1255.3704041406663,1413.545402544749
1254.9632825664391,1414.6445431168138
1254.5493551479026,1415.5820805145238
1254.021003775301,1416.5817462153814
1253.463123211037,1417.4408401942849
1252.6049774618034,1418.838244582943
1251.7944446546169,1420.486727854873
1250.9579928588782,1422.0968901573847
1250.0973438317583,1423.6676217021281
1249.21426676953,1425.197890005456
1248.3105748390278,1426.6867419126252
1247.3881216229033,1428.133305466475
1246.4487974856418,1429.5367916169128
1245.4945258674693,1430.8964957678627
1244.5272595134154,1432.2117991586385
1243.5489766449193,1433.4821700770337
1242.5616770814934,1434.707164901753
1241.5673783200414,1435.8864289721414
1240.5681115795182,1437.0196972835006
1239.565917818691,1438.1067950066372
1238.5628437348023,1439.147637830617
1237.560937750983,1440.1422321280586
1236.5622460002833,1441.0906749426406
1235.5688083141927,1441.9931537988443
1234.5826542235134,1442.8499463343098
1233.605798979428,1443.661419755522
1232.640239602567,1444.4280301178956
1231.68795096781,1445.15032143167
1230.7508819325117,1445.8289245953692
1229.8309515157314,1446.4645561589118
1228.9300451359613,1447.058016918804
1228.050010914731,1447.6101903481624
1226.7730360701632,1448.3631680822534
1225.5529874428653,1449.0290240528623
1224.3955220531122,1449.6117287500997
1223.3060209125736,1450.115619383151
1222.2895652926322,1450.5453807520375
1221.3509143146346,1450.9060245864132
1220.2279898060322,1451.2885969727135
1219.2606499448095,1451.5711468228635
1218.2826930465344,1451.8053043682605
1217.2820315411939,1451.974083269002
1215.9947025936556,1452.030323366849
1214.0147444139475,1452.090942986325
1212.0756350190272,1452.1514852965588
1210.1773742855657,1452.2119009083856
1208.319962030519,1452.2721404328279
1206.5033980111207,1452.3321544811638
1204.727681924904,1452.391893665001
1202.9928134096735,1452.4513085963501
1201.2987920435326,1452.5103498876954
1199.6456173448612,1452.5689681520666
1198.033288772338,1452.627114003113
1196.4618057249209,1452.6847380551735
1194.9311675418583,1452.7417909233504
1193.4413735026965,1452.7982232235804
1191.9924228272664,1452.8539855727086
1190.5843146756918,1452.9090285885582
1189.217048148396,1452.9633028900041
1187.8906222860928,1453.0167590970455
1186.60503606979,1453.0693478308776
1185.3602884208012,1453.1210197139633
1184.1563782007318,1453.1717253701058
1182.9933042114933,1453.221415424521
1181.8710651953013,1453.2700405039093
1180.7896598346751,1453.3175512365283
1179.7490867524327,1453.3638982522646
1178.749344511718,1453.409032182705
1177.3262856884628,1453.4743505544163
1175.995087574722,1453.536661805163
1174.755744565676,1453.5957993402906
1173.6082507543713,1453.6515965755839
1172.5525999317529,1453.7038869378152
1171.2879210755334,1453.7678644022376
1170.1864907642898,1453.8249165381394
1169.0392448114126,1453.8858916090262
1167.9991636934312,1453.942878669053
1167.0,1454.0
1165.9956898669589,1454.0701668828535
1164.0175865901772,1454.2074688852313
1162.0801766826335,1454.3407695349945
1160.183464952518,1454.4701180363797
1158.3274561485252,1454.5955635994
1156.512154959842,1454.7171554397755
1154.7375660161583,1454.8349427788587
1153.003693887635,1454.948974843564
1151.3105430849225,1455.0593008662959
1149.6581180591324,1455.1659700848763
1148.0464232018503,1455.2690317424726
1146.4754628451115,1455.3685350875269
1144.9452412614046,1455.464529373682
1143.4557626636702,1455.557063859711
1142.0070312052815,1455.6461878094442
1140.599050980046,1455.7319504916984
1139.2318260222041,1455.814401180204
1137.9053603064112,1455.8935891535325
1136.6196577477383,1455.9695636950255
1135.3747222016725,1456.0423740927217
1134.1705574640969,1456.1120696392863
1133.0071672712995,1456.1786996319374
1131.8845552999617,1456.2423133723742
1130.8027251671517,1456.3029601667051
1129.761680430312,1456.360689325377
1128.7614245872796,1456.4155501631008
1127.3375275033634,1456.4925712041413
1126.0054245048186,1456.563415960161
1124.7651266420621,1456.6282509200867
1123.6166446635407,1456.6872425926122
1122.55998901571,1456.7405575056512
1121.2939732675004,1456.8031014025303
1120.191245539778,1456.8562441944118
1119.0424934734053,1456.910053963353
1118.0008764313716,1456.9571364520864
1117.0,1457.0
1115.989898989899,1457.040404040404
1114.979797979798,1457.080808080808
1113.969696969697,1457.121212121212
1112.9595959595958,1457.1616161616162
1111.949494949495,1457.20202020202
1110.939393939394,1457.2424242424242
1109.9292929292928,1457.2828282828282
1108.919191919192,1457.3232323232323
1107.909090909091,1457.3636363636363
1106.8989898989898,1457.4040404040404
1105.888888888889,1457.4444444444443
1104.878787878788,1457.4848484848485
1103.8686868686868,1457.5252525252524
1102.858585858586,1457.5656565656566
1101.8484848484848,1457.6060606060605
1100.8383838383838,1457.6464646464647
1099.828282828283,1457.6868686868686
1098.8181818181818,1457.7272727272727
1097.8080808080808,1457.7676767676767
1096.79797979798,1457.8080808080808
1095.7878787878788,1457.8484848484848
1094.7777777777778,1457.888888888889
1093.7676767676767,1457.9292929292928
1092.7575757575758,1457.969696969697
1091.7474747474748,1458.010101010101
1090.7373737373737,1458.050505050505
1089.7272727272727,1458.090909090909
1088.7171717171718,1458.1313131313132
1087.7070707070707,1458.171717171717
1086.6969696969697,1458.2121212121212
1085.6868686868686,1458.2525252525252
1084.6767676767677,1458.2929292929293
1083.6666666666667,1458.3333333333333
1082.6565656565656,1458.3737373737374
1081.6464646464647,1458.4141414141413
1080.6363636363637,1458.4545454545455
1079.6262626262626,1458.4949494949494
1078.6161616161617,1458.5353535353536
1077.6060606060605,1458.5757575757575
1076.5959595959596,1458.6161616161617
1075.5858585858587,1458.6565656565656
1074.5757575757575,1458.6969696969697
1073.5656565656566,1458.7373737373737
1072.5555555555557,1458.7777777777778
1071.5454545454545,1458.8181818181818
1070.5353535353536,1458.858585858586
1069.5252525252524,1458.8989898989898
1068.5151515151515,1458.939393939394
1067.5050505050506,1458.979797979798
1066.4949494949494,1459.020202020202
1065.4848484848485,1459.060606060606
1064.4747474747476,1459.1010101010102
1063.4646464646464,1459.141414141414
1062.4545454545455,1459.1818181818182
1061.4444444444443,1459.2222222222222
1060.4343434343434,1459.2626262626263
1059.4242424242425,1459.3030303030303
1058.4141414141413,1459.3434343434344
1057.4040404040404,1459.3838383838383
1056.3939393939395,1459.4242424242425
1055.3838383838383,1459.4646464646464
1054.3737373737374,1459.5050505050506
1053.3636363636363,1459.5454545454545
1052.3535353535353,1459.5858585858587
1051.3434343434344,1459.6262626262626
1050.3333333333333,1459.6666666666667
1049.3232323232323,1459.7070707070707
1048.3131313131314,1459.7474747474748
1047.3030303030303,1459.7878787878788
1046.2929292929293,1459.828282828283
1045.2828282828282,1459.8686868686868
1044.2727272727273,1459.909090909091
1043.2626262626263,1459.949494949495
1042.2525252525252,1459.989898989899
1041.2424242424242,1460.030303030303
1040.2323232323233,1460.0707070707072
1039.2222222222222,1460.111111111111
1038.2121212121212,1460.1515151515152
1037.20202020202,1460.1919191919192
1036.1919191919192,1460.2323232323233
1035.1818181818182,1460.2727272727273
1034.171717171717,1460.3131313131314
1033.1616161616162,1460.3535353535353
1032.1515151515152,1460.3939393939395
1031.141414141414,1460.4343434343434
1030.1313131313132,1460.4747474747476
1029.121212121212,1460.5151515151515
1028.111111111111,1460.5555555555557
1027.1010101010102,1460.5959595959596
1026.090909090909,1460.6363636363637
1025.080808080808,1460.6767676767677
1024.0707070707072,1460.7171717171718
1023.060606060606,1460.7575757575758
1022.0505050505051,1460.79797979798
1021.040404040404,1460.8383838383838
1020.030303030303,1460.878787878788
1019.020202020202,1460.919191919192
1018.010101010101,1460.959595959596
1017.0,1461.0
1015.9945987926379,1461.0204640277655
1014.0144198715782,1461.0625600185283
1012.0750753186454,1461.1061310652237
1010.1765685775118,1461.1510785340226
1008.3189028536038,1461.1973037830658
1006.5020811140818,1461.2447081630396
1004.7261060878263,1461.2931930177508
1002.9909802654198,1461.3426596847041
1001.296705899131,1461.393009495675
999.6432850029046,1461.4441437772873
998.0307193523485,1461.4959638515884
996.4590104847206,1461.5483710366248
994.9281596989255,1461.601266647017
993.4381680555016,1461.654551994537
991.9890363766174,1461.7081283886835
990.5807652460667,1461.7618971372556
989.2133550092643,1461.815759546932
987.8868057732454,1461.8696169238435
986.6011174066629,1461.9233705741512
985.3562895397906,1461.9769218046213
984.1523215645228,1462.0301719232002
982.989212634381,1462.0830222395916
981.8669616645141,1462.135374065832
980.7855673317107,1462.1871287168642
979.7450280744021,1462.2381875111178
978.7453420926731,1462.2884517710793
977.322408487951,1462.3621425637152
975.991382226847,1462.4334906430731
974.7522542184387,1462.5021630415347
973.6050141655093,1462.5678268266038
972.5496505646862,1462.6301491052768
971.2853958819097,1462.7074722900513
970.1844209200799,1462.7774744524086
969.0377571829553,1462.8534804966312
967.998332949474,1462.925793315687
967.0,1463.0
965.9935109085892,1463.0510070484322
964.0112463269256,1463.1541373898788
962.0699374683755,1463.2586334681
960.1695889748022,1463.3643481494807
958.3102049594926,1463.4711342846795
956.4917890071038,1463.578844710529
954.7143441736171,1463.687332251934
952.9778729862991,1463.7964497237708
951.2823774436681,1463.906049932787
949.6278590154689,1464.0159856795005
948.0143186426533,1464.1261097600993
946.441756737369,1464.2362749683411
944.9101731829531,1464.3463340974527
943.4195673339349,1464.4561399420297
941.9699380160428,1464.5655452999363
940.56128352622,1464.6744029742053
939.1936016326471,1464.7825657749365
937.8668895747705,1464.889886521197
936.5811440633372,1464.9962180429204
935.3363612804387,1465.1014131828056
934.1325368795593,1465.205324798216
932.9696659856321,1465.3078057630787
931.847743195103,1465.4087089697823
930.7667625759995,1465.507887331076
929.7267176680059,1465.6051937819677
928.7276014825505,1465.7004812816206
927.3056519718585,1465.8393054102821
925.975747453752,1465.9727600669744
924.7378576589889,1466.100349352629
923.5919496466537,1466.221577538481
922.537987805115,1466.3359490804594
921.2756661769066,1466.4769224579393
920.1766379246357,1466.603652103481
919.0323207963479,1466.7402472710048
917.9953917445002,1466.8691422939742
917.0,1467.0
915.9926694981434,1467.121350238571
914.9956254782078,1467.242059029651
913.0323938079722,1467.4815036418559
911.1102986947359,1467.718236598335
909.2293336144012,1467.9521606774488
907.3894918130985,1468.1831786732496
905.590766307223,1468.411193396024
903.833149883476,1468.6361076728365
902.1166350989013,1468.8578243480727
900.4412142809314,1469.0762462839805
898.8068795274273,1469.2912763612146
897.2136227067228,1469.5028174793783
895.6614354576733,1469.7107725575652
894.1503091896966,1469.915044534903
892.6802350828254,1470.1155363710945
891.2512040877562,1470.3121510469603
889.8632069258967,1470.504791564981
888.5162340894233,1470.6933609498378
887.2102758413282,1470.8777622489563
885.9453222154762,1471.0578985330467
884.721363016663,1471.2336728966452
883.5383878206662,1471.4049884586566
882.3963859743111,1471.5717483628935
881.2953465955231,1471.73385577862
880.2352585733931,1471.8912139010902
879.2161105682377,1472.0437259520902
877.7641257239461,1472.2631960089982
876.40418982751,1472.4712183034635
875.1362617140533,1472.6674665613393
873.9602990622002,1472.8516146564746
872.876258394609,1473.0233366148118
871.8840950785167,1473.1823066184845
870.7040516762497,1473.3738674081044
869.6871525290981,1473.5414076556208
868.6452740964278,1473.715879657602
867.6141486954058,1473.8921985742052
865.9933718408514,1474.17133093025
864.997010115126,1474.341214343312
864.0109139741683,1474.5096442332601
862.0695150351489,1474.8421194265036
860.1691681658639,1475.1687084803632
858.309866452208,1475.4893633732765
856.4916029238939,1475.8040360918033
854.7143705544714,1476.1126786306909
852.9781622613378,1476.4152429929386
851.2829709057401,1476.7116811898654
849.6287892927951,1477.0019452411734
848.0156101714927,1477.2859871750147
846.443426234705,1477.5637590280576
844.9122301191968,1477.8352128455517
843.4220144056412,1478.1003006813926
841.972771618623,1478.3589745981892
840.5644942266518,1478.6111866673282
839.1971746421749,1478.8568889690391
837.870805221577,1479.096033592463
836.5853782652101,1479.3285726357128
835.3408860173863,1479.5544582059435
834.1373206663876,1479.773642419417
832.9746743444989,1479.9860774015638
831.8529391279911,1480.1917152870537
830.7721070371509,1480.390508219858
829.7321700362834,1480.5824083533157
828.7331200337193,1480.7673678502017
827.3111903134771,1481.0316887814138
825.9812102599234,1481.2801242920273
824.7431518556768,1481.5125130527947
823.5969868002937,1481.7286937838833
822.542686510366,1481.928505255369
821.2798036036279,1482.1691786834097
820.1801152792182,1482.3800827558382
819.0348903783032,1482.6012681316615
817.9968689684839,1482.803454665286
817.0050835174814,1482.9989843272867
815.9970018414236,1483.2105343701235
815.0041227242571,1483.4186415432964
814.0213640666984,1483.6243274399005
812.0862137851727,1484.0284590851359
810.1915622717501,1484.422976677549
808.3374207459158,1484.8079276020171
806.5238003717052,1485.183359256511
804.7507122576984,1485.5493190520292
803.0181674570059,1485.9058544125328
801.3261769672458,1486.2530127748823
799.6747517305391,1486.5908415887704
798.0639026334883,1486.9193883166588
796.4936405071618,1487.2387004337122
794.9639761270787,1487.548825427735
793.4749202132012,1487.849810799103
792.0264834299115,1488.1417040607023
790.6186763860012,1488.4245527378614
789.2515096346588,1488.6984043682874
787.9249936734448,1488.9633065020016
786.6391389442965,1489.2193067012718
785.3939558334966,1489.4664525405499
784.1894546716576,1489.7047916064073
783.0256457337299,1489.934371497465
781.9025392389608,1490.1552398243352
780.8201453508983,1490.36744420955
779.7784741773704,1490.5710322875009
778.7775357704656,1490.7660517043707
777.3525239492974,1491.0426188450172
776.0192168341688,1491.3001746258376
774.777647645109,1491.5388799999503
773.6278493196509,1491.7588959785207
772.56985451274,1491.960383630265
771.3020561547864,1492.2004904880032
770.1975975222277,1492.4083266343173
769.0468349812601,1492.623323496051
768.003166323915,1492.8166016027128
767.0051205603285,1492.999077268358
765.9933718408514,1493.17133093025
764.997010115126,1493.341214343312
764.0109139741683,1493.5096442332601
762.0695150351489,1493.8421194265036
760.1691681658639,1494.1687084803632
758.309866452208,1494.4893633732765
756.4916029238939,1494.8040360918033
754.7143705544714,1495.1126786306909
752.9781622613378,1495.4152429929386
751.2829709057401,1495.7116811898654
749.6287892927951,1496.0019452411734
748.0156101714927,1496.2859871750147
746.443426234705,1496.5637590280576
744.9122301191968,1496.8352128455517
743.4220144056412,1497.1003006813926
741.972771618623,1497.3589745981892
740.5644942266518,1497.6111866673282
739.1971746421749,1497.8568889690391
737.870805221577,1498.096033592463
736.5853782652101,1498.3285726357128
735.3408860173863,1498.5544582059435
734.1373206663876,1498.773642419417
732.9746743444989,1498.9860774015638
731.8529391279911,1499.1917152870537
730.7721070371509,1499.390508219858
729.7321700362834,1499.5824083533157
728.7331200337193,1499.7673678502017
727.3111903134771,1500.0316887814138
725.9812102599234,1500.2801242920273
724.7431518556768,1500.5125130527947
723.5969868002937,1500.7286937838833
722.542686510366,1500.928505255369
721.2798036036279,1501.1691786834097
720.1801152792182,1501.3800827558382
719.0348903783032,1501.6012681316615
717.9968689684839,1501.803454665286
717.0050835174814,1501.9989843272867
715.989898989899,1502.20202020202
714.979797979798,1502.4040404040404
713.969696969697,1502.6060606060605
712.959595959596,1502.8080808080808
711.9494949494949,1503.010101010101
710.939393939394,1503.2121212121212
709.929292929293,1503.4141414141413
708.9191919191919,1503.6161616161617
707.9090909090909,1503.8181818181818
706.89898989899,1504.020202020202
705.8888888888889,1504.2222222222222
704.8787878787879,1504.4242424242425
703.8686868686868,1504.6262626262626
702.8585858585859,1504.828282828283
701.8484848484849,1505.030303030303
700.8383838383838,1505.2323232323233
699.8282828282828,1505.4343434343434
698.8181818181819,1505.6363636363637
697.8080808080808,1505.8383838383838
696.7979797979798,1506.040404040404
695.7878787878788,1506.2424242424242
694.7777777777778,1506.4444444444443
693.7676767676768,1506.6464646464647
692.7575757575758,1506.8484848484848
691.7474747474747,1507.050505050505
690.7373737373738,1507.2525252525252
689.7272727272727,1507.4545454545455
688.7171717171717,1507.6565656565656
687.7070707070707,1507.858585858586
686.6969696969697,1508.060606060606
685.6868686868687,1508.2626262626263
684.6767676767677,1508.4646464646464
683.6666666666666,1508.6666666666667
682.6565656565657,1508.8686868686868
681.6464646464647,1509.0707070707072
680.6363636363636,1509.2727272727273
679.6262626262626,1509.4747474747476
678.6161616161617,1509.6767676767677
677.6060606060606,1509.878787878788
676.5959595959596,1510.080808080808
675.5858585858585,1510.2828282828282
674.5757575757576,1510.4848484848485
673.5656565656566,1510.6868686868686
672.5555555555555,1510.888888888889
671.5454545454545,1511.090909090909
670.5353535353536,1511.2929292929293
669.5252525252525,1511.4949494949494
668.5151515151515,1511.6969696969697
667.5050505050505,1511.8989898989898
666.4949494949495,1512.1010101010102
665.4848484848485,1512.3030303030303
664.4747474747475,1512.5050505050506
663.4646464646464,1512.7070707070707
662.4545454545455,1512.909090909091
661.4444444444445,1513.111111111111
660.4343434343434,1513.3131313131314
659.4242424242424,1513.5151515151515
658.4141414141415,1513.7171717171718
657.4040404040404,1513.919191919192
656.3939393939394,1514.121212121212
655.3838383838383,1514.3232323232323
654.3737373737374,1514.5252525252524
653.3636363636364,1514.7272727272727
652.3535353535353,1514.9292929292928
651.3434343434343,1515.1313131313132
650.3333333333334,1515.3333333333333
649.3232323232323,1515.5353535353536
648.3131313131313,1515.7373737373737
647.3030303030303,1515.939393939394
646.2929292929293,1516.141414141414
645.2828282828283,1516.3434343434344
644.2727272727273,1516.5454545454545
643.2626262626262,1516.7474747474748
642.2525252525253,1516.949494949495
641.2424242424242,1517.1515151515152
640.2323232323232,1517.3535353535353
639.2222222222222,1517.5555555555557
638.2121212121212,1517.7575757575758
637.2020202020202,1517.959595959596
636.1919191919192,1518.1616161616162
635.1818181818181,1518.3636363636363
634.1717171717172,1518.5656565656566
633.1616161616162,1518.7676767676767
632.1515151515151,1518.969696969697
631.1414141414141,1519.171717171717
630.1313131313132,1519.3737373737374
629.1212121212121,1519.5757575757575
628.1111111111111,1519.7777777777778
627.10101010101,1519.979797979798
626.0909090909091,1520.1818181818182
625.0808080808081,1520.3838383838383
624.070707070707,1520.5858585858587
623.060606060606,1520.7878787878788
622.0505050505051,1520.989898989899
621.040404040404,1521.1919191919192
620.030303030303,1521.3939393939395
619.020202020202,1521.5959595959596
618.010101010101,1521.79797979798
617.0,1522.0
615.989898989899,1522.20202020202
614.979797979798,1522.4040404040404
613.969696969697,1522.6060606060605
612.959595959596,1522.8080808080808
611.9494949494949,1523.010101010101
610.939393939394,1523.2121212121212
609.929292929293,1523.4141414141413
608.9191919191919,1523.6161616161617
607.9090909090909,1523.8181818181818
606.89898989899,1524.020202020202
605.8888888888889,1524.2222222222222
604.8787878787879,1524.4242424242425
603.8686868686868,1524.6262626262626
602.8585858585859,1524.828282828283
601.8484848484849,1525.030303030303
600.8383838383838,1525.2323232323233
599.8282828282828,1525.4343434343434
598.8181818181819,1525.6363636363637
597.8080808080808,1525.8383838383838
596.7979797979798,1526.040404040404
595.7878787878788,1526.2424242424242
594.7777777777778,1526.4444444444443
593.7676767676768,1526.6464646464647
592.7575757575758,1526.8484848484848
591.7474747474747,1527.050505050505
590.7373737373738,1527.2525252525252
589.7272727272727,1527.4545454545455
588.7171717171717,1527.6565656565656
587.7070707070707,1527.858585858586
586.6969696969697,1528.060606060606
585.6868686868687,1528.2626262626263
584.6767676767677,1528.4646464646464
583.6666666666666,1528.6666666666667
582.6565656565657,1528.8686868686868
581.6464646464647,1529.0707070707072
580.6363636363636,1529.2727272727273
579.6262626262626,1529.4747474747476
578.6161616161617,1529.6767676767677
577.6060606060606,1529.878787878788
576.5959595959596,1530.080808080808
575.5858585858585,1530.2828282828282
574.5757575757576,1530.4848484848485
573.5656565656566,1530.6868686868686
572.5555555555555,1530.888888888889
571.5454545454545,1531.090909090909
570.5353535353536,1531.2929292929293
569.5252525252525,1531.4949494949494
568.5151515151515,1531.6969696969697
567.5050505050505,1531.8989898989898
566.001598444898,1532.2296806393474
565.0131072737099,1532.4561621286502
564.0345321236277,1532.6794619847585
562.1071522798281,1533.1165869078006
560.2195033897574,1533.5411957277363
558.3716294335505,1533.9534289201176
556.5635738946676,1534.3534271150334
554.7953797593535,1534.7413310953514
553.0670895160989,1535.1172817949616
551.3787451551115,1535.4814202970147
549.7303881677897,1535.8338878321624
548.1220595462063,1536.1748257767929
546.5537997825961,1536.504375651265
545.0256488688501,1536.822679118142
543.5376462960152,1537.129877980422
542.089831053803,1537.4261141797672
540.6822416301014,1537.7115297947316
539.3149160104952,1537.9862670389878
537.9878916777902,1538.2504682595488
536.7012056115465,1538.5042759349933
535.4548942876164,1538.7478326736846
534.2489936776884,1538.9812812119908
533.0835392488387,1539.2047644125012
531.9585659630882,1539.4184252622447
530.874108276965,1539.6224068709012
529.8302001410758,1539.816852469018
528.8268749996809,1540.0019054062184
527.3980523143681,1540.2621874382967
526.0607243811418,1540.5021434971106
524.8149976533482,1540.7222588399168
523.6609760107131,1540.923019281415
522.5987607564203,1541.1049111800999
521.3254539499812,1541.3189242556223
520.2157605819693,1541.5014144225781
519.0590576630589,1541.6869609601029
518.0094918397957,1541.8501744301743
517.0051562573855,1541.9992750274025
515.9981109124402,1542.1601575690522
515.0062871901405,1542.318098523167
513.0528463928058,1542.6273787087334
511.1396985660216,1542.9279368204473
509.26686443748287,1543.2198691694805
507.4343645046759,1543.5032721162615
505.64221903475834,1543.7782420699266
503.89044806444707,1544.0448754877666
502.1790713999026,1544.3032688746794
500.508108616615,1544.553518782616
498.87757905929203,1544.795721810031
497.28750184175004,1545.0299746013304
495.7378958468034,1545.2563738463195
494.2287797261583,1545.4750162796508
492.7601719003054,1545.685998680272
491.3320905584128,1545.8894178708729
489.9445536582264,1546.0853707173324
488.5975789259625,1546.2739541281662
487.29118385621047,1546.4552650539729
486.02538571183044,1546.6294004868796
484.800201523857,1546.7964574599891
483.61564809139895,1546.9565330468254
482.4717419815455,1547.1097243607796
481.3684995292708,1547.256128554555
480.3059368373424,1547.3958428196124
479.28406977622654,1547.528964385615
477.8276076370505,1547.716498206291
476.4627975960252,1547.889745747305
475.189690273196,1548.0490356252838
474.00833511036484,1548.1946966361884
472.9187803704541,1548.3270577510916
471.9210731368868,1548.4464481119496
470.7337498932408,1548.586027730099
469.70989811764224,1548.703914716788
468.6601198932386,1548.821958839052
467.62017100026674,1548.9352375194117
466.0004899977827,1549.139759179502
464.03127775710743,1549.4114806000273
462.101850687028,1549.6729661367517
460.2122577584596,1549.924408054277
458.3625470131904,1550.16599885147
456.5527655627626,1550.3979312569743
454.7829595873722,1550.6203982247143
453.0531743347922,1550.833592929394
451.36345411931774,1551.0377087619922
449.7138423207315,1551.2329393252514
448.10438138329334,1551.4194784291612
446.5351128147484,1551.597520086439
445.00607718536094,1551.7672585080038
443.5173141269661,1551.9288880984468
442.06886233204676,1552.0826034514957
440.6607595528312,1552.2285993454784
439.2930426004114,1552.3670707387766
437.96574734388554,1552.4982127652813
436.67890870952044,1552.6222207298388
435.43256067993786,1552.7392901036972
434.226736293321,1552.849616519947
433.06146764264423,1552.9533957689557
431.93678587492485,1553.0508237938045
430.8527211904962,1553.1420966857143
429.80930284230305,1553.2274106794748
428.80655913521997,1553.306962148866
427.3787681086645,1553.4159145170515
426.0426446746054,1553.513007137272
424.79827234343594,1553.5989043899483
423.6457298103741,1553.6742712430416
422.58509095133405,1553.7397732171582
421.313985731896,1553.8129150629047
420.2065373568526,1553.8712835462175
419.05257362878206,1553.925878476238
418.005957993639,1553.9685371378807
417.00513399962347,1553.9998931857701
415.9952958974039,1554.0299944608344
414.0164523838315,1554.0881723020805
412.0783642084302,1554.1439765298442
410.18103421803147,1554.1974565403398
408.3244651995968,1554.2486617331956
406.50865988020786,1554.297641511382
404.73362092707623,1554.344445281137
402.9993509475339,1554.3891224518964
401.30585248901815,1554.4317224362185
399.6531280390895,1554.4722946497134
398.04118002540446,1554.5108885109696
396.4700108157339,1554.5475534414816
394.93962271794436,1554.5823388655774
393.45001797999834,1554.6152942103454
392.0011987899571,1554.6464689055624
390.5931672759654,1554.6759123836212
389.2259255062638,1554.7036740794567
387.8994754891703,1554.7298034304747
386.61381917308927,1554.7543498764785
385.36895844650235,1554.777362859597
384.1648951379655,1554.7988918242108
383.00163101611196,1554.818986216881
381.8791677896399,1554.8376954862756
380.7975071073217,1554.8550690830975
379.7566505579915,1554.8711564600108
378.7565996705486,1554.8860070715698
377.3330371523803,1554.9060722401582
376.00129536943246,1554.9236328864736
374.76137872309266,1554.9388559413248
373.61329131128116,1554.9519083432472
372.5570369284136,1554.962957037949
371.2915551195738,1554.974860313456
370.18934563533384,1554.983894003029
369.04119526105495,1554.9917536954833
368.0001919218699,1554.9971715069562
367.0,1555.0
365.989898989899,1555.0
364.979797979798,1555.0
363.969696969697,1555.0
362.95959595959596,1555.0
361.949494949495,1555.0
360.93939393939394,1555.0
359.92929292929296,1555.0
358.9191919191919,1555.0
357.90909090909093,1555.0
356.8989898989899,1555.0
355.8888888888889,1555.0
354.8787878787879,1555.0
353.8686868686869,1555.0
352.85858585858585,1555.0
351.8484848484849,1555.0
350.83838383838383,1555.0
349.82828282828285,1555.0
348.8181818181818,1555.0
347.80808080808083,1555.0
346.7979797979798,1555.0
345.7878787878788,1555.0
344.77777777777777,1555.0
343.7676767676768,1555.0
342.75757575757575,1555.0
341.74747474747477,1555.0
340.73737373737373,1555.0
339.72727272727275,1555.0
338.7171717171717,1555.0
337.7070707070707,1555.0
336.6969696969697,1555.0
335.6868686868687,1555.0
334.67676767676767,1555.0
333.6666666666667,1555.0
332.65656565656565,1555.0
331.64646464646466,1555.0
330.6363636363636,1555.0
329.62626262626264,1555.0
328.6161616161616,1555.0
327.6060606060606,1555.0
326.5959595959596,1555.0
325.5858585858586,1555.0
324.57575757575756,1555.0
323.5656565656566,1555.0
322.55555555555554,1555.0
321.54545454545456,1555.0
320.5353535353535,1555.0
319.52525252525254,1555.0
318.5151515151515,1555.0
317.5050505050505,1555.0
315.99742430901296,1555.0492961012255
314.0223741889637,1555.1419302361326
312.0874985259556,1555.2268224969962
310.19284336677464,1555.3042157789857
308.33845328967374,1555.3743532510716
306.5243714027454,1555.4374783471505
304.750639342348,1555.4938347571538
303.0172972715853,1555.5436664181523
301.32438387883974,1555.5872175054483
299.6719363763609,1555.6247324236608
298.05999049890517,1555.6564557978018
296.4885805024327,1555.6826324643441
294.95773916285543,1555.7035074622825
293.4674977748406,1555.7193260241863
292.01788615066886,1555.7303335672455
290.6089326191449,1555.7367756843105
289.24066402456356,1555.7388981349243
287.91310572572917,1555.7369468363504
286.6262815950305,1555.7311678545927
285.3802140175685,1555.7218073954118
284.17492389033896,1555.7091117953353
283.01043062146994,1555.6933275126632
281.8867521295129,1555.6747011184707
280.80390484278814,1555.6534792876034
279.7619036987856,1555.6299087896718
278.76076214361905,1555.6042364800408
277.33568728181046,1555.562327301407
276.0026070917029,1555.5170783316278
274.7615480652947,1555.4693235171376
273.6125291348812,1555.419897010231
272.5555616715004,1555.3696331005342
271.2894683852032,1555.3027540300363
270.1870161661916,1555.2378472549337
269.0390143528955,1555.1624997507206
267.9986693318307,1555.0856648331282
267.0,1555.0
265.9941177611055,1554.9092886752107
264.01306095232815,1554.7297398475303
262.0729451863089,1554.5527303099973
260.173767392616,1554.378309092096
258.3155244421032,1554.2065252195998
256.49821314690587,1554.0374277144972
254.72183026045536,1553.8710655949246
252.98637247748778,1553.707487875096
251.2918364340299,1553.5467435652301
249.63821870742356,1553.3888816714834
248.02551581632449,1553.2339511958778
246.45372422070128,1553.0820011362305
244.9228403218438,1552.9330804860833
243.43286046237145,1552.787238234634
241.98378092624168,1552.644523366666
240.5755979387426,1552.5049848624749
239.2083076665044,1552.368671697802
237.8819062175174,1552.2356328437634
236.59638964111502,1552.1059172667767
235.351753927998,1551.9795739284955
234.14799501022713,1551.8566517857344
232.98510876124408,1551.737199790403
231.86309099585463,1551.6212668894327
230.7819374702624,1551.508902024708
229.74164388205494,1551.400154132996
228.7422058702124,1551.2950721458758
227.31964337420806,1551.1444297611777
225.98898080379118,1551.0023108485682
224.75020269901893,1550.868880484324
223.60329330343043,1550.7443037166834
222.54823656408522,1550.628745565312
221.28434785386096,1550.4889821534082
220.1836840815216,1550.3659361567743
219.0373276314098,1550.2362330448045
217.9981532236663,1550.1169499055543
217.0,1550.0
216.26039147701658,1551.121076811401
215.32498959334248,1552.3184333341273
214.5876265745024,1553.1431895813269
213.75727090626933,1553.9776850700675
212.83341427229055,1554.811945885568
211.81661504822537,1555.6360007902829
210.70849193159907,1556.4399949792976
209.51170547512973,1557.2143025074224
208.22992773420438,1557.9496361053702
206.86780037477521,1558.637153132203
205.43088171959633,1559.2685564552994
203.92558333691642,1559.8361891069726
202.35909689504567,1560.3331216378579
200.7393121172658,1560.7532311705186
199.0747267730826,1561.0912712513907
197.37434973267295,1561.3429317041775
195.64759819051454,1561.5048878018615
193.9041902307081,1561.5748381963635
192.15403395964472,1561.5515311731328
190.40711447083174,1561.4347789311505
188.67337993142226,1561.2254597254275
186.96262809001388,1560.925507847563
185.2843945004752,1560.5378915586627
183.64784373698228,1560.0665792263687
182.06166484132248,1559.5164940523214
180.53397219523947,1558.893457906537
179.07221294870286,1558.204124909461
177.68308206019344,1557.4559055194136
176.37244591825421,1556.6568819914658
175.14527541565977,1555.815716172222
174.0055892397173,1554.9415506824164
172.95640802566382,1554.0439046146712
171.99971989619334,1553.1325649363264
171.13645778025156,1552.217474836265
170.36648876985333,1551.3086202895038
169.6886156363438,1550.4159161336672
169.1005904888054,1549.5490929570208
168.37958693116133,1548.3179174961447
167.83798408865147,1547.1961450417905
167.45602086961253,1546.2110064962758
167.15332132441063,1545.1504592521887
167.00084191291356,1544.1052105808858
166.4607955665984,1542.4564618195895
165.96274527602432,1540.918562543517
165.5055480000422,1539.3881793853568
165.08881702768605,1537.867173812204
164.7120808766025,1536.3573876463934
164.37478428074206,1534.8606392071297
164.07628935356598,1533.3787195013604
163.81587692433126,1531.913388471857
163.59274804465554,1530.466371310378
163.4060256622048,1529.0393548436252
163.25475645799847,1527.6339839995728
163.13791284348275,1526.2518583615674
163.05439511318832,1524.8945288174202
163.00303374846345,1523.5634943105053
162.98259186745605,1522.2601986996822
162.99176781621244,1520.9860277346045
163.02919789546488,1519.7423061527659
163.09345921739552,1518.5302949043546
163.18307268639242,1517.3511885107346
163.296506097553,1516.2061125620876
163.4321773464445,1515.096121359453
163.58845774339682,1514.0221957061135
163.76367542538543,1512.9852408529434
163.95611885835632,1511.9860846020335
164.27325040528547,1510.5598381683767
164.6191690727105,1509.2224884996513
164.98770812923178,1507.9758011225297
165.37259424680082,1506.8211143253889
165.76747706324187,1505.7593328517414
166.16595910779077,1504.7909236367082
166.69178195821848,1503.6449402045923
167.19744754787203,1502.663796539659
167.77838067824055,1501.6651841069333
168.36286945924073,1500.7900886130092
168.9963559991453,1500.0037000290406
169.96977445913367,1499.0402272807944
170.92955276035966,1498.0900445735997
171.87933796693358,1497.1494550701618
172.8191331393038,1496.218461957468
173.7489413389328,1495.2970684215306
174.6687656282661,1494.3852776474216
175.57860907081482,1493.4830928191814
176.47847473108328,1492.5905171198992
177.36836567456655,1491.7075537317087
178.24828496782672,1490.8342058357143
179.11823567839463,1489.9704766120874
179.9782208748356,1489.1163692400016
180.82824362673668,1488.2718868976426
181.66830700466488,1487.4370327622514
182.49841408024048,1486.6118100100484
183.3185679260734,1485.7962218162977
184.12877161579513,1484.9902713552751
184.92902822404687,1484.1939618002777
185.71934082648022,1483.4072963236245
186.49971249975513,1482.6302780966532
187.27014632154211,1481.8629102897253
188.03064537055198,1481.1051960721888
188.78121272646138,1480.357138612455
189.52185146998752,1479.6187410779226
190.2525646828442,1478.8900066350202
190.9733554477644,1478.1709384491855
191.6842268484768,1477.4615396848853
193.07622389730534,1476.071763073773
194.4285805194134,1474.7207020976634
195.74132142100223,1473.4083820367966
197.01447132441217,1472.1348281556295
198.24805496808077,1470.9000657028578
199.4420971065843,1469.704119911352
200.59662251053342,1468.5470159982456
201.71165596666845,1467.4287791648153
202.78722227778545,1466.3494345965378
203.82334626273638,1465.309007463066
204.8200527564298,1464.307522918212
205.77736660980946,1463.345006099944
206.69531268986603,1462.4214821303576
207.57391587959404,1461.5369761156958
208.41320107801442,1460.6915131463097
209.21319320014186,1459.8851182966653
209.973917176976,1459.1178166253385
210.69539795550017,1458.3896331749904
211.70409273731187,1457.370759405416
212.6246308106218,1456.4400423375032
213.45709657347015,1455.5975662885432
214.20157450452342,1454.8434154950467
215.0574879487088,1453.9754213880801
215.90792730162826,1453.1117557988314
216.68960129222532,1452.3164640094399
217.94491927175733,1451.0354157673269
218.88023876986782,1450.0806177011552
219.8059586165583,1449.1356059535526
220.7220789600376,1448.2003806478406
221.62859993768436,1447.2749419184113
222.52552168147304,1446.359289905203
223.41284432878223,1445.4534247426075
224.2905680223948,1444.5573465594714
225.15869289429614,1443.671055495743
226.01721908727978,1442.7945516802797
226.86614673329862,1441.927835252998
227.70547596433784,1441.0709063538466
228.53520693401052,1440.2237651006012
229.35533976345005,1439.3864116442599
230.16587459546102,1438.55884611369
230.96681157283717,1437.7410686377482
231.7581508275528,1436.9330793563731
232.53989249156086,1436.1348784094814
233.31203671308083,1435.346465920405
234.07458362408713,1434.5678420290822
234.8275333619368,1433.7990068698837
235.57088605861514,1433.0399605827586
236.3046418623416,1432.2907032910384
237.02880089964316,1431.5512351401655
237.74336331873945,1430.8215562534713
238.44832924620061,1430.1016667764402
239.82947219192326,1428.6912565722764
241.17223083046315,1427.3200056083842
242.47660627169046,1425.9879149488404
243.742599609241,1424.6949856743393
244.97021193676156,1423.4412188655847
246.15944435329206,1422.2266155977247
247.3102979578889,1421.0511769459235
248.4227738496029,1419.9149039853392
249.49687313290542,1418.8177977855999
250.5325968905968,1417.7598594384654
251.52994623797852,1416.7410900024934
252.48892225785625,1415.761490569448
253.40952606011106,1414.8210622034171
254.2917587383787,1413.9198059850946
255.13562139171015,1413.0577229896394
255.94111511916157,1412.2348142922147
256.70824101977854,1411.451080967974
257.4370001872078,1410.7065240976212
258.4582037231977,1409.6631469894915
259.39308829708466,1408.7079229448348
260.2416576127556,1407.8408555978517
261.00391538492244,1407.0619485716666
261.88600307743855,1406.1605504327954
262.6146634030502,1405.4158968151971
263.4199967983975,1404.5928311953203
264.90936742526856,1403.0802132087517
265.8093552050241,1402.1696170008229
266.699966336848,1401.2682144342232
267.5812038153511,1400.3760085621748
268.45307063613615,1399.493002436929
269.31556979580665,1398.6191991097542
270.1687042919379,1397.7546016309639
271.0124771231344,1396.8992130498605
271.84689128897094,1396.05303641479
272.67194979000334,1395.2160747731355
273.48765562781506,1394.388331171265
274.2940118049408,1393.5698086546126
275.0910213249322,1392.7605102676055
275.8786871923309,1391.9604390536972
276.6570124126556,1391.169598055374
277.4259999924428,1390.387990314117
278.1856529391878,1389.6156188704604
278.93597426139155,1388.8524867639414
279.67696696855256,1388.098597033111
280.40863407113636,1387.353952715562
281.13097858061406,1386.6185568478897
281.844003509452,1385.8924124657015
282.5477118710838,1385.1755226036469
283.9271909514638,1383.7695185735602
285.2694399490734,1382.4005690150839
286.5744830070195,1381.0686981699587
287.8423442842064,1379.773930264182
289.0730479552958,1378.5162895080289
290.2666182107247,1377.29580009601
291.4230792566765,1376.1124862068837
292.54245531509866,1374.9663720036137
293.6247706236356,1373.8574816334215
294.6700494356842,1372.7858392277046
295.67831602035494,1371.751468902057
296.6495946624329,1370.7543947562888
297.5839096624252,1369.7946408743576
298.4812853365113,1368.8722313243968
299.3417460165226,1367.9871901587153
300.16531604999136,1367.13954141373
300.9520198000615,1366.3293091100334
301.7018816455367,1365.5565172523234
302.41492598085046,1364.8211898294153
303.4155130535264,1363.7884969467248
304.33339810436695,1362.8402338192047
305.1686636620952,1361.9764812077535
305.9213923342631,1361.1973197926375
306.7967827790139,1360.290163507324
307.52578420474254,1359.533725676827
308.23147575216257,1358.8004165149282
308.9273143472407,1358.0758501637433
309.92943335296906,1357.080503717728
310.848692371436,1356.1695547940167
311.75779132650604,1355.2671701875329
312.6567445170007,1354.3733668326481
313.5455662699683,1353.4881616398582
314.4242709406407,1352.6115714957425
315.29287291239694,1351.7436132629105
316.15138659672147,1350.8843037799588
316.9998264331638,1350.0336598614235
317.83820688929933,1349.1916982977325
318.6665424606882,1348.35843585516
319.4848476708358,1347.5338892757788
320.2931370711515,1346.718075277415
321.0914252409091,1345.9110105535995
321.87972678720547,1345.1127117735236
322.65805634492006,1344.323195581992
323.426428576675,1343.5424785993748
324.1848581727928,1342.770577421565
324.9333598512569,1342.0075086199286
325.6719483576698,1341.25328874126
326.4006384652131,1340.507934307736
327.1194449746049,1339.77146181687
327.8283827140594,1339.0438877414665
328.5274665392465,1338.3252285295735
329.8961320065222,1336.9147203644618
331.22556076931176,1335.5400684090785
332.5158726571206,1334.2014033519613
333.7671879347457,1332.8988554811847
334.9796273009372,1331.632554682914
336.15331188705494,1330.402630439957
337.28836325572183,1329.2092118303242
338.38490339946924,1328.052427525793
339.44305473938135,1326.9324057904741
340.46294012373136,1325.8492744793866
341.44468282661535,1324.8031610370324
342.38840654657946,1323.7941924959812
343.294235405245,1322.8224954754546
344.16229394592557,1321.8881961799168
344.9927071322427,1320.991420397672
345.78560034673313,1320.1322934994641
346.54109938945663,1319.3109404370798
347.25933047659265,1318.5274857419608
347.94042023903825,1317.782053523817
348.89269292077626,1316.7354677893236
349.76211407833216,1315.775126473374
350.549116296507,1314.9014430665895
351.25413422370053,1314.1148288898567
352.0673820936671,1313.2021578538286
352.73669749053585,1312.4459674228615
353.4730896703759,1311.6071739704273
354.89566533590653,1310.0643676844838
355.7807544862411,1309.1366511541576
356.6552942556304,1308.2168860968293
357.51931156958295,1307.3051081098492
358.3728334737247,1306.4013526993924
359.2158871334907,1305.5056552800536
360.04849983381416,1304.6180511744421
360.8706989788161,1303.7385756127796
361.68251209149145,1302.8672637324976
362.48396681339574,1302.0041505778358
363.27509090432903,1301.1492710994435
364.0559122420191,1300.3026601539789
364.8264588218034,1299.4643525037122
365.5867587563092,1298.634382816129
366.33684027513317,1297.8127856635333
367.0767317245184,1296.999595522654
367.80646156703165,1296.1948467742516
368.5260583812375,1295.398573702724
369.235550861373,1294.610810495717
369.93496781701947,1293.8315912437338
370.6243381727741,1293.0609499397438
371.3036909679196,1292.2989204787975
371.97305535609235,1291.5455366576377
373.2819360958382,1290.0648406277987
374.5512158955052,1288.6191302433922
375.78113206681627,1287.2086723000943
376.97192371888815,1285.8337319839102
378.1238317473132,1284.4945728590637
379.23709882315956,1283.1914568559644
380.311969381891,1281.924644259247
381.3486896122052,1280.6943936958855
382.3475074447926,1279.5009621233849
383.3086725410159,1278.3446048180483
384.2324362815094,1277.2255753633206
385.1190517547017,1276.1441256382084
385.9687737452584,1275.10050580578
386.78185872244893,1274.0949643017432
387.55856482843564,1273.1277478230995
388.29915186648657,1272.1991013168818
389.00388128911266,1271.3092679689676
389.67301618612936,1270.4584891929767
390.3068212726439,1269.6470046192471
391.19186853902465,1268.5039741611104
391.9989289452718,1267.450685436574
392.72891610310216,1266.4879242961304
393.3827515425364,1265.6164672897028
394.13768130504445,1264.597877878555
394.76110754928254,1263.7447619763982
395.358890866071,1262.9137457035288
395.94018031806854,1262.0871234565818
396.72503555331105,1261.0259935673403
397.44148351945074,1260.0608790139663
398.14936729634655,1259.1046788760518
398.84871033686073,1258.1574156258757
399.5395361528221,1257.2191116740157
400.22186831486397,1256.289789369192
400.8957304522611,1255.3694709981146
401.5611462527668,1254.458178785329
402.2181394624489,1253.5559348930624
402.86673388552674,1252.662761421071
403.506953384206,1251.778680406487
404.138821878514,1250.9037138236672
404.76236334613515,1250.037883584041
405.37760182224474,1249.1812115359587
405.98456139934325,1248.3337194645405
406.5832662270904,1247.4954290915273
407.17374051213767,1246.6663620751297
407.7560085179617,1245.8465400098787
408.896023028966,1244.2347167916485
410.00350499804114,1242.6601309138387
411.0786505615637,1241.1229528250826
412.12165674893146,1239.6233519409373
413.1327214771233,1238.1614966392046
414.1120435452327,1236.737554255282
415.05982262897766,1235.35169107754
415.9762592751865,1234.0040723427308
416.86155489625924,1232.6948622314253
417.7159117646056,1231.424223863478
418.5395330070585,1230.1923192935233
419.33262259926465,1228.9993095064983
420.0953853600514,1227.8453544131992
420.82802694577043,1226.7306128458638
421.53075384461783,1225.655242553785
422.20377337093214,1224.6194001989552
422.8472936594687,1223.6232413517382
423.46152365965145,1222.6669204865757
424.04667312980314,1221.7505909777171
424.60295263135197,1220.8744050949888
425.38370325631547,1219.6357259308318
426.1006888629786,1218.4882152473524
426.75463008196186,1217.4323728496097
427.34625146128695,1216.4686928466535
427.87628142135503,1215.5976636208222
428.4884453189298,1214.58124808499
429.10416412356193,1213.5452778939941
429.6283199905783,1212.6489678669307
430.60119478524194,1211.0185189080228
431.1951454601591,1210.0462412194117
431.78187418518513,1209.0831843321646
432.3614031575639,1208.1293655886618
432.9337546161839,1207.1848022778483
433.4989508414497,1206.2495116351338
434.05701415515335,1205.3235108422928
434.60796692034535,1204.4068170273652
435.1518315412046,1203.4994472645585
435.68863046290954,1202.6014185741467
436.2183861715083,1201.7127479223732
436.7411211937878,1200.8334522213538
437.2568580971447,1199.9635483289762
438.2674280189379,1198.2519831299826
439.25027728327444,1196.5781861002692
440.2055878779079,1194.9422901408782
441.1335424277482,1193.3444272759427
442.03432419063614,1191.7847286496328
442.9081170531041,1190.26332452312
443.7551055261203,1188.780344271564
444.57547474082065,1187.33591638112
445.36941044422537,1185.9301684459654
446.1370989949409,1184.5632271653471
446.8787273588487,1183.2352183406513
447.5944831047792,1181.9462668724918
448.2845544001722,1180.6964967578208
448.9491300067231,1179.4860310870595
449.5883992760157,1178.314992041251
450.202552145141,1177.1835008892324
450.79177913230296,1176.0916779848303
451.3562713324104,1175.039642764075
451.89622041265574,1174.0275137424373
452.41181860808007,1173.0554085120873
452.90325871712605,1172.123443739173
453.37073409717686,1171.2317351611205
454.0274376330666,1169.9699035422605
454.6313137272591,1168.7992899835012
455.1830218978043,1167.7202732632643
455.68322437849184,1166.7332273916543
456.1325860843764,1165.8385215909902
456.65380356308674,1164.7898497926858
457.1823151948796,1163.712064619189
457.6402383343595,1162.762678887233
458.2323232323232,1161.4949494949494
458.6969696969697,1160.4848484848485
459.16161616161617,1159.4747474747476
459.62626262626264,1158.4646464646464
460.09090909090907,1157.4545454545455
460.55555555555554,1156.4444444444443
461.020202020202,1155.4343434343434
461.4848484848485,1154.4242424242425
461.9494949494949,1153.4141414141413
462.4141414141414,1152.4040404040404
462.8787878787879,1151.3939393939395
463.34343434343435,1150.3838383838383
463.80808080808083,1149.3737373737374
464.27272727272725,1148.3636363636363
464.73737373737373,1147.3535353535353
465.2020202020202,1146.3434343434344
465.6666666666667,1145.3333333333333
466.1313131313131,1144.3232323232323
466.5959595959596,1143.3131313131314
467.06060606060606,1142.3030303030303
467.52525252525254,1141.2929292929293
467.98989898989896,1140.2828282828282
468.45454545454544,1139.2727272727273
468.9191919191919,1138.2626262626263
469.3838383838384,1137.2525252525252
469.8484848484849,1136.2424242424242
470.3131313131313,1135.2323232323233
470.77777777777777,1134.2222222222222
471.24242424242425,1133.2121212121212
471.7070707070707,1132.20202020202
472.17171717171715,1131.1919191919192
472.6363636363636,1130.1818181818182
473.1010101010101,1129.171717171717
473.5656565656566,1128.1616161616162
474.030303030303,1127.1515151515152
474.4949494949495,1126.141414141414
474.95959595959596,1125.1313131313132
475.42424242424244,1124.121212121212
475.8888888888889,1123.111111111111
476.35353535353534,1122.1010101010102
476.8181818181818,1121.090909090909
477.2828282828283,1120.080808080808
477.74747474747477,1119.0707070707072
478.2121212121212,1118.060606060606
478.67676767676767,1117.050505050505
479.14141414141415,1116.040404040404
479.6060606060606,1115.030303030303
480.07070707070704,1114.020202020202
480.5353535353535,1113.010101010101
481.0,1112.0
481.4646464646465,1110.989898989899
481.92929292929296,1109.979797979798
482.3939393939394,1108.969696969697
482.85858585858585,1107.9595959595958
483.32323232323233,1106.949494949495
483.7878787878788,1105.939393939394
484.25252525252523,1104.9292929292928
484.7171717171717,1103.919191919192
485.1818181818182,1102.909090909091
485.64646464646466,1101.8989898989898
486.1111111111111,1100.888888888889
486.57575757575756,1099.878787878788
487.04040404040404,1098.8686868686868
487.5050505050505,1097.858585858586
487.969696969697,1096.8484848484848
488.4343434343434,1095.8383838383838
488.8989898989899,1094.828282828283
489.3636363636364,1093.8181818181818
489.82828282828285,1092.8080808080808
490.2929292929293,1091.79797979798
490.75757575757575,1090.7878787878788
491.22222222222223,1089.7777777777778
491.6868686868687,1088.7676767676767
492.1515151515151,1087.7575757575758
492.6161616161616,1086.7474747474748
493.0808080808081,1085.7373737373737
493.54545454545456,1084.7272727272727
494.01010101010104,1083.7171717171718
494.47474747474746,1082.7070707070707
494.93939393939394,1081.6969696969697
495.4040404040404,1080.6868686868686
495.8686868686869,1079.6767676767677
496.3333333333333,1078.6666666666667
496.7979797979798,1077.6565656565656
497.26262626262627,1076.6464646464647
497.72727272727275,1075.6363636363637
498.19191919191917,1074.6262626262626
498.65656565656565,1073.6161616161617
499.1212121212121,1072.6060606060605
499.5858585858586,1071.5959595959596
500.050505050505,1070.5858585858587
500.5151515151515,1069.5757575757575
500.979797979798,1068.5656565656566
501.44444444444446,1067.5555555555557
501.90909090909093,1066.5454545454545
502.37373737373736,1065.5353535353536
502.83838383838383,1064.5252525252524
503.3030303030303,1063.5151515151515
503.7676767676768,1062.5050505050506
504.2323232323232,1061.4949494949494
504.6969696969697,1060.4848484848485
505.16161616161617,1059.4747474747476
505.62626262626264,1058.4646464646464
506.09090909090907,1057.4545454545455
506.55555555555554,1056.4444444444443
507.020202020202,1055.4343434343434
507.4848484848485,1054.4242424242425
507.9494949494949,1053.4141414141413
508.4141414141414,1052.4040404040404
508.8787878787879,1051.3939393939395
509.34343434343435,1050.3838383838383
509.80808080808083,1049.3737373737374
510.27272727272725,1048.3636363636363
510.73737373737373,1047.3535353535353
511.2020202020202,1046.3434343434344
511.6666666666667,1045.3333333333333
512.1313131313132,1044.3232323232323
512.5959595959596,1043.3131313131314
513.060606060606,1042.3030303030303
513.5252525252525,1041.2929292929293
513.989898989899,1040.2828282828282
514.4545454545455,1039.2727272727273
514.9191919191919,1038.2626262626263
515.3838383838383,1037.2525252525252
515.8484848484849,1036.2424242424242
516.3131313131313,1035.2323232323233
516.7777777777778,1034.2222222222222
517.2424242424242,1033.2121212121212
517.7070707070707,1032.20202020202
518.1717171717172,1031.1919191919192
518.6363636363636,1030.1818181818182
519.10101010101,1029.171717171717
519.5656565656566,1028.1616161616162
520.030303030303,1027.1515151515152
520.4949494949495,1026.141414141414
520.959595959596,1025.1313131313132
521.4242424242424,1024.121212121212
521.8888888888889,1023.1111111111111
522.3535353535353,1022.10101010101
522.8181818181819,1021.0909090909091
523.2828282828283,1020.0808080808081
523.7474747474747,1019.070707070707
524.2121212121212,1018.060606060606
524.6767676767677,1017.0505050505051
525.1414141414141,1016.040404040404
525.6060606060606,1015.030303030303
526.070707070707,1014.020202020202
526.5353535353536,1013.010101010101
527.0,1012.0
527.438097210802,1010.9845586566066
527.8724910990884,1009.9797268899828
528.3031661123955,1008.9854992585404
528.7301067070309,1008.0018702982992
529.1532973473292,1007.0288345224965
529.5727225056871,1006.0663864215949
529.9883666625961,1005.1145204632977
530.4002143066756,1004.17323109256
530.8082499347059,1003.242512731599
531.2124580516631,1002.3223597799085
532.009329813434,1000.5137275887588
532.7907057969527,998.7472892610215
533.5564623404308,997.022999175787
534.3064759163888,995.3408113497197
535.0406231327189,993.7006794374512
535.7587807337468,992.1025567319803
536.4608256012898,990.5463961650739
537.1466347557167,989.0321503076729
537.8160853570055,987.5597713702984
538.4690547057985,986.1292112034639
539.105420244459,984.7404212980883
539.7250595581231,983.3933527859141
540.3278503757545,982.0879564399273
540.9136705711945,980.8241826747793
541.4823981642123,979.6019815472163
542.0339113215547,978.4213027565047
542.5680883579925,977.2820956448679
543.0848077373674,976.1843091979193
543.5839480736382,975.1278920451005
544.0653881319225,974.1127924601248
544.5290068295407,973.138958361422
544.9746832370566,972.2063373125837
545.6092919011843,970.8845646311734
546.2028517451091,969.6552227881291
546.7549566032377,968.5181303335584
547.2652011120242,967.47310403278
547.7331807178133,966.5199588698691
548.2907104244213,965.3917017584057
548.7714301508762,964.4260089358053
549.2628656014028,963.4468078855411
549.743222102673,962.4997556797339
550.2626262626262,961.4949494949495
550.7878787878788,960.4848484848485
551.3131313131313,959.4747474747475
551.8383838383838,958.4646464646464
552.3636363636364,957.4545454545455
552.8888888888889,956.4444444444445
553.4141414141415,955.4343434343434
553.939393939394,954.4242424242424
554.4646464646464,953.4141414141415
554.989898989899,952.4040404040404
555.5151515151515,951.3939393939394
556.040404040404,950.3838383838383
556.5656565656566,949.3737373737374
557.0909090909091,948.3636363636364
557.6161616161617,947.3535353535353
558.1414141414141,946.3434343434343
558.6666666666666,945.3333333333334
559.1919191919192,944.3232323232323
559.7171717171717,943.3131313131313
560.2424242424242,942.3030303030303
560.7676767676768,941.2929292929293
561.2929292929293,940.2828282828283
561.8181818181819,939.2727272727273
562.3434343434343,938.2626262626262
562.8686868686868,937.2525252525253
563.3939393939394,936.2424242424242
563.9191919191919,935.2323232323232
564.4444444444445,934.2222222222222
564.969696969697,933.2121212121212
565.4949494949495,932.2020202020202
566.020202020202,931.1919191919192
566.5454545454545,930.1818181818181
567.070707070707,929.1717171717172
567.5959595959596,928.1616161616162
568.1212121212121,927.1515151515151
568.6464646464647,926.1414141414141
569.1717171717172,925.1313131313132
569.6969696969697,924.1212121212121
570.2222222222222,923.1111111111111
570.7474747474747,922.10101010101
571.2727272727273,921.0909090909091
571.7979797979798,920.0808080808081
572.3232323232323,919.070707070707
572.8484848484849,918.060606060606
573.3737373737374,917.0505050505051
573.89898989899,916.040404040404
574.4242424242424,915.030303030303
574.9494949494949,914.020202020202
575.4747474747475,913.010101010101
576.0,912.0
576.5071525310345,910.9872649270807
577.0096302557245,909.9850398891306
577.5074233116716,908.9933204937569
578.000521841548,908.0121023398399
578.4889159921603,907.0413810170104
578.9725959144579,906.0811521056561
579.451551763543,905.1314111769217
579.9257736986776,904.1921537927159
580.3952518832946,903.2633755057122
580.8599764850038,902.3450718593559
581.3199376756018,901.4372383878667
581.7751256310814,900.5398706162416
582.6711425616819,898.7765142264943
583.5479487689804,897.0549667058106
584.405465812831,895.3751919225975
585.2436153210457,893.7371535980925
586.0623189896654,892.1408153064991
586.8614985832426,890.5861404751059
587.6410759351112,889.0730923844238
588.4009729476642,887.6016341683123
589.1411115926306,886.1717288141053
589.8614139113473,884.7833391627482
590.5618020150342,883.4364279089255
591.2421980850714,882.1309576011905
591.9025243732682,880.8668906421037
592.5427032021433,879.644189288356
593.1626569651941,878.4628156509084
593.7623081271704,877.3227316951244
594.3415792243497,876.2238992409017
594.9003928648077,875.1662799628107
595.4386717286935,874.1498353902226
595.9563385685003,873.1745269074527
596.4533162093356,872.2403157538943
596.929527549199,871.3471630241495
597.6047392641489,870.0843330126934
598.2327938419589,868.9136641549321
598.8134319941648,867.8350233169098
599.3463948081647,866.8482766351799
599.8314237492681,865.953289517872
600.4031190634134,864.9024764719558
600.8885288408362,864.0142281246732
601.3730233808927,863.1320288784345
601.8628412888853,862.2461893095924
602.5188908382712,860.9728194275104
603.0338781642765,859.9566853947819
603.5449329621158,858.9515876043364
604.0520262468066,857.9575156850622
604.5551290607174,856.9744591897231
605.054212473768,856.0024075950303
605.5492475836281,855.0413503017155
606.0402055159183,854.0912766346041
606.527057424408,853.1521758426884
607.0097744912157,852.2240370992026
607.4883279270074,851.3068495016968
607.9626889711957,850.4006020721125
608.4328288921376,849.5052837568591
609.3603305836273,847.7473898777747
610.2706037347672,846.0330779279742
611.1634195546424,844.3622567674032
612.0385497344499,842.7348340549393
612.8957664538044,841.1507162509414
613.7348423870292,839.6098086198349
614.5555507094349,838.1120152327261
615.3576651035831,836.6572389700519
616.1409597655368,835.2453815242629
616.9052094110958,833.876343402537
617.6501892820189,832.5500239295276
618.3756751522308,831.2663212501442
619.0814433340141,830.0251323323646
619.7672706841872,828.8263529700814
620.4329346102669,827.6698777859785
621.078213076615,826.5556002344421
621.7028846105707,825.4834126045029
622.3067283085668,824.453206022811
622.88952384223,823.4648704566416
623.4510514644666,822.5182947169354
623.9910920155296,821.613366461368
624.5094269290726,820.7499721974523
625.2457545918109,819.5325059491256
625.9320212087581,818.4078412443571
626.5674968128416,817.375580586062
627.1514545929987,816.435320735428
627.6831709393393,815.5866527369712
628.3096170151767,814.5968541302905
628.9576842369688,813.5860250858616
629.5330345480587,812.7024801498695
630.66999453361,810.9861419099598
631.3335988443181,809.9828412213726
631.9908043456162,808.990092732234
632.6416024549196,808.0078912333166
633.2859845938781,807.036231508423
633.9239421883914,806.0751083343729
634.5554666686128,805.1245164810107
635.1805494689486,804.1844507112161
635.7991820280722,803.2549057808984
636.4113557889251,802.335876439005
637.0170621987241,801.4273574275214
637.6162927089676,800.5293434814764
638.2090387754351,799.6418293289532
638.7952918582043,798.7648096910749
639.3750434216469,797.8982792820258
639.9482849344384,797.0422328090448
640.5150078695614,796.1966649724362
641.0752037043155,795.3615704655626
642.1759800035178,793.7227801798299
643.2505457369311,792.1258193602036
644.2988328788392,790.5706453042907
645.3207734730905,789.0572151990782
646.3162996332857,787.5854861210372
647.2853435429603,786.1554150362321
648.2278374557521,784.7669588004508
649.1437136955959,783.420074159299
650.0329046568896,782.1147177483306
650.895342804681,780.8508460931536
651.7309606748425,779.6284156095504
652.5396908742539,778.4473826035874
653.3214660809754,777.3077032717366
654.0762190444314,776.2093337009873
654.8038825855832,775.1522298689655
655.5043895971119,774.1363476440479
656.1776730435923,773.1616427854792
656.8236659616724,772.2280709434913
657.442301460249,771.3355876594194
658.0335127206478,770.4841483658167
658.868763177523,769.2838491488833
659.6419339761308,768.1756471241805
660.3528005254973,767.1593905034657
661.0011386057793,766.2349269508011
661.5867243695996,765.4021035834608
662.2695044769009,764.4339585626615
662.964734903454,763.4519375835197
663.5655600238581,762.607200471335
664.7301492507338,760.9997816633302
665.4526872957713,760.0095709261225
666.1676181659556,759.0293708528377
666.8749458956406,758.0591845079379
667.574674520419,757.099014954255
668.2668080771202,756.1488652529893
668.9513506038013,755.2087384637232
669.6283061397602,754.2786376444
670.2976787255144,753.3585658513505
670.9594724028268,752.4485261392583
671.6136912146804,751.5485215611951
672.2603392052948,750.6585551685903
672.8994204201126,749.7786300112525
673.5309389058102,748.908749137356
674.1548987102884,748.0489155934458
674.7713038826753,747.1991324244381
675.380158473327,746.3594026736116
675.9814665338308,745.5297293826088
676.5752321169871,744.7101155914553
677.7401520686229,743.1010786605735
678.8749507751652,741.5323161684296
679.9796607031265,740.0038523763051
681.0543143385426,738.5157115193326
682.0989441869731,737.067917806454
683.1135827734881,735.6604954203897
684.0982626426228,734.2934685176598
685.0530163583801,732.9668612285335
685.9778765041799,731.680697657056
686.872875682882,730.435001880971
687.738046516724,729.2297979517604
688.5734216473159,728.0651098946091
689.3790337356234,726.9409617083834
690.1549154619399,725.857377365621
690.9010995258665,724.8143808125182
691.6176186462952,723.8119959689064
692.3045055613816,722.8502467282441
692.961793028524,721.9291569576025
693.5895138243511,721.0487504976353
694.1877007446819,720.209051162593
695.0296768967017,719.0258800478296
695.8053864985802,717.9344336526991
696.5149404786096,716.9347920153801
697.1584498617503,716.027035039903
697.9139184086865,714.9597619564329
698.5524355647316,714.0561698925062
699.1865212858506,713.1571430492276
699.7689198948369,712.3293605586439
700.6968888367408,710.9904371502699
701.3869048908084,709.9912613404648
702.070043979621,709.0024698019959
702.7463019194485,708.0240597629924
703.4156745276805,707.0560284498916
704.078157622829,706.0983730874419
704.7337470245177,705.151090898715
705.3824385534976,704.2141791050863
706.0242280316301,703.2876349262641
706.6591112819093,702.3714555802542
707.2870841284387,701.4656382833947
707.908142396454,700.5701802503307
708.5222819123062,699.6850786940339
709.1294985034724,698.810330825789
709.7297879985535,697.9459338552024
710.3231462272727,697.0918849902017
710.9095690204829,696.2481814370303
711.4890522101656,695.4148204002465
712.0615916294176,694.5917990827452
713.1858224946975,692.9767644087198
714.2822283037065,691.4030550044827
715.3507757619178,689.8706484326974
716.3914315928811,688.3795222292272
717.4041625382617,686.9296539031213
718.3889353578743,685.5210209366176
719.3457168296774,684.1536007851915
720.2744737498195,682.8273708775374
721.1751729326312,681.5423086156245
722.04778121069,680.2983913746505
722.8922654348031,679.0955965031119
723.7085924740427,677.9339013227988
724.4967292157709,676.8132831288019
725.2566425656586,675.7337191895373
725.9882994477043,674.6951867467587
726.6916668042613,673.6976630155679
727.3667115960537,672.7411251844358
728.0134008021975,671.8255504152179
728.6317014202317,670.9509158431563
729.2215804661192,670.1171985769217
730.0530364800566,668.943292485779
730.8203586076604,667.8613213012084
731.5234357618348,666.8712074288745
732.162156949361,665.9728731402175
732.9134842539229,664.9177277331769
733.5499411963476,664.0254226585644
734.1835763384582,663.138753112822
734.7674682158104,662.3236937476415
735.3636363636364,661.4949494949495
736.0909090909091,660.4848484848485
736.8181818181818,659.4747474747475
737.5454545454545,658.4646464646464
738.2727272727273,657.4545454545455
739.0,656.4444444444445
739.7272727272727,655.4343434343434
740.4545454545455,654.4242424242424
741.1818181818181,653.4141414141415
741.9090909090909,652.4040404040404
742.6363636363636,651.3939393939394
743.3636363636364,650.3838383838383
744.0909090909091,649.3737373737374
744.8181818181819,648.3636363636364
745.5454545454545,647.3535353535353
746.2727272727273,646.3434343434343
747.0,645.3333333333334
747.7272727272727,644.3232323232323
748.4545454545455,643.3131313131313
749.1818181818181,642.3030303030303
749.9090909090909,641.2929292929293
750.6363636363636,640.2828282828283
751.3636363636364,639.2727272727273
752.0909090909091,638.2626262626262
752.8181818181819,637.2525252525253
753.5454545454545,636.2424242424242
754.2727272727273,635.2323232323232
755.0,634.2222222222222
755.7272727272727,633.2121212121212
756.4545454545455,632.2020202020202
757.1818181818181,631.1919191919192
757.9090909090909,630.1818181818181
758.6363636363636,629.1717171717172
759.3636363636364,628.1616161616162
760.0909090909091,627.1515151515151
760.8181818181819,626.1414141414141
761.5454545454545,625.1313131313132
762.2727272727273,624.1212121212121
763.0,623.1111111111111
763.7272727272727,622.10101010101
764.4545454545455,621.0909090909091
765.1818181818181,620.0808080808081
765.9090909090909,619.070707070707
766.6363636363636,618.060606060606
767.3636363636364,617.0505050505051
768.0909090909091,616.040404040404
768.8181818181819,615.030303030303
769.5454545454545,614.020202020202
770.2727272727273,613.010101010101
771.0,612.0
771.743425283413,611.0098865557842
772.4787084187985,610.0293597998211
773.2058612229686,609.05842975565
773.9248955241588,608.097106431638
774.6358231629246,607.1453998215752
775.3386559921222,606.203319904659
776.0334058768941,605.2708766454755
776.7200846946481,604.348079993988
777.3987043350395,603.4349398855214
778.069276699955,602.5314662407451
778.7318137034933,601.6376689656593
779.3863272719466,600.7535579515798
780.0328293437824,599.8791430751246
780.6713318696272,599.0144341981957
781.301846812248,598.1594411679648
781.9243861465299,597.3141738168634
782.5389618594659,596.4786419625588
783.14558595013,595.6528554079484
783.7442704296659,594.8368239411382
784.9178686601498,593.2340653493109
786.0598528807055,591.6704441955882
787.1703196130243,590.1460382509099
788.2493655701143,588.6609250481724
789.2970876557139,587.2151818817566
790.3135829637032,585.808885807061
791.2989487775134,584.442113640034
792.2532825695392,583.1149419567042
793.1766820005442,581.8274470927206
794.0692449190698,580.5797051428839
794.93106936084,579.3717919606903
795.7622535481677,578.2037831578656
796.5628958893575,577.0757541039102
797.3330949781083,575.9877799256396
798.0729495929161,574.9399355067281
798.7825586964725,573.9322954872564
799.4620214350653,572.9649342632558
800.111437137976,572.0379259862586
800.730905316877,571.1513445628478
801.3205256652288,570.3052636542067
802.1492100306466,569.1122412851585
802.9112993756714,568.0107569383866
803.6071324479287,567.0010561009321
804.2370488999665,566.0833830062644
804.9749892768191,565.003392924639
805.5971597925134,564.0880119900622
806.2133096623701,563.176133068059
806.7771913287954,562.3351886121176
807.6062289287336,560.96167935512
808.2080934465013,559.9348186927936
808.8055548886114,558.9194032134131
809.3985746401042,557.9154179865399
809.987114136647,556.9228479514521
810.5711348649735,555.941677917317
811.1505983633219,554.9718925633637
811.7254662218743,554.0134764390582
812.2957000831948,553.0664139642789
812.8612616426651,552.1306894294953
813.4221126489231,551.2062869959453
813.9782149042971,550.2931906958173
814.5295302652424,549.391384432432
815.0760206427757,548.5008519804246
815.6176480029089,547.6215769859314
816.154374367083,546.7535429667751
816.686161812601,545.8967333126529
817.7347685387823,544.2167200188122
818.7631659335229,542.5814016667111
819.7710526702795,540.9906407809144
820.7581283576332,539.4442978545167
821.7240935529856,537.9422313555027
822.6686497762106,536.4842977332007
823.5914995232629,535.0703514248262
824.4923462797419,533.7002448621197
825.37089453441,532.373828478074
826.2268497926663,531.0909507137529
827.0599185899724,529.8514580252023
827.8698085052332,528.655194890449
828.6562281741278,527.502003816593
829.4188873023942,526.3917253469862
830.1574966790639,525.3241980685036
830.8717681896483,524.2992586189025
831.5614148292738,523.3167416942696
832.2261507157675,522.3764800565579
832.8656911026908,521.4783045412123
833.4797523923219,520.622044064881
834.0680521485849,519.8075256332163
834.9015839725852,518.6636312128619
835.6755755511481,517.6126641640398
836.389088756868,516.6540166885752
837.0411916663205,515.7870715179837
837.8135361602568,514.772708163965
838.4728856332728,513.9187447039155
839.1348910886063,513.074503094866
839.8094888701595,512.2323102402622
840.0465686738518,511.1209935296085
840.1872594184857,509.3582079858292
840.3916092668151,507.59283070709677
840.6596412954202,505.8293972618773
840.9910558412313,504.0724333673389
841.385232020214,502.32643195313295
841.8412308739927,500.5958303913434
842.3578001284682,498.88498800799823
842.9333805403107,497.1981639901183
843.566113799164,495.5394958002664
844.2538519455151,493.9129782079943
844.9941682564978,492.3224430444529
845.7843695444615,490.771539782771
846.6215098059766,489.2637170426194
847.5024051521046,487.80220511269505
848.4236499442649,486.3899995797013
849.3816340539233,485.02984614679167
850.3725611586308,483.7242267184167
851.3924679816876,482.47534682209636
852.4372443779278,481.28512443086333
853.5026541638288,480.155180243025
854.5843565863809,479.08682946850604
855.6779283219109,478.08107516339896
856.7788858933739,477.1386031465008
857.8827083924975,476.2597785236019
858.9848603916307,475.44464383713847
860.0808149291732,474.6929188505894
861.1660764521002,474.00400196870703
862.2362035993098,473.37697328638666
863.2868317103262,472.8105992507221
864.3136949452874,472.30333891261955
865.312647904111,471.85335173628863
866.2796866352752,471.4585069270296
867.6620497548363,470.9642857821583
868.9518199698331,470.57940149829
870.1378691524494,470.2933602343653
871.2102512752305,470.0945416432843
872.4485261834852,469.943201832999
873.4528969112772,469.8922190876545
874.4962606948468,469.9286864272048
876.0071488186944,470.23186383075114
877.0040099283686,470.46165863806766
877.9905845111474,470.6893785530883
878.9668737522342,470.9150177086864
880.8886009668381,471.3600302764835
882.7692011206929,471.7966494180082
884.6086838158265,472.22482822073135
886.4070587077848,472.6445197831092
888.1643355056123,473.05567721464394
889.8805239718328,473.45825363594236
891.5556339224579,473.8522021787826
893.1896752269441,474.2374759861673
894.7826578082081,474.6140282123915
896.3345916425969,474.9818120230996
897.8454867598828,475.34078059534875
899.3153532432411,475.69088711766625
900.7442012292585,476.03208479011727
902.1320409078822,476.3643268243553
903.4788825224502,476.68756644369455
904.7847363696442,477.00175688316176
906.0496127994904,477.30685138956113
907.2735222153523,477.60280322153676
908.4564750738996,477.8895656496287
909.5984818851142,478.16709195633945
910.6995532122573,478.4353354361881
911.7596996718672,478.69424939577675
912.778931933754,478.9437871538512
913.7572607209564,479.183902041355
915.1480834744111,479.52630443193385
916.4469342633976,479.84724297422906
917.6538499516972,480.1465603164825
918.7688676722827,480.42409917024395
919.792024827237,480.6797023108386
921.0134053031882,480.98611265179125
922.0716351465758,481.2528744311065
923.1651304155986,481.53000394874636
924.1412668073323,481.77899397522987
926.007313316685,482.25205281172674
927.0043321959818,482.5018289608311
927.9910579244753,482.7493226364696
928.9674917931205,482.9945280246682
930.8894891311008,483.4780506865003
932.770334603214,483.9523504491652
934.6100386552869,484.4173808272761
936.4086117856543,484.87309534727535
938.1660645451361,485.3194475474928
939.8824075370517,485.7563909782122
941.5576514171831,486.18387920172444
943.1918068937624,486.60186579238564
944.7848847274722,487.01030433668257
946.3368957314229,487.40914843328727
947.8478507711393,487.79835169311804
949.3177607645446,488.1778677393969
950.7466366819509,488.5476502077109
952.1344895460466,488.9076527460709
953.4813304318724,489.2578290149683
954.7871704668198,489.5981326874382
956.0520208306073,489.9285174491143
957.2758927552738,490.24893699829266
958.4587975251569,490.55934504598633
959.6007464768854,490.8596953159878
960.7017509993535,491.149941544924
961.7618225337216,491.43003748232036
962.780972573396,491.699936890658
963.759212664006,491.95959354543044
965.1498920299917,492.32977228073497
966.4485894809054,492.6766449397495
967.6553446438355,493.0000556812824
968.770197409902,493.29984873151784
969.7931879341434,493.5758683844638
971.0143483768951,493.90664475458397
972.0723665904186,494.19451189713783
973.1656190133689,494.4934433435266
974.1415124632437,494.7618880881985
976.0023317961435,495.29060118394233
976.9945714227829,495.57797262396736
977.9767170581371,495.86212001749897
978.9487668826359,496.1430490668909
979.9107190799294,496.42076547552267
981.8043233436148,496.9665831891499
983.6575153828359,497.4996188058872
985.4702807828326,498.0199179895597
987.2426051804247,498.5275264202436
988.97447426406,499.0224897942159
990.6658737738134,499.5048538238914
992.3167895014234,499.97466423776797
993.9272072902862,500.4319667803633
995.4971130354953,500.8768072121613
997.0264926838443,501.3092313095495
998.5153322338606,501.72928486476593
999.9636177358068,502.137013685835
1001.371335291707,502.53246359651195
1002.7384710553717,502.9156804362264
1004.065011232393,503.28671006001747
1005.3509420801844,503.6455983384816
1006.5962499079961,503.9923911577125
1007.8009210769166,504.3271344192399
1008.9649419999049,504.6498740399728
1010.0882991418035,504.96065595214236
1011.1709790193528,505.25952610324
1012.212968201218,505.5465304559628
1013.2142533079898,505.8217149881496
1014.6398316877531,506.21243023656257
1015.9737511630744,506.5768096658376
1017.2159672362877,506.9150086410668
1018.3664356730696,507.2271826025243
1019.4251125025736,507.513487065222
1020.3919540175568,507.77407761846257
1021.5381460542771,508.08180133273214
1022.5208958596213,508.3444573552082
1023.5193380614327,508.6099637398132
1024.4874819318864,508.8657145326122
1026.007313316685,509.25205281172674
1027.0043321959818,509.5018289608311
1027.9910579244752,509.7493226364696
1028.9674917931206,509.9945280246683
1030.8894891311008,510.4780506865003
1032.770334603214,510.9523504491652
1034.6100386552869,511.41738082727613
1036.4086117856543,511.8730953472754
1038.166064545136,512.3194475474927
1039.8824075370517,512.7563909782123
1041.5576514171833,513.1838792017244
1043.1918068937625,513.6018657923856
1044.7848847274722,514.0103043366826
1046.3368957314228,514.4091484332873
1047.8478507711393,514.7983516931181
1049.3177607645446,515.1778677393969
1050.7466366819508,515.547650207711
1052.1344895460466,515.9076527460709
1053.4813304318725,516.2578290149683
1054.78717046682,516.5981326874381
1056.0520208306073,516.9285174491143
1057.2758927552738,517.2489369982927
1058.458797525157,517.5593450459863
1059.6007464768854,517.8596953159879
1060.7017509993536,518.149941544924
1061.7618225337217,518.4300374823202
1062.780972573396,518.6999368906579
1063.759212664006,518.9595935454305
1065.1498920299919,519.329772280735
1066.4485894809054,519.6766449397495
1067.6553446438356,520.0000556812823
1068.770197409902,520.299848731518
1069.7931879341436,520.5758683844638
1071.0143483768952,520.906644754584
1072.0723665904186,521.1945118971379
1073.1656190133688,521.4934433435267
1074.1415124632438,521.7618880881985
1076.0023317961436,522.2906011839424
1076.9945714227829,522.5779726239673
1077.976717058137,522.862120017499
1078.948766882636,523.1430490668909
1079.9107190799293,523.4207654755228
1081.8043233436147,523.96658318915
1083.657515382836,524.4996188058873
1085.4702807828326,525.0199179895598
1087.2426051804248,525.5275264202436
1088.9744742640598,526.0224897942159
1090.6658737738135,526.5048538238915
1092.3167895014235,526.974664237768
1093.927207290286,527.4319667803633
1095.4971130354954,527.8768072121613
1097.0264926838443,528.3092313095494
1098.5153322338606,528.7292848647659
1099.9636177358068,529.137013685835
1101.371335291707,529.5324635965119
1102.7384710553717,529.9156804362264
1104.0650112323929,530.2867100600175
1105.3509420801845,530.6455983384816
1106.596249907996,530.9923911577126
1107.8009210769167,531.3271344192399
1108.9649419999048,531.6498740399728
1110.0882991418034,531.9606559521424
1111.1709790193527,532.25952610324
1112.212968201218,532.5465304559627
1113.2142533079898,532.8217149881496
1114.639831687753,533.2124302365626
1115.9737511630744,533.5768096658376
1117.2159672362877,533.9150086410667
1118.3664356730696,534.2271826025243
1119.4251125025735,534.513487065222
1120.3919540175568,534.7740776184626
1121.5381460542771,535.0818013327322
1122.5208958596213,535.3444573552082
1123.5193380614326,535.6099637398132
1124.4874819318864,535.8657145326122
1126.007313316685,536.2520528117268
1127.0043321959818,536.5018289608311
1127.9910579244752,536.7493226364696
1128.9674917931206,536.9945280246683
1130.8894891311008,537.4780506865003
1132.770334603214,537.9523504491652
1134.6100386552869,538.4173808272761
1136.4086117856543,538.8730953472754
1138.166064545136,539.3194475474927
1139.8824075370517,539.7563909782123
1141.5576514171833,540.1838792017244
1143.1918068937625,540.6018657923856
1144.7848847274722,541.0103043366826
1146.3368957314228,541.4091484332873
1147.8478507711393,541.7983516931181
1149.3177607645446,542.1778677393969
1150.7466366819508,542.547650207711
1152.1344895460466,542.9076527460709
1153.4813304318725,543.2578290149683
1154.78717046682,543.5981326874381
1156.0520208306073,543.9285174491143
1157.2758927552738,544.2489369982927
1158.458797525157,544.5593450459863
1159.6007464768854,544.8596953159879
1160.7017509993536,545.149941544924
1161.7618225337217,545.4300374823202
1162.780972573396,545.6999368906579
1163.759212664006,545.9595935454305
1165.1498920299919,546.329772280735
1166.4485894809054,546.6766449397495
1167.6553446438356,547.0000556812823
1168.770197409902,547.299848731518
1169.7931879341436,547.5758683844638
1171.0143483768952,547.906644754584
1172.0723665904186,548.1945118971379
1173.1656190133688,548.4934433435267
1174.1415124632438,548.7618880881985
1176.0023317961436,549.2906011839424
1176.9945714227829,549.5779726239673
1177.976717058137,549.862120017499
1178.948766882636,550.1430490668909
1179.9107190799293,550.4207654755228
1181.8043233436147,550.96658318915
1183.657515382836,551.4996188058873
1185.4702807828326,552.0199179895598
1187.2426051804248,552.5275264202436
1188.9744742640598,553.0224897942159
1190.6658737738135,553.5048538238915
1192.3167895014235,553.974664237768
1193.927207290286,554.4319667803633
1195.4971130354954,554.8768072121613
1197.0264926838443,555.3092313095494
1198.5153322338606,555.7292848647659
1199.9636177358068,556.137013685835
1201.371335291707,556.5324635965119
1202.7384710553717,556.9156804362264
1204.0650112323929,557.2867100600175
1205.3509420801845,557.6455983384816
1206.596249907996,557.9923911577126
1207.8009210769167,558.3271344192399
1208.9649419999048,558.6498740399728
1210.0882991418034,558.9606559521424
1211.1709790193527,559.25952610324
1212.212968201218,559.5465304559627
1213.2142533079898,559.8217149881496
1214.639831687753,560.2124302365626
1215.9737511630744,560.5768096658376
1217.2159672362877,560.9150086410667
1218.3664356730696,561.2271826025243
1219.4251125025735,561.513487065222
1220.3919540175568,561.7740776184626
1221.5381460542771,562.0818013327322
1222.5208958596213,562.3444573552082
1223.5193380614326,562.6099637398132
1224.4874819318864,562.8657145326122
1226.007313316685,563.2520528117268
1227.0043321959818,563.5018289608311
1227.9910579244752,563.7493226364696
1228.9674917931206,563.9945280246683
1230.8894891311008,564.4780506865003
1232.770334603214,564.9523504491652
1234.6100386552869,565.4173808272761
1236.4086117856543,565.8730953472754
1238.166064545136,566.3194475474927
1239.8824075370517,566.7563909782123
1241.5576514171833,567.1838792017244
1243.1918068937625,567.6018657923856
1244.7848847274722,568.0103043366826
1246.3368957314228,568.4091484332873
1247.8478507711393,568.7983516931181
1249.3177607645446,569.1778677393969
1250.7466366819508,569.547650207711
1252.1344895460466,569.9076527460709
1253.4813304318725,570.2578290149683
1254.78717046682,570.5981326874381
1256.0520208306073,570.9285174491143
1257.2758927552738,571.2489369982927
1258.458797525157,571.5593450459863
1259.6007464768854,571.8596953159879
1260.7017509993536,572.149941544924
1261.7618225337217,572.4300374823202
1262.780972573396,572.6999368906579
1263.759212664006,572.9595935454305
1265.1498920299919,573.329772280735
1266.4485894809054,573.6766449397495
1267.6553446438356,574.0000556812823
1268.770197409902,574.299848731518
1269.7931879341436,574.5758683844638
1271.0143483768952,574.906644754584
1272.0723665904186,575.1945118971379
1273.1656190133688,575.4934433435267
1274.1415124632438,575.7618880881985
1276.0023317961436,576.2906011839424
1276.9945714227829,576.5779726239673
1277.976717058137,576.862120017499
1278.948766882636,577.1430490668909
1279.9107190799293,577.4207654755228
1281.8043233436147,577.96658318915
1283.657515382836,578.4996188058873
1285.4702807828326,579.0199179895598
1287.2426051804248,579.5275264202436
1288.9744742640598,580.0224897942159
1290.6658737738135,580.5048538238915
1292.3167895014235,580.974664237768
1293.927207290286,581.4319667803633
1295.4971130354954,581.8768072121613
1297.0264926838443,582.3092313095494
1298.5153322338606,582.7292848647659
1299.9636177358068,583.137013685835
1301.371335291707,583.5324635965119
1302.7384710553717,583.9156804362264
1304.0650112323929,584.2867100600175
1305.3509420801845,584.6455983384816
1306.596249907996,584.9923911577126
1307.8009210769167,585.3271344192399
1308.9649419999048,585.6498740399728
1310.0882991418034,585.9606559521424
1311.1709790193527,586.25952610324
1312.212968201218,586.5465304559627
1313.2142533079898,586.8217149881496
1314.639831687753,587.2124302365626
1315.9737511630744,587.5768096658376
1317.2159672362877,587.9150086410667
1318.3664356730696,588.2271826025243
1319.4251125025735,588.513487065222
1320.3919540175568,588.7740776184626
1321.5381460542771,589.0818013327322
1322.5208958596213,589.3444573552082
1323.5193380614326,589.6099637398132
1324.4874819318864,589.8657145326122
1326.007313316685,590.2520528117268
1327.0043321959818,590.5018289608311
1327.9910579244752,590.7493226364696
1328.9674917931206,590.9945280246683
1330.8894891311008,591.4780506865003
1332.770334603214,591.9523504491652
1334.6100386552869,592.4173808272761
1336.4086117856543,592.8730953472754
1338.166064545136,593.3194475474927
1339.8824075370517,593.7563909782123
1341.5576514171833,594.1838792017244
1343.1918068937625,594.6018657923856
1344.7848847274722,595.0103043366826
1346.3368957314228,595.4091484332873
1347.8478507711393,595.7983516931181
1349.3177607645446,596.1778677393969
1350.7466366819508,596.547650207711
1352.1344895460466,596.9076527460709
1353.4813304318725,597.2578290149683
1354.78717046682,597.5981326874381
1356.0520208306073,597.9285174491143
1357.2758927552738,598.2489369982927
1358.458797525157,598.5593450459863
1359.6007464768854,598.8596953159879
1360.7017509993536,599.149941544924
1361.7618225337217,599.4300374823202
1362.780972573396,599.6999368906579
1363.759212664006,599.9595935454305
1365.1498920299919,600.329772280735
1366.4485894809054,600.6766449397495
1367.6553446438356,601.0000556812823
1368.770197409902,601.299848731518
1369.7931879341436,601.5758683844638
1371.0143483768952,601.906644754584
1372.0723665904186,602.1945118971379
1373.1656190133688,602.4934433435267
1374.1415124632438,602.7618880881985
1376.0023317961436,603.2906011839424
1376.9945714227829,603.5779726239673
1377.976717058137,603.862120017499
1378.948766882636,604.1430490668909
1379.9107190799293,604.4207654755228
1381.8043233436147,604.96658318915
1383.657515382836,605.4996188058873
1385.4702807828326,606.0199179895598
1387.2426051804248,606.5275264202436
1388.9744742640598,607.0224897942159
1390.6658737738135,607.5048538238915
1392.3167895014235,607.974664237768
1393.927207290286,608.4319667803633
1395.4971130354954,608.8768072121613
1397.0264926838443,609.3092313095494
1398.5153322338606,609.7292848647659
1399.9636177358068,610.137013685835
1401.371335291707,610.5324635965119
1402.7384710553717,610.9156804362264
1404.0650112323929,611.2867100600175
1405.3509420801845,611.6455983384816
1406.596249907996,611.9923911577126
1407.8009210769167,612.3271344192399
1408.9649419999048,612.6498740399728
1410.0882991418034,612.9606559521424
1411.1709790193527,613.25952610324
1412.212968201218,613.5465304559627
1413.2142533079898,613.8217149881496
1414.639831687753,614.2124302365626
1415.9737511630744,614.5768096658376
1417.2159672362877,614.9150086410667
1418.3664356730696,615.2271826025243
1419.4251125025735,615.513487065222
1420.3919540175568,615.7740776184626
1421.5381460542771,616.0818013327322
1422.5208958596213,616.3444573552082
1423.5193380614326,616.6099637398132
1424.4874819318864,616.8657145326122
1425.5050505050506,617.1313131313132
1426.5151515151515,617.3939393939394
1427.5252525252524,617.6565656565657
1428.5353535353536,617.9191919191919
1429.5454545454545,618.1818181818181
1430.5555555555557,618.4444444444445
1431.5656565656566,618.7070707070707
1432.5757575757575,618.969696969697
1433.5858585858587,619.2323232323232
1434.5959595959596,619.4949494949495
1435.6060606060605,619.7575757575758
1436.6161616161617,620.020202020202
1437.6262626262626,620.2828282828283
1438.6363636363637,620.5454545454545
1439.6464646464647,620.8080808080808
1440.6565656565656,621.070707070707
1441.6666666666667,621.3333333333334
1442.6767676767677,621.5959595959596
1443.6868686868686,621.8585858585859
1444.6969696969697,622.1212121212121
1445.7070707070707,622.3838383838383
1446.7171717171718,622.6464646464647
1447.7272727272727,622.9090909090909
1448.7373737373737,623.1717171717172
1449.7474747474748,623.4343434343434
1450.7575757575758,623.6969696969697
1451.7676767676767,623.959595959596
1452.7777777777778,624.2222222222222
1453.7878787878788,624.4848484848485
1454.79797979798,624.7474747474747
1455.8080808080808,625.010101010101
1456.8181818181818,625.2727272727273
1457.828282828283,625.5353535353536
1458.8383838383838,625.7979797979798
1459.8484848484848,626.060606060606
1460.858585858586,626.3232323232323
1461.8686868686868,626.5858585858585
1462.878787878788,626.8484848484849
1463.888888888889,627.1111111111111
1464.8989898989898,627.3737373737374
1465.909090909091,627.6363636363636
1466.919191919192,627.89898989899
1467.9292929292928,628.1616161616162
1468.939393939394,628.4242424242424
1469.949494949495,628.6868686868687
1470.959595959596,628.9494949494949
1471.969696969697,629.2121212121212
1472.979797979798,629.4747474747475
1473.989898989899,629.7373737373738
1475.0,630.0
1476.007313316685,630.2520528117268
1477.0043321959818,630.5018289608311
1477.9910579244752,630.7493226364696
1478.9674917931206,630.9945280246683
1480.8894891311008,631.4780506865003
1482.770334603214,631.9523504491652
1484.6100386552869,632.4173808272761
1486.4086117856543,632.8730953472754
1488.166064545136,633.3194475474927
1489.8824075370517,633.7563909782123
1491.5576514171833,634.1838792017244
1493.1918068937625,634.6018657923856
1494.7848847274722,635.0103043366826
1496.3368957314228,635.4091484332873
1497.8478507711393,635.7983516931181
1499.3177607645446,636.1778677393969
1500.7466366819508,636.547650207711
1502.1344895460466,636.9076527460709
1503.4813304318725,637.2578290149683
1504.78717046682,637.5981326874381
1506.0520208306073,637.9285174491143
1507.2758927552738,638.2489369982927
1508.458797525157,638.5593450459863
1509.6007464768854,638.8596953159879
1510.7017509993536,639.149941544924
1511.7618225337217,639.4300374823202
1512.780972573396,639.6999368906579
1513.759212664006,639.9595935454305
1515.1498920299919,640.329772280735
1516.4485894809054,640.6766449397495
1517.6553446438356,641.0000556812823
1518.770197409902,641.299848731518
1519.7931879341436,641.5758683844638
1521.0143483768952,641.906644754584
1522.0723665904186,642.1945118971379
1523.1656190133688,642.4934433435267
1524.1415124632438,642.7618880881985
1526.0023317961436,643.2906011839424
1526.9945714227829,643.5779726239673
1527.976717058137,643.862120017499
1528.948766882636,644.1430490668909
1529.9107190799293,644.4207654755228
1531.8043233436147,644.96658318915
1533.657515382836,645.4996188058873
1535.4702807828326,646.0199179895598
1537.2426051804248,646.5275264202436
1538.9744742640598,647.0224897942159
1540.6658737738135,647.5048538238915
1542.3167895014235,647.974664237768
1543.927207290286,648.4319667803633
1545.4971130354954,648.8768072121613
1547.0264926838443,649.3092313095494
1548.5153322338606,649.7292848647659
1549.9636177358068,650.137013685835
1551.371335291707,650.5324635965119
1552.7384710553717,650.9156804362264
1554.0650112323929,651.2867100600175
1555.3509420801845,651.6455983384816
1556.596249907996,651.9923911577126
1557.8009210769167,652.3271344192399
1558.9649419999048,652.6498740399728
1560.0882991418034,652.9606559521424
1561.1709790193527,653.25952610324
1562.212968201218,653.5465304559627
1563.2142533079898,653.8217149881496
1564.639831687753,654.2124302365626
1565.9737511630744,654.5768096658376
1567.2159672362877,654.9150086410667
1568.3664356730696,655.2271826025243
1569.4251125025735,655.513487065222
1570.3919540175568,655.7740776184626
1571.5381460542771,656.0818013327322
1572.5208958596213,656.3444573552082
1573.5193380614326,656.6099637398132
1574.4874819318864,656.8657145326122
1576.007313316685,657.2520528117268
1577.0043321959818,657.5018289608311
1577.9910579244752,657.7493226364696
1578.9674917931206,657.9945280246683
1580.8894891311008,658.4780506865003
1582.770334603214,658.9523504491652
1584.6100386552869,659.4173808272761
1586.4086117856543,659.8730953472754
1588.166064545136,660.3194475474927
1589.8824075370517,660.7563909782123
1591.5576514171833,661.1838792017244
1593.1918068937625,661.6018657923856
1594.7848847274722,662.0103043366826
1596.3368957314228,662.4091484332873
1597.8478507711393,662.7983516931181
1599.3177607645446,663.1778677393969
1600.7466366819508,663.547650207711
1602.1344895460466,663.9076527460709
1603.4813304318725,664.2578290149683
1604.78717046682,664.5981326874381
1606.0520208306073,664.9285174491143
1607.2758927552738,665.2489369982927
1608.458797525157,665.5593450459863
1609.6007464768854,665.8596953159879
1610.7017509993536,666.149941544924
1611.7618225337217,666.4300374823202
1612.780972573396,666.6999368906579
1613.759212664006,666.9595935454305
1615.1498920299919,667.329772280735
1616.4485894809054,667.6766449397495
1617.6553446438356,668.0000556812823
1618.770197409902,668.299848731518
1619.7931879341436,668.5758683844638
1621.0143483768952,668.906644754584
1622.0723665904186,669.1945118971379
1623.1656190133688,669.4934433435267
1624.1415124632438,669.7618880881985
1626.0023317961436,670.2906011839424
1626.9945714227829,670.5779726239673
1627.976717058137,670.862120017499
1628.948766882636,671.1430490668909
1629.9107190799293,671.4207654755228
1631.8043233436147,671.96658318915
1633.657515382836,672.4996188058873
1635.4702807828326,673.0199179895598
1637.2426051804248,673.5275264202436
1638.9744742640598,674.0224897942159
1640.6658737738135,674.5048538238915
1642.3167895014235,674.974664237768
1643.927207290286,675.4319667803633
1645.4971130354954,675.8768072121613
1647.0264926838443,676.3092313095494
1648.5153322338606,676.7292848647659
1649.9636177358068,677.137013685835
1651.371335291707,677.5324635965119
1652.7384710553717,677.9156804362264
1654.0650112323929,678.2867100600175
1655.3509420801845,678.6455983384816
1656.596249907996,678.9923911577126
1657.8009210769167,679.3271344192399
1658.9649419999048,679.6498740399728
1660.0882991418034,679.9606559521424
1661.1709790193527,680.25952610324
1662.212968201218,680.5465304559627
1663.2142533079898,680.8217149881496
1664.639831687753,681.2124302365626
1665.9737511630744,681.5768096658376
1667.2159672362877,681.9150086410667
1668.3664356730696,682.2271826025243
1669.4251125025735,682.513487065222
1670.3919540175568,682.7740776184626
1671.5381460542771,683.0818013327322
1672.5208958596213,683.3444573552082
1673.5193380614326,683.6099637398132
1674.4874819318864,683.8657145326122
1676.0183961302218,684.189185880728
1677.0261998647936,684.3786695163983
1678.023410010005,684.5684048893144
1679.0100255722245,684.7583459766525
1680.9514699728857,685.1386611847577
1682.85052911679,685.5192468961136
1684.707202253511,685.8997348457009
1686.521491832238,686.2797567758798
1688.293403501592,686.6589444641893
1690.0229461091988,687.0369297511434
1691.7101317010226,687.4133445680222
1693.3549755204547,687.7878209646568
1694.9574960071632,688.1599911372052
1696.517714795703,688.5294874559163
1698.0356567138797,688.895942492882
1699.5113497808782,689.2589890497728
1700.9448252051452,689.6182601855573
1702.336117382035,689.9733892442016
1703.6852638912121,690.3240098823468
1704.9923054938156,690.6697560969639
1706.2572861293804,691.0102622529821
1707.4802529125225,691.3451631108898
1708.6612561293805,691.6740938543061
1709.8003492338205,691.9966901175192
1710.897588843401,692.3125880129917
1711.9530347350992,692.6214241588298
1712.9667498407982,692.9228357062141
1713.9388002425362,693.2164603667899
1715.3189068184533,693.6415058924033
1716.6056711902813,694.0469991250933
1717.7993560944742,694.4317252701775
1718.9002400766328,694.7944730601741
1719.9086174441932,695.13403496053
1721.1097595149672,695.5486375239981
1722.147776471322,695.9170400582909
1723.2171681278016,696.3082683584793
1724.168139021888,696.6688978145528
1726.0253312399132,697.3649829093586
1727.0397306542804,697.7280308945091
1728.0432049266362,698.0891065652501
1729.0357608691213,698.4481725531978
1730.0174054216905,698.8051915134944
1730.9881456520318,699.1601261252457
1731.9479887554846,699.5129390919576
1732.896942054954,699.863593141973
1733.835013000826,700.2120510289077
1735.678538270198,700.9022294569806
1737.4786267129482,701.5831769271292
1739.2353425123752,702.2545964225503
1740.9487518827261,702.916191372594
1742.6189230660939,703.567665666649
1744.2459263292233,704.2087236680101
1745.8298339602193,704.8390702277198
1747.3707202651635,705.4584106983899
1748.8686615646336,706.0664509479983
1750.3237361901304,706.6628973736617
1751.736024480409,707.2474569153835
1753.1056087777185,707.8198370697772
1754.4325734239444,708.3797459037625
1755.7170047566606,708.926892068235
1756.9589911050857,709.4609848117097
1758.1586227859477,709.9817339939345
1759.3159920992541,710.4888500994771
1760.4311933239712,710.9820442512807
1761.5043227136073,711.4610282241921
1762.5354784917079,711.9255144584569
1763.5247608472546,712.3752160731849
1764.4722719299746,712.8098468797842
1765.8154456823358,713.4329110268666
1767.065228348539,714.0204632305393
1768.2219893505962,714.5715467750916
1769.286107910998,715.0852087870384
1770.2579730127577,715.5605003355128
1771.41097827856,716.1329024669976
1772.401659130812,716.6331828824639
1773.4132711870532,717.1537395614129
1774.4099282794896,717.6792165984567
1776.0468513010246,718.4694783658762
1777.0820554810173,718.9371315270963
1778.1056226784094,719.4028959262617
1779.1175633776938,719.8667080631781
1780.1178884098656,720.3285044958333
1781.1066089520996,720.7882218422895
1782.0837365274176,721.2457967825715
1783.0492830043438,721.7011660605533
1784.0032605965525,722.1542664858445
1784.9456818625038,722.6050349356726
1785.8765597050676,723.0534083567646
1786.7959073711422,723.4993237672264
1787.7037384512566,723.9427182584192
1789.4849069314416,724.821693225968
1791.2201807268477,725.6898315266036
1792.9096808898253,726.5466327193616
1794.5535339294186,727.3915977147796
1796.1518717962851,728.2242288343926
1797.704831866965,729.0440298700628
1799.212556927505,729.850506143132
1800.6751951564363,730.6431645633924
1802.0929001071113,731.4215136878684
1803.4658306893969,732.1850637794017
1804.7941511507306,732.933326865033
1806.0780310565438,733.6658167941732
1807.3176452700425,734.3820492965584
1808.5131739313665,735.0815420399789
1809.6648024361132,735.7638146877791
1810.7727214132349,736.4283889561183
1811.837126702316,737.0747886709869
1812.8582193302263,737.7025398249717
1813.8362054871563,738.3111706337625
1814.7712965020369,738.9002115923932
1815.6637088173472,739.4691955312124
1816.5136639633122,740.0176576715745
1817.7094865361041,740.80086184076
1818.8110774447712,741.5353025420355
1819.8192479201018,742.2194430945888
1820.7348342501239,742.8517603091198
1821.5586975557962,743.4307448963905
1822.5160360963096,744.1171806683658
1823.488928133776,744.832826977486
1824.3340166034527,745.4738769862477
1826.0612938088514,746.3540011343307
1827.1123656158397,746.7174066328452
1828.153012292359,747.0899908041083
1829.1830356913792,747.4715235704507
1830.2022427425181,747.8617705778518
1831.2104455443052,748.260493307932
1832.207461453978,748.6674491919366
1833.1931131747617,749.0823917266542
1834.167228840596,749.5050705922157
1835.1296420982665,749.9352317717166
1836.0801921869013,750.3726176726071
1837.018724014796,750.81696724979
1837.9450882335282,751.2680161303687
1838.8591413093286,751.7254967399862
1839.760745591672,752.1891384306929
1840.6497693790584,752.6586676102839
1842.3895787828387,753.6142801318327
1844.077637208742,754.5900916832734
1845.71311125598,755.5838210370382
1847.2952680277729,756.5931527194388
1848.823476532128,757.615741436209
1850.2972088878505,758.6492165550419
1851.7160413334745,759.6911866365571
1853.0796550371967,760.7392440050346
1854.387836706256,761.7909693501828
1855.6404789945964,762.8439363511417
1856.837580708038,763.8957163138871
1857.97924680656,764.9438828131688
1859.0656882036894,765.9860163301145
1860.0972213633856,767.019708876632
1861.0742676951863,768.0425685977731
1861.9973527487705,769.052224343263
1862.8671052094805,770.046330199457
1863.6842556967233,771.0225699730613
1864.449635367543,771.9786616180513
1865.1641743280393,772.912361597324
1865.8288998556654,773.8214691707478
1866.4449344358013,774.7038306014168
1867.0134936163593,775.5573432720657
1867.7801977167715,776.779058035103
1868.4478201798788,777.9246129936336
1869.0215651932422,778.9876784916054
1869.507040574907,779.9622795402579
1870.0274327236277,781.1145243160724
1870.4167440377641,782.0874669169251
1870.7437544643853,783.0352427042734
1871.1801647000652,784.4194487416161
1871.693940792374,785.6637332717646
1872.168361346465,786.885615037365
1872.604412914077,788.0834434638136
1873.0031512298344,789.2556113469361
1873.3656993076581,790.4005577509273
1873.6932454158673,791.5167708228652
1873.9870409346188,792.6027905187239
1874.2483980995526,793.6572112359702
1874.478687635706,794.6786843479961
1874.6793362859685,795.6659206358207
1874.9033254909039,796.9268659914239
1875.0809048275878,798.1220392608968
1875.2158707882463,799.248919460672
1875.3121564463283,800.305204495049
1875.3843107591192,801.5231460303257
1875.4105384635952,802.6240152723914
1875.393221137568,803.7864048620928
1875.3245544238555,804.9189031778532
1875.2116639993465,805.9134941441391
1875.0235579844157,806.9125519094355
